# Blender 5.2.0 LTS
# www.blender.org
mtllib elee.mtl
o Object_2
v 2.044173 1.612629 -0.886091
v 2.293972 1.626529 -0.955165
v 2.306657 1.315321 -0.873709
v 2.194556 1.297432 -0.835324
v 2.106489 1.958681 -1.019016
v 2.372904 1.948279 -1.030765
v 2.119682 1.275236 -0.765677
v 1.997342 1.478778 -0.774588
v 1.876404 1.593584 -0.766974
v 1.896104 1.747340 -0.844815
v 1.928741 2.005326 -0.946274
v 2.967441 2.605509 -0.334571
v 2.943809 2.775017 -0.490662
v 3.035331 2.810220 -0.392099
v 2.971497 2.710265 -0.310562
v 2.979255 2.565777 -0.471477
v 2.954245 2.731118 -0.584695
v 2.971569 2.585937 -0.122207
v 3.000781 2.379446 -0.122207
v 2.940870 2.392870 -0.255155
v 3.011497 2.359663 -0.374646
v 3.021620 2.721012 -0.122207
v 2.723324 1.657529 -0.479969
v 2.737737 1.657006 -0.593341
v 2.856822 1.965847 -0.602410
v 2.867340 1.998013 -0.497213
v 2.619179 1.339616 -0.543416
v 2.653669 1.336228 -0.618380
v 2.940397 2.024582 -0.388475
v 2.764313 1.767465 -0.368370
v 2.598204 1.507095 -0.435101
v 2.548112 1.305641 -0.496500
v 2.635622 1.602406 -0.366936
v -0.505450 2.236248 -0.384059
v -0.398495 2.015490 -0.356466
v -0.431514 2.043248 -0.205187
v -0.511890 2.231027 -0.205187
v -0.428958 2.075604 -0.592154
v -0.331250 1.915992 -0.494402
v -0.732779 2.423498 -0.205187
v -0.764751 2.462089 -0.314300
v -0.531282 2.487247 -0.516865
v -0.472135 2.405410 -0.632339
v -0.817423 2.541189 -0.483644
v -0.340779 1.746051 -0.687173
v -0.290604 1.712701 -0.590245
v -0.431845 2.401517 -0.787040
v -0.402817 2.080474 -0.785571
v -0.368124 1.754340 -0.837557
v 0.231535 1.796705 -0.272035
v 0.188971 1.809409 -0.389730
v 0.471555 1.735333 -0.511119
v 0.509230 1.713190 -0.378335
v -0.040956 1.846124 -0.248423
v -0.048786 1.848905 -0.346877
v 0.563129 1.713183 -0.276313
v 0.384035 1.746536 -0.223220
v 0.144262 1.750374 -0.451104
v 0.322047 1.725801 -0.531653
v 0.417898 1.770631 -0.619009
v 0.555056 1.740341 -0.661970
v 0.757364 1.647047 -0.609532
v 0.765516 1.656884 -0.481221
v 0.755011 1.687914 -0.734469
v 1.952240 1.562703 -0.345117
v 1.974547 1.552241 -0.223220
v 1.727813 1.585855 -0.223220
v 1.731658 1.602787 -0.342572
v 1.833742 1.575114 -0.508143
v 1.935371 1.522266 -0.552217
v 2.037740 1.524959 -0.454835
v 1.658999 1.606386 -0.491036
v 2.168889 1.517338 -0.405321
v 2.151653 1.528939 -0.311383
v 2.150989 1.519904 -0.223220
v 0.395646 1.721563 -0.803633
v 0.272761 1.416538 -0.742298
v 0.202965 1.423609 -0.834925
v 0.269896 1.722480 -0.912910
v 0.320243 2.043864 -1.045012
v 0.406040 2.049603 -0.929969
v 0.477924 2.037917 -0.796578
v 0.478391 1.851085 -0.719119
v 0.366795 1.639440 -0.642833
v 0.273041 1.398584 -0.638971
v -1.953576 2.673999 -0.592910
v -2.055606 2.728196 -0.545298
v -1.948650 2.955340 -0.576473
v -1.856725 2.905687 -0.626129
v -1.766200 2.881260 -0.632991
v -1.827580 2.725071 -0.635885
v -1.944171 2.546973 -0.619734
v -2.048995 2.413503 -0.625029
v -2.075891 2.454460 -0.565218
v -1.858118 2.611806 -0.671995
v -2.157916 2.504560 -0.537114
v -1.611284 3.124508 -0.806857
v -1.589726 3.088167 -0.787109
v -1.685326 3.026762 -0.703823
v -1.751340 3.098607 -0.751441
v -1.485344 3.209262 -0.848477
v -1.497696 3.082953 -0.816050
v -1.599440 3.307453 -0.817077
v -1.851113 2.476573 -0.781042
v -1.922302 2.470586 -0.763768
v -1.889987 2.539997 -0.722758
v -1.815400 2.539031 -0.756038
v -1.739277 2.484712 -0.760565
v -1.808685 2.406701 -0.787881
v -1.892218 2.365983 -0.763694
v -1.780612 2.288842 -0.601196
v -1.679013 2.383384 -0.592373
v -1.677197 2.384863 -0.471182
v -1.769089 2.306014 -0.464100
v -1.769185 2.338800 -0.716513
v -1.689476 2.421100 -0.703972
v -1.871721 2.281074 -0.451160
v -1.872683 2.244807 -0.536262
v -1.885348 2.261801 -0.597150
v -1.834070 2.287713 -0.636073
v -1.835292 2.320642 -0.709033
v -1.999345 2.444948 -0.711872
v -1.975431 2.355567 -0.713819
v -1.997510 2.324911 -0.650896
v -2.026304 2.299748 -0.538619
v -2.080713 2.273386 -0.520775
v -2.049652 2.217894 -0.430841
v -2.096163 2.084928 -0.420114
v -2.161360 2.102050 -0.490695
v -1.038137 3.829201 -0.503922
v -1.095158 3.771851 -0.660665
v -1.282114 3.842499 -0.607146
v -1.267762 3.884408 -0.448720
v -0.790565 3.749444 -0.397886
v -0.763329 3.643116 -0.541975
v -0.945228 3.653714 -0.640588
v -1.023583 3.654672 -0.707100
v -1.198804 2.866072 -0.790814
v -0.883410 2.924238 -0.823923
v -0.877628 2.794316 -0.779982
v -1.156083 2.737000 -0.728932
v -1.170171 3.020778 -0.865417
v -0.914751 3.055583 -0.856575
v -1.393106 2.933359 -0.786558
v -1.382939 3.045140 -0.845777
v -1.314208 2.665708 -0.689513
v -1.367256 2.753762 -0.707991
v -1.453272 2.834110 -0.715218
v -1.177638 3.440892 -0.806444
v -1.104036 3.492657 -0.826186
v -1.037053 3.342984 -0.803661
v -1.181824 3.320383 -0.799545
v -1.329592 3.378190 -0.805809
v -1.244289 3.488100 -0.819382
v -1.227743 3.599568 -0.896207
v -1.215282 2.445228 -0.273035
v -1.266160 2.428676 -0.341620
v -1.109946 2.455778 -0.417195
v -1.058920 2.465271 -0.305836
v -1.687182 2.284831 -0.283837
v -1.732875 2.243596 -0.321415
v -1.730233 2.188001 -0.201188
v -1.693889 2.256153 -0.239114
v -1.624367 2.362760 -0.295491
v -1.676585 2.360332 -0.369838
v -1.625849 2.356183 -0.209881
v -1.469132 2.610948 -0.634950
v -1.258058 2.562065 -0.675684
v -1.403515 2.477379 -0.593733
v -1.512764 2.587778 -0.460015
v -1.533774 2.642649 -0.468202
v -1.484541 2.657902 -0.613887
v -1.694022 2.488671 -0.122207
v -1.691671 2.403836 -0.122207
v -1.725379 2.397974 -0.224409
v -1.694022 2.488671 -0.203051
v 2.901058 2.233060 -0.733722
v 2.884739 2.231053 -0.815505
v 2.902856 2.461080 -0.754206
v 2.917295 2.248154 -0.657639
v 2.842987 1.948045 -0.712038
v 2.815606 1.941127 -0.822943
v 2.928590 2.912515 -0.563847
v 2.952735 2.969496 -0.431373
v -0.954453 2.471389 -0.432706
v -0.985718 2.486946 -0.580744
v -0.852848 2.587776 -0.649215
v -0.905439 2.455066 -0.320482
v -1.548264 2.574934 -0.584412
v -1.576538 2.621631 -0.671601
v -1.526414 2.727232 -0.668103
v -1.564322 2.570472 -0.456471
v -0.382530 0.015958 -0.719676
v -0.418106 0.115712 -0.702038
v -0.394665 0.124146 -0.805733
v -0.379025 0.017358 -0.799578
v -0.382530 0.015958 -0.719676
v -0.379025 0.017358 -0.799578
v -0.305454 0.012870 -0.743364
v -0.342183 0.013549 -0.657827
v -0.342183 0.013549 -0.657827
v -0.393275 0.098367 -0.599174
v 2.704469 0.016210 -0.626523
v 2.672116 0.015753 -0.562494
v 2.635136 0.012563 -0.628373
v 2.698858 0.012762 -0.697745
v 2.704469 0.016210 -0.626523
v 2.698858 0.012762 -0.697745
v 2.733234 0.108947 -0.719006
v 2.730184 0.103620 -0.622730
v 2.695024 0.101997 -0.533246
v 2.672116 0.015753 -0.562494
v 2.076758 0.010130 -0.590130
v 2.012112 0.069780 -0.566896
v 2.017101 0.066984 -0.671456
v 2.090329 0.009869 -0.656129
v 2.136306 0.009610 -0.547438
v 2.087681 0.053456 -0.477818
v 2.168568 0.008944 -0.622384
v -1.626423 3.741049 -0.495054
v -1.452583 3.836192 -0.419606
v -1.407809 3.840271 -0.599009
v -1.481971 3.798461 -0.647172
v -1.652808 3.743502 -0.284422
v -1.454814 3.851745 -0.229381
v -1.773554 3.528225 -0.458426
v -1.780986 3.567476 -0.302491
v -1.628006 3.637707 -0.641087
v -1.723590 3.451592 -0.604607
v -1.477779 3.742904 -0.718270
v -1.946601 2.512926 -0.684718
v 0.071571 0.010081 -0.707103
v 0.112859 0.010694 -0.676349
v 0.045835 0.010639 -0.604230
v 0.022822 0.010317 -0.698478
v 0.077593 0.009950 -0.753307
v 0.124641 0.009954 -0.768574
v 0.032635 0.010275 -0.779693
v -0.177791 0.012049 -0.839781
v -0.202960 0.012475 -0.907427
v -0.112778 0.012382 -0.937702
v -0.117379 0.011670 -0.832688
v -0.132157 0.011204 -0.737076
v -0.203823 0.011849 -0.774431
v -0.266519 0.012505 -0.835430
v 2.231321 0.008727 -0.751435
v 2.188953 0.010196 -0.811783
v 2.293411 0.009729 -0.855464
v 2.303973 0.008243 -0.751820
v 2.281109 0.008524 -0.668624
v 2.197547 0.008822 -0.694436
v 2.105120 0.009678 -0.740108
v 2.436320 0.008207 -0.635837
v 2.370446 0.009908 -0.648133
v 2.405338 0.008731 -0.735871
v 2.477076 0.008279 -0.691310
v 2.528881 0.009085 -0.626589
v 2.452288 0.008012 -0.576601
v 2.352692 0.011037 -0.558458
v 0.074013 0.010294 -0.844505
v -0.265902 1.911447 -0.223123
v -0.233114 1.901341 -0.342371
v -0.048786 1.848905 -0.346877
v -0.040956 1.846124 -0.248423
v -0.199234 1.826219 -0.448749
v -0.044995 1.783005 -0.432235
v -0.044995 1.783005 -0.432235
v -0.173636 1.669613 -0.517999
v -0.040403 1.668306 -0.485652
v -0.040403 1.668306 -0.485652
v 0.125578 1.647148 -0.468774
v 0.275516 1.629635 -0.525368
v -0.027896 1.471305 -0.509780
v 0.103174 1.464591 -0.489610
v 0.215166 1.445313 -0.536361
v 0.069255 1.103083 -0.519786
v 0.157617 1.099949 -0.563304
v 0.219114 1.097137 -0.642092
v 0.208141 1.097492 -0.741553
v 0.153182 0.732417 -0.562971
v 0.205449 0.733641 -0.641764
v 0.209336 0.736364 -0.736925
v 0.172722 0.735964 -0.824258
v 0.165966 1.097694 -0.834040
v 0.210119 0.436698 -0.637624
v 0.221944 0.438829 -0.746184
v 0.188561 0.449032 -0.841950
v 0.110369 0.457976 -0.898628
v 0.098021 0.727972 -0.882255
v 0.233999 0.280554 -0.757201
v 0.176806 0.299564 -0.861795
v 0.088266 0.290461 -0.927469
v -0.013189 0.297952 -0.937577
v 0.016781 0.466890 -0.912416
v 0.179841 0.178037 -0.905931
v 0.067824 0.199171 -0.969353
v -0.062315 0.214154 -0.980414
v -0.188186 0.231434 -0.960999
v -0.113464 0.312429 -0.907683
v 0.045983 0.102040 -1.005768
v -0.110496 0.116551 -1.030080
v -0.245092 0.141635 -1.009402
v -0.339965 0.143012 -0.920565
v -0.270380 0.232930 -0.886479
v -0.115726 0.023831 -1.032625
v -0.237860 0.035368 -1.013978
v -0.340873 0.033860 -0.916198
v -0.340873 0.033860 -0.916198
v -0.237860 0.035368 -1.013978
v -0.115726 0.023831 -1.032625
v 0.032804 0.021116 -0.990848
v 0.032804 0.021116 -0.990848
v -0.006899 0.011502 -0.910605
v 0.140406 0.014153 -0.907115
v -0.042304 0.011018 -0.813581
v -0.052315 0.010611 -0.711454
v -0.049857 0.010588 -0.607758
v -0.148965 0.011215 -0.632190
v -0.040208 0.012159 -0.492072
v -0.178718 0.012979 -0.514665
v -0.285715 0.013596 -0.572833
v -0.230341 0.011847 -0.681963
v -0.285715 0.013596 -0.572833
v -0.178718 0.012979 -0.514665
v -0.180316 0.070615 -0.454501
v -0.307181 0.082593 -0.514711
v -0.131369 0.183353 -0.467380
v -0.247595 0.187850 -0.521323
v -0.317546 0.205933 -0.602901
v -0.173904 0.309928 -0.533557
v -0.233571 0.304269 -0.599015
v -0.259389 0.317714 -0.685424
v -0.334434 0.218109 -0.695518
v -0.244148 0.320909 -0.773524
v -0.323957 0.225623 -0.791129
v -0.197720 0.322838 -0.855004
v -0.193550 0.475565 -0.766156
v -0.154665 0.475341 -0.847137
v -0.077716 0.470746 -0.897755
v -0.166245 0.708622 -0.865462
v -0.084477 0.714152 -0.907205
v 0.008422 0.720975 -0.909524
v -0.092372 1.070039 -0.919009
v 0.003211 1.079520 -0.925275
v 0.090739 1.093136 -0.895461
v -0.020793 1.438903 -0.958171
v 0.091492 1.435634 -0.909078
v -0.013091 1.756435 -0.995778
v 0.148202 1.727645 -0.959098
v -0.005016 2.091708 -1.026132
v 0.178122 2.066947 -1.040095
v -0.025731 2.431840 -1.032099
v 0.167489 2.442124 -1.082286
v 0.270966 2.426402 -1.088387
v 0.096239 2.800473 -1.060766
v 0.226128 2.817027 -1.084780
v 0.296394 2.767876 -1.060341
v 0.375124 2.417679 -1.065650
v 0.461364 2.370444 -0.988872
v 0.554762 2.305183 -1.052050
v 0.614075 2.000701 -0.849984
v 0.689500 2.313594 -1.086389
v 0.757255 1.984120 -0.946880
v 0.788781 1.836114 -0.838806
v 0.610931 1.853742 -0.759474
v 0.953544 2.053114 -1.028712
v 1.023339 1.823616 -0.936987
v 1.040883 1.654670 -0.837814
v 1.344260 1.832652 -0.944187
v 1.377554 1.653690 -0.844022
v 1.409141 1.583401 -0.701224
v 1.051524 1.578461 -0.716255
v 1.421250 1.595290 -0.507431
v 1.089879 1.601491 -0.552991
v 1.477309 1.609640 -0.336203
v 1.143679 1.634107 -0.313279
v 0.819657 1.669547 -0.293605
v -0.684511 3.732996 -0.122208
v -0.575666 3.750644 -0.122208
v -0.569559 3.785023 -0.252999
v -0.680378 3.776535 -0.245754
v -0.795457 3.803478 -0.235608
v -0.801254 3.747027 -0.122208
v -1.064522 3.896393 -0.216290
v -1.056923 3.821902 -0.122208
v -0.676864 3.731123 -0.381473
v -0.663253 3.638452 -0.514856
v -0.631247 3.484500 -0.613473
v -0.721555 3.473912 -0.628343
v -0.896073 3.454911 -0.691164
v -0.661019 3.274503 -0.670208
v -0.836278 3.233461 -0.731788
v -0.908635 3.207299 -0.810980
v -0.985678 3.450791 -0.748543
v -0.592910 3.052684 -0.666382
v -0.772609 3.001271 -0.714554
v -0.823540 2.973417 -0.798590
v -0.766406 2.727340 -0.640940
v -0.816391 2.694081 -0.734533
v -1.032863 2.565390 -0.697536
v -0.871859 2.716435 -0.750739
v -1.081492 2.652921 -0.717214
v -0.875065 2.755479 -0.765740
v -1.197967 2.458853 -0.638644
v -1.341389 2.392423 -0.521353
v -1.145861 2.442711 -0.529644
v -1.292284 2.401999 -0.416851
v -1.425561 2.377988 -0.338866
v -1.450526 2.354488 -0.399487
v -1.377619 2.401473 -0.205187
v -1.541242 2.313645 -0.314330
v -1.580084 2.300174 -0.368810
v -1.507231 2.379495 -0.474581
v -1.525876 2.323291 -0.205693
v -1.533657 2.463376 -0.192840
v -1.470270 2.603086 -0.182229
v -1.473802 2.601277 -0.320730
v -1.532832 2.484346 -0.320399
v -1.512764 2.587778 -0.460015
v -1.575587 2.474865 -0.412193
v -1.575587 2.474865 -0.412193
v -1.560695 2.437454 -0.500173
v -1.653087 2.317804 -0.408462
v -1.676585 2.360332 -0.369838
v -1.688987 2.214573 -0.344289
v -1.732875 2.243596 -0.321415
v -1.651041 2.227111 -0.307569
v -1.696053 2.150605 -0.207159
v -1.730233 2.188001 -0.201188
v -1.537646 2.672734 -0.186261
v -1.526803 2.674438 -0.319889
v -1.533774 2.642649 -0.468202
v -1.640059 2.579944 -0.174493
v -1.622146 2.596721 -0.328499
v -1.564322 2.570472 -0.456471
v -1.664192 2.492619 -0.332505
v -1.605399 2.476221 -0.453506
v -1.697881 2.395114 -0.347988
v -1.677197 2.384863 -0.471182
v -1.605399 2.476221 -0.453506
v -1.611709 2.474044 -0.580275
v -1.629563 2.508543 -0.682408
v -1.687292 2.578375 -0.729510
v -1.641878 2.682582 -0.689396
v -1.765263 2.622529 -0.712748
v -1.727141 2.724496 -0.666700
v -1.678666 2.854532 -0.641289
v -1.589688 2.796361 -0.666145
v -1.619044 2.981438 -0.708703
v -1.535435 2.918541 -0.731678
v -1.509985 3.003044 -0.774608
v -1.574276 3.021616 -0.743210
v -1.697881 2.395114 -0.347988
v -1.725379 2.397974 -0.224409
v -1.782829 2.344857 -0.233304
v -1.775576 2.336909 -0.359055
v -1.861797 2.318098 -0.234909
v -1.871282 2.310103 -0.362746
v -1.950004 2.291162 -0.233632
v -1.958571 2.288851 -0.338913
v -1.978083 2.286425 -0.447291
v -2.041424 2.225092 -0.335624
v -2.041179 2.224985 -0.238788
v -2.092760 2.096372 -0.241064
v -2.089489 2.089027 -0.333081
v -2.124835 1.954843 -0.221093
v -2.121520 1.943455 -0.313094
v -2.142169 1.941507 -0.397372
v -2.205358 1.944351 -0.462321
v -2.297670 1.956853 -0.476972
v -2.277638 2.098339 -0.501887
v -2.395580 1.975031 -0.446560
v -2.374246 2.117155 -0.471660
v -2.339541 2.306881 -0.484027
v -2.228028 2.286264 -0.522328
v -2.257402 2.549310 -0.487659
v -2.408491 2.325459 -0.413187
v -2.319471 2.581467 -0.409806
v -2.177804 2.822140 -0.406549
v -2.129116 2.779710 -0.490448
v -2.015779 3.057163 -0.422342
v -1.989151 3.011719 -0.510759
v -1.870770 3.310611 -0.452794
v -1.835808 3.254458 -0.570454
v -1.805459 3.183182 -0.663994
v -1.662807 3.361708 -0.704076
v -1.539232 3.552325 -0.720782
v -1.445287 3.541425 -0.790156
v -1.437260 3.672375 -0.774090
v -1.404460 3.601714 -0.810738
v -1.416314 3.408437 -0.848825
v -1.341604 3.161674 -0.859514
v -1.181006 3.144276 -0.858577
v -0.979998 3.189105 -0.851933
v -2.044058 3.089499 -0.306300
v -1.891735 3.347565 -0.306221
v -2.042297 3.087209 -0.122207
v -1.894834 3.340726 -0.122207
v -1.784254 3.557312 -0.122207
v -1.650520 3.744623 -0.122208
v -2.209543 2.848328 -0.122207
v -2.206621 2.845398 -0.306745
v -2.354532 2.596608 -0.313814
v -2.361788 2.600430 -0.122207
v -2.443455 2.334835 -0.320104
v -2.451613 2.337197 -0.122207
v -2.490304 2.164700 -0.278397
v -2.496671 2.140200 -0.122207
v -2.505445 2.011801 -0.254815
v -2.502434 2.004363 -0.122207
v -2.451646 2.154639 -0.388612
v -2.467937 1.998556 -0.366218
v -2.088462 2.109726 -0.122207
v -2.132014 1.953712 -0.122207
v -2.038843 2.247561 -0.122207
v -1.955916 2.308765 -0.122207
v -1.855555 2.323019 -0.122207
v -1.766368 2.350633 -0.122207
v -1.691671 2.403836 -0.122207
v -0.550738 2.768386 -0.602853
v -0.498274 3.048159 -0.731140
v -0.488043 2.730834 -0.697898
v -0.427731 3.039511 -0.824303
v -0.439044 2.720868 -0.811570
v -0.354750 3.062610 -0.910798
v -0.352407 2.739582 -0.925343
v -0.368479 2.418761 -0.934537
v -0.216753 2.738426 -0.983563
v -0.216573 2.419980 -0.987448
v -0.200723 2.095598 -0.993655
v -0.350172 2.088336 -0.934030
v -0.170977 1.762441 -0.981585
v -0.299231 1.755440 -0.937030
v -0.132378 1.432572 -0.953319
v -0.234691 1.420290 -0.917007
v -0.300802 1.418179 -0.832811
v -0.294155 1.431916 -0.729128
v -0.180163 1.062640 -0.882590
v -0.232546 1.063516 -0.803051
v -0.240471 1.076113 -0.707403
v -0.195952 1.093967 -0.623870
v -0.242622 1.445767 -0.631133
v -0.209345 0.709158 -0.784643
v -0.228388 0.714584 -0.694253
v -0.190438 0.725119 -0.611731
v -0.113562 0.729627 -0.558580
v -0.118520 1.106737 -0.566440
v -0.213374 0.473347 -0.679574
v -0.191674 0.469586 -0.596214
v -0.125308 0.461074 -0.538443
v -0.039493 0.448992 -0.507340
v -0.026706 0.732013 -0.523593
v -0.081075 0.284673 -0.492860
v -0.081075 0.284673 -0.492860
v 0.033009 0.295586 -0.487909
v 0.057928 0.444892 -0.506088
v -0.039493 0.448992 -0.507340
v -0.131369 0.183353 -0.467380
v 0.006301 0.177922 -0.454592
v 0.148044 0.163513 -0.491738
v 0.148767 0.279360 -0.527115
v -0.180316 0.070615 -0.454501
v -0.022970 0.063873 -0.431047
v 0.139669 0.067061 -0.471853
v 0.249538 0.070793 -0.613511
v 0.247262 0.165298 -0.616507
v -0.040208 0.012159 -0.492072
v 0.087445 0.012211 -0.548161
v 0.201103 0.011651 -0.630886
v 0.223201 0.013745 -0.791246
v 0.266465 0.079432 -0.793364
v 0.201103 0.011651 -0.630886
v 0.087445 0.012211 -0.548161
v 0.223201 0.013745 -0.791246
v 0.174220 0.087310 -0.928281
v 0.257276 0.171931 -0.775860
v 0.140406 0.014153 -0.907115
v 0.224615 0.279449 -0.629939
v 0.153937 0.437899 -0.545129
v 0.067869 0.733003 -0.523119
v -0.028591 1.107809 -0.527457
v -0.026706 0.732013 -0.523593
v -0.028591 1.107809 -0.527457
v -0.027896 1.471305 -0.509780
v -0.148004 1.460626 -0.556733
v -0.178718 0.012979 -0.514665
v -0.054391 2.754868 -1.012264
v -0.259614 3.081927 -0.962659
v -0.134978 3.101458 -0.972495
v 0.022282 3.140895 -0.962491
v -0.207356 3.433537 -0.849142
v -0.056097 3.446243 -0.842173
v 0.176954 3.470407 -0.827679
v 0.257430 3.172961 -0.964663
v 0.525892 2.634777 -1.084890
v 0.408989 2.580138 -1.006413
v 0.302843 2.951169 -1.041963
v 0.405775 2.950577 -1.051350
v 0.642926 2.655031 -1.095093
v 0.606960 2.949420 -1.069700
v 0.854937 2.980359 -1.115137
v 0.867994 2.681216 -1.155841
v 0.881633 2.363360 -1.119239
v 1.204585 2.699882 -1.243922
v 1.238006 2.405316 -1.204296
v 1.291086 2.092650 -1.097155
v 1.570164 2.395492 -1.228081
v 1.587399 2.079127 -1.051662
v 1.586621 1.805348 -0.880597
v 1.772371 2.047469 -0.990386
v 1.752100 1.806392 -0.862265
v 1.759138 1.617126 -0.778414
v 1.611340 1.635665 -0.804815
v 1.768035 1.575213 -0.654305
v 1.633255 1.588980 -0.661953
v 1.873396 1.541174 -0.665639
v 1.978991 1.425999 -0.677673
v 1.996731 1.442940 -0.587917
v 2.080140 1.436877 -0.508894
v 2.081688 1.229219 -0.678795
v 2.080687 1.256685 -0.592790
v 2.147607 1.268886 -0.522533
v 2.236912 1.282173 -0.470629
v 2.195074 1.424474 -0.452374
v 2.198761 0.975873 -0.581574
v 2.240194 1.000124 -0.515941
v 2.302111 1.022225 -0.468464
v 2.376170 1.033661 -0.447524
v 2.347450 1.298123 -0.453017
v 2.260217 0.634302 -0.484464
v 2.329601 0.631260 -0.433478
v 2.408375 0.631683 -0.401872
v 2.408375 0.631683 -0.401872
v 2.490367 0.633927 -0.417428
v 2.453790 1.032990 -0.467200
v 2.376170 1.033661 -0.447524
v 2.300225 0.342653 -0.434111
v 2.394577 0.343157 -0.401887
v 2.394577 0.343157 -0.401887
v 2.494172 0.350225 -0.412938
v 2.582265 0.356771 -0.452623
v 2.565091 0.637239 -0.458736
v 2.366481 0.204558 -0.402148
v 2.491844 0.203692 -0.408500
v 2.597860 0.206420 -0.453965
v 2.674681 0.211020 -0.522027
v 2.655074 0.357608 -0.511031
v 2.497804 0.103803 -0.399303
v 2.618614 0.102251 -0.452436
v 2.502942 0.021975 -0.415969
v 2.613994 0.020056 -0.478910
v 2.613994 0.020056 -0.478910
v 2.502942 0.021975 -0.415969
v 2.484343 0.008630 -0.491960
v 2.578419 0.010145 -0.550069
v 2.590777 0.011081 -0.703123
v 2.531545 0.009005 -0.772394
v 2.589456 0.016849 -0.861719
v 2.666965 0.013716 -0.785402
v 2.666965 0.013716 -0.785402
v 2.589456 0.016849 -0.861719
v 2.588714 0.111415 -0.882451
v 2.681472 0.111235 -0.808622
v 2.567132 0.205962 -0.862554
v 2.649162 0.209218 -0.791080
v 2.697062 0.213646 -0.706251
v 2.621823 0.337547 -0.773040
v 2.661795 0.343792 -0.689276
v 2.679538 0.353493 -0.598582
v 2.699953 0.211790 -0.613223
v 2.639414 0.630834 -0.675760
v 2.661443 0.636797 -0.594222
v 2.630183 0.639109 -0.514415
v 2.622868 1.007559 -0.619386
v 2.593559 1.017095 -0.546839
v 2.530269 1.026338 -0.496620
v 2.455012 1.275741 -0.463864
v 2.466778 1.449736 -0.430986
v 2.333195 1.440798 -0.432323
v 2.347450 1.298123 -0.453017
v 2.473691 1.541640 -0.371697
v 2.314804 1.535597 -0.395349
v 2.333195 1.440798 -0.432323
v 2.314804 1.535597 -0.395349
v 2.475990 1.554924 -0.306796
v 2.311783 1.530840 -0.311659
v 2.311783 1.530840 -0.311659
v 2.478407 1.548883 -0.229121
v 2.312010 1.524709 -0.230041
v 2.312010 1.524709 -0.230041
v 2.485604 1.537497 -0.122207
v 2.315436 1.513933 -0.122207
v 2.315436 1.513933 -0.122207
v 2.157878 1.505754 -0.122207
v 2.658240 1.602898 -0.122207
v 2.649480 1.603931 -0.227543
v 2.816082 1.750363 -0.225890
v 2.808257 1.761918 -0.122207
v 2.777257 1.763422 -0.297235
v 2.958377 2.044978 -0.315785
v 2.928683 2.067835 -0.237376
v 2.942198 2.044418 -0.122207
v 2.632250 1.620166 -0.297602
v 2.975905 2.351876 -0.474436
v 2.971360 2.315893 -0.558585
v 2.965080 2.493694 -0.681765
v 2.958780 2.556427 -0.588916
v 2.945868 2.701096 -0.694013
v 2.925900 2.611937 -0.791222
v 2.849172 2.697991 -0.891773
v 2.893659 2.807339 -0.795396
v 2.881693 2.464145 -0.862461
v 2.775276 2.517625 -0.950105
v 2.618585 2.546997 -1.020223
v 2.701864 2.746502 -0.973856
v 2.813323 2.238521 -0.909349
v 2.704140 2.272160 -0.972491
v 2.500089 2.276323 -1.037141
v 2.242697 2.298204 -1.089626
v 2.382605 2.586259 -1.088441
v 2.604533 1.959960 -0.967130
v 2.737259 1.952198 -0.914520
v 2.621715 1.637849 -0.886809
v 2.488877 1.646044 -0.936562
v 2.521364 1.327009 -0.850018
v 2.419199 1.327801 -0.873641
v 2.512614 0.989089 -0.811899
v 2.434731 0.984227 -0.827369
v 2.356210 0.976728 -0.824705
v 2.283781 0.969234 -0.791983
v 2.461605 0.628616 -0.830437
v 2.380140 0.625798 -0.818228
v 2.304630 0.627453 -0.777528
v 2.237516 0.630618 -0.725363
v 2.227845 0.964405 -0.735213
v 2.351475 0.346485 -0.844515
v 2.257160 0.358057 -0.812014
v 2.194471 0.365641 -0.742677
v 2.166794 0.369719 -0.655611
v 2.211396 0.633454 -0.643973
v 2.202485 0.248972 -0.848943
v 2.133517 0.258826 -0.766218
v 2.104205 0.265237 -0.667389
v 2.115764 0.265036 -0.569927
v 2.171423 0.367958 -0.565207
v 2.074597 0.162604 -0.782867
v 2.036896 0.167797 -0.671213
v 2.051042 0.165071 -0.571660
v 2.107709 0.157744 -0.481546
v 2.167435 0.251535 -0.483491
v 2.017101 0.066984 -0.671456
v 2.012112 0.069780 -0.566896
v 2.087681 0.053456 -0.477818
v 2.252606 0.222772 -0.430044
v 2.223070 0.351126 -0.489227
v 2.205484 0.126553 -0.424866
v 2.347096 0.111242 -0.393296
v 2.366481 0.204558 -0.402148
v 2.200024 0.038149 -0.425651
v 2.346223 0.028655 -0.400120
v 2.346223 0.028655 -0.400120
v 2.347096 0.111242 -0.393296
v 2.346223 0.028655 -0.400120
v 2.200024 0.038149 -0.425651
v 2.216657 0.012142 -0.499611
v 2.347641 0.011467 -0.475924
v 2.246716 0.009982 -0.585866
v 2.218293 0.635283 -0.557937
v 2.197071 0.964927 -0.661592
v 2.047957 0.060581 -0.781573
v 2.148605 0.157791 -0.891286
v 2.125944 0.048065 -0.900192
v 2.047957 0.060581 -0.781573
v 2.125944 0.048065 -0.900192
v 2.285383 0.132250 -0.933028
v 2.280038 0.033472 -0.940425
v 2.280038 0.033472 -0.940425
v 2.449862 0.117521 -0.930806
v 2.462674 0.022616 -0.923367
v 2.462674 0.022616 -0.923367
v 2.442021 0.009647 -0.833532
v 2.314611 0.220141 -0.883925
v 2.447232 0.210865 -0.897598
v 2.454139 0.332229 -0.853720
v 2.550462 0.332096 -0.832738
v 2.540227 0.632591 -0.811530
v 2.600798 0.632174 -0.754494
v 2.572723 0.993047 -0.762249
v 2.615764 0.999061 -0.696192
v 2.599824 1.325077 -0.793560
v 2.649195 1.327493 -0.717518
v 2.714063 1.630483 -0.818490
v 2.744471 1.642229 -0.705077
v 2.101667 2.629684 -1.152766
v 2.167025 2.895098 -1.102862
v 2.482445 2.821660 -1.052830
v 2.014792 2.349225 -1.102767
v 1.812755 2.375863 -1.161806
v 1.823075 2.663224 -1.244992
v 1.538594 2.689859 -1.291698
v 1.541511 2.986972 -1.223691
v 1.852243 2.952070 -1.190743
v 1.604433 3.311814 -1.052141
v 1.929580 3.258187 -1.040400
v 2.250296 3.148472 -1.006179
v 2.034527 3.520484 -0.904954
v 2.351374 3.334733 -0.887117
v 2.660878 3.118460 -0.842016
v 2.574537 2.992514 -0.969471
v 2.826186 2.984585 -0.772609
v 2.763716 2.883649 -0.893090
v 2.918808 2.871023 -0.679730
v 2.854615 3.041548 -0.619343
v 2.718895 3.201849 -0.677763
v 2.737534 3.248565 -0.505545
v 2.879310 3.080268 -0.467133
v 2.763299 3.280066 -0.334374
v 2.909353 3.133105 -0.333850
v 3.032026 3.042013 -0.269434
v 2.545432 3.566156 -0.210308
v 2.212584 3.843790 -0.241334
v 2.204150 3.831992 -0.122208
v 2.505566 3.579180 -0.122208
v 2.755688 3.290096 -0.210307
v 2.524578 3.556771 -0.348967
v 2.190864 3.813829 -0.385912
v 1.779563 3.897645 -0.387205
v 1.783745 3.936610 -0.270377
v 2.480702 3.514625 -0.516257
v 2.158290 3.757817 -0.546809
v 1.765520 3.834353 -0.526544
v 1.307536 3.819359 -0.493728
v 1.302945 3.883842 -0.366693
v 2.116710 3.681865 -0.735770
v 1.741160 3.743223 -0.683142
v 1.299832 3.740463 -0.654109
v 0.864692 3.692061 -0.653257
v 0.868639 3.779186 -0.500145
v 1.693665 3.572298 -0.852459
v 1.271665 3.580589 -0.850296
v 0.853843 3.538378 -0.836927
v 0.482236 3.488184 -0.797876
v 0.480738 3.659081 -0.652256
v 1.231054 3.329236 -1.054502
v 0.847646 3.290238 -1.005015
v 0.505532 3.235299 -0.949609
v 1.208774 3.003231 -1.191073
v 0.182210 3.676919 -0.702354
v 0.192440 3.803376 -0.560610
v 0.481309 3.757060 -0.511576
v 0.189764 3.872793 -0.417718
v 0.482709 3.816927 -0.386841
v 0.866104 3.829988 -0.367150
v 0.483116 3.833704 -0.263229
v 0.862666 3.838871 -0.262487
v 1.291820 3.909173 -0.267869
v 0.861048 3.833091 -0.122208
v 1.292843 3.899929 -0.122208
v 1.780584 3.919757 -0.122208
v -0.346258 3.858289 -0.122208
v -0.206987 3.917659 -0.122208
v -0.194059 3.910650 -0.268903
v -0.331615 3.867131 -0.266108
v -0.458745 3.818444 -0.260116
v -0.465270 3.795733 -0.122208
v -0.345389 3.851878 -0.442262
v -0.461579 3.795178 -0.413691
v -0.568459 3.750766 -0.388472
v -0.468181 3.723022 -0.562374
v -0.564474 3.662798 -0.522696
v -0.441627 3.574452 -0.671782
v -0.546058 3.517674 -0.635920
v -0.411540 3.358854 -0.790932
v -0.492227 3.308523 -0.747314
v -0.570196 3.288632 -0.697406
v -0.330770 3.632390 -0.708682
v -0.319233 3.413926 -0.833783
v -0.206739 3.669133 -0.735727
v -0.353397 3.783793 -0.595370
v -0.206358 3.830756 -0.614431
v -0.023885 3.835336 -0.602310
v -0.037586 3.682627 -0.733503
v -0.198763 3.911357 -0.455958
v -0.019756 3.918010 -0.450198
v -0.029246 3.910474 -0.266975
v 0.175158 3.885621 -0.262774
v -0.026857 3.926193 -0.122208
v 0.185496 3.880552 -0.122208
v 0.484304 3.827746 -0.122208
v 2.424030 3.438303 -0.716125
v -1.276321 3.916385 -0.223344
v -1.290409 3.876101 -0.122208
v -1.474375 3.827183 -0.122208
v -0.847131 2.460431 -0.205187
v -1.999717 2.273129 -0.530289
v -1.951181 2.265964 -0.597100
v 2.953601 3.169918 -0.122207
v 3.039585 3.091376 -0.122207
v 2.980699 3.163240 -0.217519
v 2.811721 3.299520 -0.122207
v 1.167367 1.640206 -0.122207
v 0.824170 1.686792 -0.122207
v 0.822460 1.690303 -0.223220
v 1.164325 1.646455 -0.223220
v 1.972034 1.530981 -0.122207
v 1.729192 1.563944 -0.122207
v 1.514783 1.593048 -0.122207
v 1.510391 1.602068 -0.223220
v 0.589404 1.718659 -0.122207
v 0.384035 1.746536 -0.122207
v 0.587214 1.713180 -0.230724
v 0.231535 1.796705 -0.122207
v -0.431514 2.043248 -0.122207
v -0.511890 2.231027 -0.122207
v -0.732779 2.423498 -0.122207
v -0.040956 1.846124 -0.122207
v -0.265902 1.911447 -0.122207
v -0.040956 1.846124 -0.122207
v -0.847131 2.460431 -0.122207
v -1.058051 2.460431 -0.122207
v -1.058051 2.460431 -0.205187
v -1.221154 2.460431 -0.122207
v -1.377619 2.401473 -0.122207
v -1.221154 2.460431 -0.205187
v -1.526952 2.322117 -0.122207
v -1.700244 2.146034 -0.122207
v -1.730517 2.186170 -0.122207
v -1.730517 2.186170 -0.122207
v -1.693889 2.256153 -0.122207
v -1.625849 2.356183 -0.122207
v -1.640059 2.579944 -0.122207
v -1.537646 2.672734 -0.122207
v -1.533657 2.463376 -0.122207
v -1.470270 2.603086 -0.122207
v -1.622182 2.225353 -0.122207
v -1.619394 2.228393 -0.206499
v -1.628225 2.227742 -0.247525
v 3.069388 2.797546 -0.122207
v 3.099592 2.904854 -0.259114
v 3.121076 2.876757 -0.122207
v -2.153031 1.821064 -0.197297
v -2.183426 1.659344 -0.194271
v -2.183690 1.612358 -0.266255
v -2.151204 1.791244 -0.283822
v -2.520638 1.714647 -0.122207
v -2.521178 1.663354 -0.220246
v -2.513765 1.407809 -0.213016
v -2.516772 1.424840 -0.122207
v -2.506088 1.907025 -0.122207
v -2.513765 1.871824 -0.232419
v -2.479488 1.840556 -0.335337
v -2.487947 1.642653 -0.311984
v -2.419621 1.645859 -0.378803
v -2.414008 1.397416 -0.357475
v -2.474124 1.396404 -0.301195
v -2.405857 1.830696 -0.407598
v -2.320125 1.809453 -0.432817
v -2.334145 1.653664 -0.403934
v -2.254371 1.615768 -0.385059
v -2.263388 1.401478 -0.365135
v -2.338161 1.403497 -0.380572
v -2.232858 1.788744 -0.416208
v -2.175550 1.784511 -0.360953
v -2.201388 1.605484 -0.337835
v -2.192157 1.402213 -0.255310
v -2.211694 1.395964 -0.319488
v -2.181524 1.171358 -0.249944
v -2.201612 1.165229 -0.305941
v -2.253359 1.161557 -0.342111
v -2.172432 0.938021 -0.278673
v -2.214629 0.928426 -0.309360
v -2.275638 0.915604 -0.318063
v -2.327462 1.160537 -0.350407
v -2.346404 0.898094 -0.304758
v -2.383254 1.148336 -0.333776
v -2.393152 0.889977 -0.268064
v -2.440005 1.143507 -0.287156
v -2.413550 0.887532 -0.211691
v -2.471694 1.145253 -0.208469
v -2.413714 0.887536 -0.122207
v -2.472924 1.149932 -0.122207
v -2.183455 1.178878 -0.182935
v -2.167758 0.943624 -0.168667
v -2.167187 0.942424 -0.228971
v -2.191717 1.418847 -0.183595
v -2.124199 0.717679 -0.162512
v -2.124853 0.720814 -0.213838
v -2.134670 0.714835 -0.254205
v -2.074604 0.558497 -0.199899
v -2.077672 0.557640 -0.240681
v -2.102626 0.542862 -0.265519
v -2.162740 0.699628 -0.282294
v -2.140486 0.520819 -0.276497
v -2.210841 0.680724 -0.288599
v -2.185893 0.491801 -0.274294
v -2.265047 0.650059 -0.275277
v -2.231986 0.463568 -0.241388
v -2.306073 0.634121 -0.246033
v -2.245889 0.443359 -0.188429
v -2.327140 0.628016 -0.200293
v -2.224962 0.411372 -0.122207
v -2.327489 0.628041 -0.122207
v -2.072342 0.550328 -0.156237
v -1.996938 0.428564 -0.153801
v -1.990371 0.432490 -0.204855
v -2.003048 0.424520 -0.242800
v -2.035396 0.402885 -0.255532
v -2.066361 0.379372 -0.254625
v -2.093957 0.355423 -0.245055
v -2.115826 0.334053 -0.222977
v -2.126887 0.322155 -0.188001
v -2.126935 0.322101 -0.122207
v -2.155859 1.853456 -0.122207
v -2.183576 1.664934 -0.122207
v -2.200911 1.429293 -0.122207
v -2.196872 1.184729 -0.122207
v -2.171878 0.940285 -0.122207
v -2.123474 0.700353 -0.122207
v -2.062365 0.510494 -0.122207
v -1.996938 0.428564 -0.122207
v -1.941287 0.407603 -0.149536
v -1.935578 0.412697 -0.193210
v -1.946524 0.402480 -0.227108
v -1.974211 0.375132 -0.244935
v -2.000186 0.346201 -0.250448
v -2.022770 0.317477 -0.244479
v -2.040216 0.292367 -0.222977
v -2.048835 0.278596 -0.188001
v -2.048872 0.278534 -0.122207
v -1.941287 0.407603 -0.122207
v -1.880723 0.393478 -0.144768
v -1.877487 0.399759 -0.181796
v -1.884374 0.387826 -0.208739
v -1.900765 0.356132 -0.219760
v -1.914935 0.323695 -0.223370
v -1.925957 0.292556 -0.220358
v -1.933364 0.266073 -0.205949
v -1.936402 0.251795 -0.178101
v -1.936018 0.251507 -0.122207
v -1.880528 0.393367 -0.122207
v -1.838143 0.391157 -0.143224
v -1.838691 0.397366 -0.178821
v -1.840675 0.386108 -0.203800
v -1.842715 0.356357 -0.211116
v -1.842227 0.326740 -0.210693
v -1.839260 0.299149 -0.204489
v -1.834708 0.276282 -0.189892
v -1.830991 0.264151 -0.166569
v -1.829403 0.263685 -0.122207
v -1.837370 0.390954 -0.122207
v -1.781912 0.417494 -0.141419
v -1.782460 0.423703 -0.173181
v -1.784444 0.412445 -0.195469
v -1.786484 0.382694 -0.201997
v -1.785996 0.353077 -0.201620
v -1.783029 0.325485 -0.196084
v -1.778477 0.302619 -0.183060
v -1.774760 0.290488 -0.162249
v -1.773172 0.290022 -0.122207
v -1.781139 0.417291 -0.122207
v -1.750448 0.426668 -0.139286
v -1.752280 0.431614 -0.168006
v -1.751866 0.422047 -0.188158
v -1.747642 0.397410 -0.194061
v -1.740978 0.373391 -0.193720
v -1.732316 0.351521 -0.188714
v -1.723092 0.333817 -0.176938
v -1.716927 0.324687 -0.158120
v -1.715278 0.324628 -0.122207
v -1.749650 0.426659 -0.122207
v -1.716162 0.361015 -0.188714
v -1.702118 0.346828 -0.176938
v -1.693530 0.339928 -0.158120
v -1.691937 0.340359 -0.122207
v -1.705577 0.373830 -0.188714
v -1.689144 0.362496 -0.176938
v -1.679425 0.357310 -0.158120
v -1.677940 0.358029 -0.122207
v 3.250150 2.975984 -0.122207
v 3.211791 2.955247 -0.258446
v 3.171560 2.859578 -0.248127
v 3.169044 2.836698 -0.122207
v 3.334819 2.829443 -0.122207
v 3.300000 2.826626 -0.228696
v 3.239611 2.769479 -0.220429
v 3.230378 2.753515 -0.122207
v 3.310210 2.428156 -0.122207
v 3.283138 2.426282 -0.201768
v 3.236184 2.388267 -0.194434
v 3.229005 2.377648 -0.122207
v 3.141851 1.436639 -0.157450
v 3.089971 1.219101 -0.148996
v 3.085876 1.219278 -0.122207
v 3.137183 1.434807 -0.122207
v 3.172385 1.443199 -0.164784
v 3.116751 1.218470 -0.156330
v 3.189990 1.443522 -0.122207
v 3.132192 1.218439 -0.122207
v 3.189515 1.752999 -0.169745
v 3.184012 1.748246 -0.122207
v 3.225508 1.770016 -0.177079
v 3.246260 1.770855 -0.122207
v 3.209064 2.135519 -0.183891
v 3.201207 2.132339 -0.122207
v 3.249871 2.136311 -0.191225
v 3.266653 2.124012 -0.122207
v -1.095158 3.771851 -0.660665
v -1.027731 3.777033 -0.902202
v -1.161358 3.854389 -0.835583
v -1.282114 3.842499 -0.607146
v -1.023583 3.654672 -0.707100
v -0.970092 3.646302 -0.917383
v -1.407809 3.840271 -0.599009
v -1.298528 3.968610 -0.679606
v -1.327494 3.923162 -0.757711
v -1.481971 3.798461 -0.647172
v -1.357500 3.838747 -0.816615
v -1.477779 3.742904 -0.718270
v -1.437260 3.672375 -0.774090
v -1.347293 3.756109 -0.857691
v -1.333629 3.715486 -0.897401
v -1.404460 3.601714 -0.810738
v -1.298528 3.968610 -0.679606
v -1.407809 3.840271 -0.599009
v -1.227743 3.599568 -0.896207
v -0.883410 2.924238 -0.823923
v -0.849294 2.885104 -0.900053
v -0.846566 2.709059 -0.839215
v -0.877628 2.794316 -0.779982
v -0.914751 3.055583 -0.856575
v -0.869996 3.034993 -0.935392
v -0.908635 3.207299 -0.810980
v -0.816295 3.226688 -0.860122
v -0.917600 3.476851 -0.846079
v -0.985678 3.450791 -0.748543
v -0.823540 2.973417 -0.798590
v -0.739002 2.970114 -0.834035
v -0.816391 2.694081 -0.734533
v -0.788153 2.656978 -0.795711
v -0.875065 2.755479 -0.765740
v -0.809916 2.659328 -0.806627
v -0.871859 2.716435 -0.750739
v -1.037053 3.342984 -0.803661
v -0.967684 3.360630 -0.879835
v -0.921289 3.194927 -0.930145
v -0.979998 3.189105 -0.851933
v -0.788153 2.656978 -0.795711
v -0.816391 2.694081 -0.734533
v -0.732126 2.781159 -1.074368
v -0.712895 2.579112 -1.032773
v -0.759664 3.025880 -1.115229
v -0.739248 3.194038 -1.105958
v -0.783871 3.564367 -1.128803
v -0.682683 2.671643 -0.994788
v -0.670627 2.476941 -0.752205
v -0.687059 2.461029 -0.759430
v -0.819476 3.503356 -1.153902
v -0.792623 3.296116 -1.143106
v -0.670627 2.476941 -0.752205
v -0.531637 2.752971 -1.299042
v -0.476998 2.515751 -1.166163
v -0.620464 3.012232 -1.330112
v -0.544241 3.039427 -1.356383
v -0.606873 3.573020 -1.377214
v -0.468875 2.533719 -1.131948
v -0.654401 2.336688 -0.753304
v -0.663040 2.319412 -0.755818
v -0.657595 3.509889 -1.397404
v -0.650114 3.297014 -1.362913
v -0.654401 2.336688 -0.753304
v -0.561192 2.206581 -0.823418
v -0.364715 2.371408 -1.130896
v -0.370241 2.354159 -1.165988
v -0.571850 2.190733 -0.827245
v -0.252560 2.693975 -1.374900
v -0.389986 2.777101 -1.375952
v -0.398109 2.759133 -1.410167
v -0.258086 2.676726 -1.409992
v -0.000454 3.011102 -1.427997
v -0.172806 3.097641 -1.429049
v -0.170634 3.078043 -1.463265
v 0.003585 2.993444 -1.463089
v 0.109339 3.298674 -1.593642
v -0.063012 3.385213 -1.594694
v -0.060841 3.365615 -1.628910
v 0.113379 3.281016 -1.628734
v 0.115145 3.535167 -1.782441
v -0.027319 3.580484 -1.743896
v -0.025147 3.560886 -1.778112
v 0.119185 3.517509 -1.817532
v 0.082934 3.652149 -1.782441
v -0.059530 3.697467 -1.743896
v -0.057358 3.677869 -1.778112
v 0.086974 3.634492 -1.817532
v -0.082125 3.871978 -1.788273
v -0.189644 3.774168 -1.736233
v -0.176102 3.765782 -1.772369
v -0.069364 3.866199 -1.825196
v -0.480644 4.020122 -1.663611
v -0.588163 3.922311 -1.611571
v -0.574621 3.913925 -1.647707
v -0.467883 4.014342 -1.700534
v -0.830680 4.092863 -1.473225
v -0.828348 3.997513 -1.421185
v -0.814806 3.989127 -1.457320
v -0.817919 4.087082 -1.510147
v -1.283138 3.819553 -0.934963
v -1.258864 3.762595 -0.985177
v -1.181296 3.662939 -0.976711
v -1.049264 3.894663 -1.231251
v -1.103285 3.997414 -1.151592
v -1.104036 3.492657 -0.826186
v -1.063823 3.528501 -0.879337
v -1.010362 4.006877 -1.135218
v -0.977488 3.891988 -1.158716
v -1.010362 4.006877 -1.135218
v -0.830680 4.092863 -1.473225
v -0.480644 4.020122 -1.663611
v -0.082125 3.871978 -1.788273
v 0.082934 3.652149 -1.782441
v -0.946420 3.688195 -1.115516
v -0.707587 3.717452 -1.433677
v -0.540188 3.688657 -1.601370
v -0.175036 3.631623 -1.712071
v -0.509064 3.485033 -1.559484
v -0.173106 3.388882 -1.602972
v -0.228282 3.265763 -1.547636
v -0.477887 3.281068 -1.517529
v -0.437998 3.020100 -1.423561
v -0.414403 3.506556 -1.454179
v -2.815750 1.481946 -1.141286
v -2.947145 1.457984 -1.183674
v -2.820279 1.491541 -1.135989
v -2.813292 1.470377 -1.141710
v -2.813461 1.459450 -1.137172
v -2.816416 1.452030 -1.128414
v -2.821489 1.450886 -1.117671
v -2.821489 1.450886 -1.117671
v -2.827007 1.456328 -1.108540
v -2.831485 1.465973 -1.103178
v -2.833915 1.477541 -1.102751
v -2.833734 1.488416 -1.107390
v -2.830824 1.495667 -1.116214
v -2.825791 1.496890 -1.126907
v -2.700750 1.527557 -1.082612
v -2.708955 1.534306 -1.070484
v -2.693346 1.515120 -1.089469
v -2.688580 1.499790 -1.089396
v -2.687493 1.485267 -1.082633
v -2.690386 1.475055 -1.070569
v -2.696942 1.473226 -1.056011
v -2.696942 1.473226 -1.056011
v -2.704936 1.480112 -1.043762
v -2.712140 1.492580 -1.036681
v -2.716834 1.507902 -1.036746
v -2.718087 1.522328 -1.043602
v -2.715452 1.532346 -1.055885
v -2.596667 1.584533 -1.016593
v -2.604323 1.581704 -0.997997
v -2.585640 1.576304 -1.031566
v -2.574943 1.561030 -1.039486
v -2.567114 1.542425 -1.038728
v -2.563887 1.524792 -1.029460
v -2.566128 1.512320 -1.013707
v -2.573999 1.509736 -0.995267
v -2.573999 1.509736 -0.995267
v -2.584764 1.517717 -0.980134
v -2.595272 1.532870 -0.971989
v -2.603057 1.551481 -0.972714
v -2.606297 1.569124 -0.982125
v -2.496681 1.642591 -0.943811
v -2.497394 1.628785 -0.925271
v -2.488610 1.645924 -0.964983
v -2.475392 1.636913 -0.981585
v -2.461516 1.620048 -0.989921
v -2.450466 1.599404 -0.987978
v -2.444964 1.580384 -0.976426
v -2.445920 1.566907 -0.958238
v -2.454120 1.563794 -0.937488
v -2.454120 1.563794 -0.937488
v -2.466838 1.572189 -0.920799
v -2.480294 1.588551 -0.912130
v -2.491509 1.609206 -0.913591
v -2.391638 1.701707 -0.870253
v -2.382818 1.681187 -0.856481
v -2.392516 1.716369 -0.891634
v -2.384112 1.720272 -0.915678
v -2.368490 1.710873 -0.934034
v -2.351265 1.693263 -0.942508
v -2.336782 1.671640 -0.939320
v -2.328759 1.651563 -0.925488
v -2.328310 1.637461 -0.904546
v -2.336826 1.634081 -0.881230
v -2.336826 1.634081 -0.881230
v -2.351791 1.642726 -0.862979
v -2.368412 1.659721 -0.854161
v -2.279944 1.767886 -0.802839
v -2.262096 1.745932 -0.799346
v -2.291658 1.788652 -0.818737
v -2.294388 1.803323 -0.842967
v -2.285826 1.807356 -0.869791
v -2.267681 1.798096 -0.889812
v -2.246817 1.780469 -0.898557
v -2.228923 1.758459 -0.894280
v -2.217995 1.737818 -0.878340
v -2.216222 1.723534 -0.854496
v -2.224987 1.719903 -0.828586
v -2.224987 1.719903 -0.828586
v -2.242183 1.728708 -0.808737
v -2.160616 1.847167 -0.748597
v -2.137683 1.830354 -0.758486
v -2.182477 1.868916 -0.752785
v -2.197884 1.889386 -0.770868
v -2.203264 1.903791 -0.798179
v -2.195050 1.908067 -0.828138
v -2.173981 1.899007 -0.849738
v -2.149016 1.881886 -0.858378
v -2.127185 1.860009 -0.852574
v -2.113278 1.839494 -0.833981
v -2.110027 1.825532 -0.807606
v -2.118767 1.821877 -0.779619
v -2.118767 1.821877 -0.779619
v -2.040163 1.946850 -0.713420
v -2.019794 1.939149 -0.735838
v -2.067198 1.963087 -0.702646
v -2.094551 1.984605 -0.708167
v -2.114649 2.004519 -0.729788
v -2.121712 2.018303 -0.760420
v -2.113752 2.022124 -0.791770
v -2.091434 2.014034 -0.814374
v -2.062139 1.997701 -0.823736
v -2.034292 1.976287 -0.816622
v -2.016531 1.955645 -0.795068
v -2.011384 1.942401 -0.765453
v -2.019794 1.939149 -0.735838
v -1.933496 2.069432 -0.697523
v -1.924387 2.072323 -0.730079
v -1.933496 2.069432 -0.697523
v -1.956381 2.076508 -0.673191
v -1.986925 2.091326 -0.662590
v -2.018270 2.110765 -0.669724
v -2.042378 2.128763 -0.693841
v -2.051762 2.140911 -0.727616
v -2.043836 2.144191 -0.761602
v -2.019019 2.136739 -0.785601
v -1.985796 2.121751 -0.794929
v -1.953296 2.102566 -0.786250
v -1.931402 2.084298 -0.762372
v -1.853464 2.213128 -0.700858
v -1.862378 2.223199 -0.735374
v -1.861737 2.210641 -0.667188
v -1.861737 2.210641 -0.667188
v -1.886175 2.216921 -0.642829
v -1.919830 2.229689 -0.632286
v -1.954840 2.246099 -0.640328
v -1.982359 2.261561 -0.666806
v -1.993588 2.272111 -0.703782
v -1.986220 2.274561 -0.737609
v -1.960844 2.268325 -0.761616
v -1.923718 2.254925 -0.771261
v -1.887271 2.238506 -0.761459
v -1.811173 2.360474 -0.719543
v -1.837765 2.371109 -0.746302
v -1.800631 2.352787 -0.682782
v -1.808713 2.349598 -0.645888
v -1.808713 2.349598 -0.645888
v -1.835775 2.356669 -0.619931
v -1.872033 2.366365 -0.609531
v -1.908334 2.378330 -0.618097
v -1.937645 2.391120 -0.644984
v -1.951777 2.399806 -0.685580
v -1.945276 2.401278 -0.722023
v -1.917102 2.396241 -0.746989
v -1.875485 2.384696 -0.756920
v -1.810388 2.442620 -0.747097
v -1.852437 2.453982 -0.759113
v -1.782242 2.433331 -0.718780
v -1.767645 2.426021 -0.674090
v -1.774459 2.424116 -0.630958
v -1.774459 2.424116 -0.630958
v -1.807660 2.430001 -0.603304
v -1.851771 2.439903 -0.591640
v -1.890331 2.450150 -0.600594
v -1.924087 2.461004 -0.631101
v -1.942009 2.469721 -0.682863
v -1.941203 2.472634 -0.720309
v -1.907078 2.466276 -0.745011
v 2.044173 1.612629 0.641677
v 2.194556 1.297432 0.590910
v 2.306657 1.315321 0.629295
v 2.293972 1.626529 0.710751
v 2.372904 1.948279 0.786351
v 2.106489 1.958681 0.774602
v 1.997342 1.478778 0.530174
v 2.119682 1.275236 0.521263
v 1.896104 1.747340 0.600401
v 1.876404 1.593584 0.522560
v 1.928741 2.005326 0.701860
v 2.967441 2.605509 0.090157
v 2.971497 2.710265 0.066148
v 3.035331 2.810220 0.147685
v 2.943809 2.775017 0.246248
v 2.954245 2.731118 0.340281
v 2.979255 2.565777 0.227063
v 2.940870 2.392870 0.010741
v 3.011497 2.359663 0.130232
v 2.723324 1.657529 0.235555
v 2.867340 1.998013 0.252799
v 2.856822 1.965847 0.357996
v 2.737737 1.657006 0.348927
v 2.653669 1.336228 0.373966
v 2.619179 1.339616 0.299002
v 2.764313 1.767465 0.123956
v 2.940397 2.024582 0.144061
v 2.548112 1.305641 0.252086
v 2.598204 1.507095 0.190687
v 2.635622 1.602406 0.122522
v -0.505450 2.236248 0.139645
v -0.511890 2.231027 -0.039227
v -0.431514 2.043248 -0.039227
v -0.398495 2.015490 0.112052
v -0.331250 1.915992 0.249988
v -0.428958 2.075604 0.347740
v -0.764751 2.462089 0.069886
v -0.732779 2.423498 -0.039227
v -0.472135 2.405410 0.387925
v -0.531282 2.487247 0.272451
v -0.817423 2.541189 0.239230
v -0.290604 1.712701 0.345831
v -0.340779 1.746051 0.442759
v -0.402817 2.080474 0.541157
v -0.431845 2.401517 0.542626
v -0.368124 1.754340 0.593143
v 0.231535 1.796705 0.027621
v 0.509230 1.713190 0.133921
v 0.471555 1.735333 0.266705
v 0.188971 1.809409 0.145316
v -0.048786 1.848905 0.102463
v -0.040956 1.846124 0.004009
v 0.384035 1.746536 -0.021194
v 0.563129 1.713183 0.031899
v 0.322047 1.725801 0.287239
v 0.144262 1.750374 0.206690
v 0.555056 1.740341 0.417556
v 0.417898 1.770631 0.374595
v 0.765516 1.656884 0.236807
v 0.757364 1.647047 0.365118
v 0.755011 1.687914 0.490055
v 1.952240 1.562703 0.100703
v 1.731658 1.602787 0.098158
v 1.727813 1.585855 -0.021194
v 1.974547 1.552241 -0.021194
v 2.037740 1.524959 0.210421
v 1.935371 1.522266 0.307803
v 1.833742 1.575114 0.263729
v 1.658999 1.606386 0.246622
v 2.151653 1.528939 0.066969
v 2.168889 1.517338 0.160907
v 2.150989 1.519904 -0.021194
v 0.395646 1.721563 0.559219
v 0.269896 1.722480 0.668496
v 0.202965 1.423609 0.590511
v 0.272761 1.416538 0.497884
v 0.406040 2.049603 0.685555
v 0.320243 2.043864 0.800598
v 0.478391 1.851085 0.474705
v 0.477924 2.037917 0.552164
v 0.366795 1.639440 0.398419
v 0.273041 1.398584 0.394557
v -1.953576 2.673999 0.348496
v -1.856725 2.905687 0.381715
v -1.948650 2.955340 0.332059
v -2.055606 2.728196 0.300884
v -1.827580 2.725071 0.391471
v -1.766200 2.881260 0.388577
v -2.075891 2.454460 0.320804
v -2.048995 2.413503 0.380615
v -1.944171 2.546973 0.375320
v -1.858118 2.611806 0.427581
v -2.157916 2.504560 0.292700
v -1.611284 3.124508 0.562442
v -1.751340 3.098607 0.507026
v -1.685326 3.026762 0.459409
v -1.589726 3.088167 0.542694
v -1.485344 3.209262 0.604062
v -1.497696 3.082953 0.571635
v -1.599440 3.307453 0.572662
v -1.851113 2.476573 0.536627
v -1.815400 2.539031 0.511624
v -1.889987 2.539997 0.478344
v -1.922302 2.470586 0.519354
v -1.808685 2.406701 0.543467
v -1.739277 2.484712 0.516151
v -1.892218 2.365983 0.519280
v -1.780612 2.288842 0.356782
v -1.769089 2.306014 0.219686
v -1.677197 2.384863 0.226768
v -1.679013 2.383384 0.347959
v -1.689476 2.421100 0.459558
v -1.769185 2.338800 0.472099
v -1.872683 2.244807 0.291848
v -1.871721 2.281074 0.206746
v -1.834070 2.287713 0.391659
v -1.885348 2.261801 0.352736
v -1.835292 2.320642 0.464619
v -1.997510 2.324911 0.406482
v -1.975431 2.355567 0.469405
v -1.999345 2.444948 0.467458
v -2.080713 2.273386 0.276361
v -2.026304 2.299748 0.294205
v -2.161360 2.102050 0.246281
v -2.096163 2.084928 0.175700
v -2.049652 2.217894 0.186427
v -1.038137 3.829201 0.259507
v -1.267762 3.884408 0.204305
v -1.282114 3.842499 0.362731
v -1.095158 3.771851 0.416250
v -0.945228 3.653714 0.396173
v -0.763329 3.643116 0.297560
v -0.790565 3.749444 0.153471
v -1.023583 3.654672 0.462685
v -1.198804 2.866072 0.546399
v -1.156083 2.737000 0.484518
v -0.877628 2.794316 0.535568
v -0.883410 2.924238 0.579508
v -0.914751 3.055583 0.612160
v -1.170171 3.020778 0.621002
v -1.382939 3.045140 0.601362
v -1.393106 2.933359 0.542143
v -1.367256 2.753762 0.463577
v -1.314208 2.665708 0.445099
v -1.453272 2.834110 0.470804
v -1.177638 3.440892 0.562029
v -1.181824 3.320383 0.555130
v -1.037053 3.342984 0.559246
v -1.104036 3.492657 0.581771
v -1.244289 3.488100 0.574967
v -1.329592 3.378190 0.561394
v -1.227743 3.599568 0.651792
v -1.215282 2.445228 0.028621
v -1.058920 2.465271 0.061422
v -1.109946 2.455778 0.172781
v -1.266160 2.428676 0.097206
v -1.687182 2.284831 0.039423
v -1.693889 2.256153 -0.005300
v -1.730233 2.188001 -0.043226
v -1.732875 2.243596 0.077001
v -1.676585 2.360332 0.125424
v -1.624367 2.362760 0.051077
v -1.625849 2.356183 -0.034533
v -1.469132 2.610948 0.390536
v -1.403515 2.477379 0.349319
v -1.258058 2.562065 0.431270
v -1.484541 2.657902 0.369473
v -1.533774 2.642649 0.223788
v -1.512764 2.587778 0.215601
v -1.694022 2.488671 -0.041363
v -1.725379 2.397974 -0.020005
v 2.901058 2.233060 0.489308
v 2.917295 2.248154 0.413225
v 2.902856 2.461080 0.509792
v 2.884739 2.231053 0.571091
v 2.815606 1.941127 0.578529
v 2.842987 1.948045 0.467624
v 2.952735 2.969496 0.186959
v 2.928590 2.912515 0.319433
v -0.852848 2.587776 0.404801
v -0.985718 2.486946 0.336330
v -0.954453 2.471389 0.188292
v -0.905439 2.455066 0.076068
v -1.526414 2.727232 0.423689
v -1.576538 2.621631 0.427187
v -1.548264 2.574934 0.339998
v -1.564322 2.570472 0.212057
v -0.382530 0.015958 0.475262
v -0.379025 0.017358 0.555164
v -0.394665 0.124146 0.561319
v -0.418106 0.115712 0.457624
v -0.382530 0.015958 0.475262
v -0.342183 0.013549 0.413413
v -0.305454 0.012870 0.498950
v -0.379025 0.017358 0.555164
v -0.393275 0.098367 0.354760
v -0.342183 0.013549 0.413413
v 2.704469 0.016210 0.382109
v 2.698858 0.012762 0.453331
v 2.635136 0.012563 0.383959
v 2.672116 0.015753 0.318080
v 2.704469 0.016210 0.382109
v 2.730184 0.103620 0.378316
v 2.733234 0.108947 0.474592
v 2.698858 0.012762 0.453331
v 2.672116 0.015753 0.318080
v 2.695024 0.101997 0.288832
v 2.076758 0.010130 0.345716
v 2.090329 0.009869 0.411715
v 2.017101 0.066984 0.427042
v 2.012112 0.069780 0.322482
v 2.087681 0.053456 0.233404
v 2.136306 0.009610 0.303024
v 2.168568 0.008944 0.377970
v -1.626423 3.741049 0.250639
v -1.481971 3.798461 0.402757
v -1.407809 3.840271 0.354594
v -1.452583 3.836192 0.175190
v -1.454814 3.851745 -0.015035
v -1.652808 3.743502 0.040006
v -1.780986 3.567476 0.058076
v -1.773554 3.528225 0.214011
v -1.723590 3.451592 0.360192
v -1.628006 3.637707 0.396672
v -1.477779 3.742904 0.473855
v -1.946601 2.512926 0.440304
v 0.071571 0.010081 0.462689
v 0.022822 0.010317 0.454064
v 0.045835 0.010639 0.359816
v 0.112859 0.010694 0.431935
v 0.124641 0.009954 0.524160
v 0.077593 0.009950 0.508893
v 0.032635 0.010275 0.535279
v -0.177791 0.012049 0.595367
v -0.117379 0.011670 0.588274
v -0.112778 0.012382 0.693288
v -0.202960 0.012475 0.663013
v -0.203823 0.011849 0.530017
v -0.132157 0.011204 0.492662
v -0.266519 0.012505 0.591016
v 2.231321 0.008727 0.507021
v 2.303973 0.008243 0.507406
v 2.293411 0.009729 0.611050
v 2.188953 0.010196 0.567369
v 2.197547 0.008822 0.450022
v 2.281109 0.008524 0.424210
v 2.105120 0.009678 0.495694
v 2.436320 0.008207 0.391423
v 2.477076 0.008279 0.446896
v 2.405338 0.008731 0.491457
v 2.370446 0.009908 0.403719
v 2.452288 0.008012 0.332187
v 2.528881 0.009085 0.382175
v 2.352692 0.011037 0.314044
v 0.074013 0.010294 0.600091
v -0.265902 1.911447 -0.021291
v -0.233114 1.901341 0.097957
v -0.040956 1.846124 0.004009
v -0.048786 1.848905 0.102463
v -0.199234 1.826219 0.204335
v -0.044995 1.783005 0.187821
v -0.044995 1.783005 0.187821
v -0.040403 1.668306 0.241238
v -0.173636 1.669613 0.273585
v 0.125578 1.647148 0.224360
v -0.040403 1.668306 0.241238
v 0.275516 1.629635 0.280954
v 0.103174 1.464591 0.245196
v -0.027896 1.471305 0.265366
v 0.215166 1.445313 0.291947
v 0.157617 1.099949 0.318890
v 0.069255 1.103083 0.275372
v 0.219114 1.097137 0.397678
v 0.208141 1.097492 0.497139
v 0.205449 0.733641 0.397350
v 0.153182 0.732417 0.318557
v 0.209336 0.736364 0.492511
v 0.165966 1.097694 0.589626
v 0.172722 0.735964 0.579844
v 0.221944 0.438829 0.501770
v 0.210119 0.436698 0.393210
v 0.188561 0.449032 0.597536
v 0.098021 0.727972 0.637841
v 0.110369 0.457976 0.654214
v 0.176806 0.299564 0.617381
v 0.233999 0.280554 0.512787
v 0.088266 0.290461 0.683055
v 0.016781 0.466890 0.668002
v -0.013189 0.297952 0.693163
v 0.067824 0.199171 0.724939
v 0.179841 0.178037 0.661517
v -0.062315 0.214154 0.736000
v -0.113464 0.312429 0.663269
v -0.188186 0.231434 0.716585
v -0.110496 0.116551 0.785666
v 0.045983 0.102040 0.761354
v -0.245092 0.141635 0.764988
v -0.270380 0.232930 0.642065
v -0.339965 0.143012 0.676151
v -0.237860 0.035368 0.769564
v -0.115726 0.023831 0.788211
v -0.340873 0.033860 0.671784
v -0.340873 0.033860 0.671784
v -0.237860 0.035368 0.769564
v -0.115726 0.023831 0.788211
v 0.032804 0.021116 0.746434
v -0.006899 0.011502 0.666191
v 0.032804 0.021116 0.746434
v 0.140406 0.014153 0.662701
v -0.042304 0.011018 0.569167
v -0.052315 0.010611 0.467040
v -0.049857 0.010588 0.363344
v -0.148965 0.011215 0.387776
v -0.178718 0.012979 0.270251
v -0.040208 0.012159 0.247658
v -0.230341 0.011847 0.437549
v -0.285715 0.013596 0.328419
v -0.285715 0.013596 0.328419
v -0.307181 0.082593 0.270297
v -0.180316 0.070615 0.210087
v -0.178718 0.012979 0.270251
v -0.247595 0.187850 0.276909
v -0.131369 0.183353 0.222966
v -0.317546 0.205933 0.358487
v -0.233571 0.304269 0.354601
v -0.173904 0.309928 0.289143
v -0.334434 0.218109 0.451104
v -0.259389 0.317714 0.441010
v -0.323957 0.225623 0.546715
v -0.244148 0.320909 0.529110
v -0.197720 0.322838 0.610590
v -0.154665 0.475341 0.602723
v -0.193550 0.475565 0.521742
v -0.077716 0.470746 0.653341
v -0.084477 0.714152 0.662791
v -0.166245 0.708622 0.621048
v 0.008422 0.720975 0.665110
v 0.003211 1.079520 0.680861
v -0.092372 1.070039 0.674595
v 0.090739 1.093136 0.651047
v 0.091492 1.435634 0.664664
v -0.020793 1.438903 0.713757
v 0.148202 1.727645 0.714684
v -0.013091 1.756435 0.751364
v 0.178122 2.066947 0.795681
v -0.005016 2.091708 0.781718
v 0.167489 2.442124 0.837871
v -0.025731 2.431840 0.787685
v 0.270966 2.426402 0.843972
v 0.226128 2.817027 0.840366
v 0.096239 2.800473 0.816351
v 0.375124 2.417679 0.821236
v 0.296394 2.767876 0.815927
v 0.461364 2.370444 0.744458
v 0.614075 2.000701 0.605570
v 0.554762 2.305183 0.807636
v 0.757255 1.984120 0.702466
v 0.689500 2.313594 0.841975
v 0.610931 1.853742 0.515060
v 0.788781 1.836114 0.594392
v 1.023339 1.823616 0.692573
v 0.953544 2.053114 0.784298
v 1.040883 1.654670 0.593400
v 1.377554 1.653690 0.599608
v 1.344260 1.832652 0.699773
v 1.051524 1.578461 0.471841
v 1.409141 1.583401 0.456810
v 1.089879 1.601491 0.308577
v 1.421250 1.595290 0.263017
v 1.143679 1.634107 0.068865
v 1.477309 1.609640 0.091789
v 0.819657 1.669547 0.049191
v -0.680378 3.776535 0.001338
v -0.569559 3.785023 0.008583
v -0.795457 3.803478 -0.008808
v -1.064522 3.896393 -0.028126
v -0.676864 3.731123 0.137058
v -0.663253 3.638452 0.270441
v -0.721555 3.473912 0.383928
v -0.631247 3.484500 0.369058
v -0.896073 3.454911 0.446749
v -0.661019 3.274503 0.425794
v -0.836278 3.233461 0.487373
v -0.985678 3.450791 0.504128
v -0.908635 3.207299 0.566565
v -0.772609 3.001271 0.470140
v -0.592910 3.052684 0.421968
v -0.823540 2.973417 0.554175
v -0.816391 2.694081 0.490119
v -0.766406 2.727340 0.396526
v -0.871859 2.716435 0.506325
v -1.032863 2.565390 0.453122
v -0.875065 2.755479 0.521326
v -1.081492 2.652921 0.472800
v -1.197967 2.458853 0.394230
v -1.341389 2.392423 0.276939
v -1.145861 2.442711 0.285230
v -1.292284 2.401999 0.172437
v -1.450526 2.354488 0.155073
v -1.425561 2.377988 0.094452
v -1.377619 2.401473 -0.039227
v -1.507231 2.379495 0.230167
v -1.580084 2.300174 0.124396
v -1.541242 2.313645 0.069916
v -1.525876 2.323291 -0.038721
v -1.533657 2.463376 -0.051574
v -1.532832 2.484346 0.075985
v -1.473802 2.601277 0.076316
v -1.470270 2.603086 -0.062185
v -1.575587 2.474865 0.167779
v -1.512764 2.587778 0.215601
v -1.575587 2.474865 0.167779
v -1.560695 2.437454 0.255759
v -1.676585 2.360332 0.125424
v -1.653087 2.317804 0.164048
v -1.732875 2.243596 0.077001
v -1.688987 2.214573 0.099875
v -1.651041 2.227111 0.063155
v -1.730233 2.188001 -0.043226
v -1.696053 2.150605 -0.037255
v -1.526803 2.674438 0.075475
v -1.537646 2.672734 -0.058153
v -1.533774 2.642649 0.223788
v -1.622146 2.596721 0.084085
v -1.640059 2.579944 -0.069921
v -1.564322 2.570472 0.212057
v -1.664192 2.492619 0.088091
v -1.605399 2.476221 0.209092
v -1.677197 2.384863 0.226768
v -1.697881 2.395114 0.103574
v -1.605399 2.476221 0.209092
v -1.611709 2.474044 0.335861
v -1.629563 2.508543 0.437994
v -1.687292 2.578375 0.485096
v -1.641878 2.682582 0.444982
v -1.727141 2.724496 0.422286
v -1.765263 2.622529 0.468334
v -1.589688 2.796361 0.421731
v -1.678666 2.854532 0.396875
v -1.535435 2.918541 0.487264
v -1.619044 2.981438 0.464288
v -1.509985 3.003044 0.530193
v -1.574276 3.021616 0.498796
v -1.697881 2.395114 0.103574
v -1.775576 2.336909 0.114641
v -1.782829 2.344857 -0.011110
v -1.725379 2.397974 -0.020005
v -1.871282 2.310103 0.118332
v -1.861797 2.318098 -0.009505
v -1.958571 2.288851 0.094499
v -1.950004 2.291162 -0.010782
v -1.978083 2.286425 0.202877
v -2.041424 2.225092 0.091210
v -2.041179 2.224985 -0.005626
v -2.089489 2.089027 0.088667
v -2.092760 2.096372 -0.003350
v -2.121520 1.943455 0.068680
v -2.124835 1.954843 -0.023321
v -2.142169 1.941507 0.152958
v -2.205358 1.944351 0.217907
v -2.277638 2.098339 0.257473
v -2.297670 1.956853 0.232558
v -2.374246 2.117155 0.227246
v -2.395580 1.975031 0.202146
v -2.228028 2.286264 0.277914
v -2.339541 2.306881 0.239613
v -2.257402 2.549310 0.243245
v -2.319471 2.581467 0.165392
v -2.408491 2.325459 0.168773
v -2.129116 2.779710 0.246034
v -2.177804 2.822140 0.162135
v -1.989151 3.011719 0.266345
v -2.015779 3.057163 0.177928
v -1.835808 3.254458 0.326040
v -1.870770 3.310611 0.208379
v -1.805459 3.183182 0.419580
v -1.662807 3.361708 0.459661
v -1.539232 3.552325 0.476367
v -1.445287 3.541425 0.545741
v -1.404460 3.601714 0.566323
v -1.437260 3.672375 0.529675
v -1.416314 3.408437 0.604410
v -1.341604 3.161674 0.615099
v -1.181006 3.144276 0.614162
v -0.979998 3.189105 0.607518
v -1.891735 3.347565 0.061807
v -2.044058 3.089499 0.061886
v -2.206621 2.845398 0.062331
v -2.354532 2.596608 0.069400
v -2.443455 2.334835 0.075690
v -2.490304 2.164700 0.033983
v -2.505445 2.011801 0.010401
v -2.451646 2.154639 0.144198
v -2.467937 1.998556 0.121804
v -0.550738 2.768386 0.358439
v -0.488043 2.730834 0.453484
v -0.498274 3.048159 0.486726
v -0.439044 2.720868 0.567156
v -0.427731 3.039511 0.579888
v -0.352407 2.739582 0.680929
v -0.354750 3.062610 0.666383
v -0.368479 2.418761 0.690123
v -0.216573 2.419980 0.743034
v -0.216753 2.738426 0.739149
v -0.350172 2.088336 0.689616
v -0.200723 2.095598 0.749241
v -0.299231 1.755440 0.692616
v -0.170977 1.762441 0.737171
v -0.234691 1.420290 0.672593
v -0.132378 1.432572 0.708905
v -0.300802 1.418179 0.588397
v -0.294155 1.431916 0.484714
v -0.232546 1.063516 0.558637
v -0.180163 1.062640 0.638176
v -0.240471 1.076113 0.462989
v -0.242622 1.445767 0.386719
v -0.195952 1.093967 0.379456
v -0.228388 0.714584 0.449839
v -0.209345 0.709158 0.540229
v -0.190438 0.725119 0.367317
v -0.118520 1.106737 0.322026
v -0.113562 0.729627 0.314166
v -0.191674 0.469586 0.351800
v -0.213374 0.473347 0.435160
v -0.125308 0.461074 0.294029
v -0.026706 0.732013 0.279179
v -0.039493 0.448992 0.262926
v -0.081075 0.284673 0.248446
v -0.081075 0.284673 0.248446
v -0.039493 0.448992 0.262926
v 0.057928 0.444892 0.261674
v 0.033009 0.295586 0.243495
v 0.006301 0.177922 0.210178
v -0.131369 0.183353 0.222966
v 0.148767 0.279360 0.282701
v 0.148044 0.163513 0.247324
v -0.022970 0.063873 0.186633
v -0.180316 0.070615 0.210087
v 0.139669 0.067061 0.227439
v 0.247262 0.165298 0.372093
v 0.249538 0.070793 0.369097
v 0.087445 0.012211 0.303747
v -0.040208 0.012159 0.247658
v 0.201103 0.011651 0.386472
v 0.266465 0.079432 0.548950
v 0.223201 0.013745 0.546832
v 0.201103 0.011651 0.386472
v 0.087445 0.012211 0.303747
v 0.223201 0.013745 0.546832
v 0.257276 0.171931 0.531446
v 0.174220 0.087310 0.683867
v 0.140406 0.014153 0.662701
v 0.224615 0.279449 0.385525
v 0.153937 0.437899 0.300715
v 0.067869 0.733003 0.278705
v -0.026706 0.732013 0.279179
v -0.028591 1.107809 0.283043
v -0.028591 1.107809 0.283043
v -0.148004 1.460626 0.312319
v -0.027896 1.471305 0.265366
v -0.178718 0.012979 0.270251
v -0.054391 2.754868 0.767850
v -0.134978 3.101459 0.728080
v -0.259614 3.081928 0.718244
v 0.022282 3.140895 0.718076
v -0.056097 3.446243 0.597758
v -0.207356 3.433537 0.604727
v 0.257430 3.172961 0.720248
v 0.176954 3.470407 0.583264
v 0.525892 2.634777 0.840476
v 0.405775 2.950577 0.806936
v 0.302843 2.951169 0.797549
v 0.408989 2.580138 0.761999
v 0.642926 2.655031 0.850678
v 0.867994 2.681216 0.911426
v 0.854937 2.980359 0.870722
v 0.606960 2.949420 0.825285
v 0.881633 2.363360 0.874825
v 1.238006 2.405317 0.959881
v 1.204585 2.699883 0.999508
v 1.291086 2.092650 0.852741
v 1.587399 2.079127 0.807248
v 1.570164 2.395493 0.983667
v 1.586621 1.805348 0.636183
v 1.752100 1.806392 0.617851
v 1.772371 2.047469 0.745972
v 1.611340 1.635665 0.560401
v 1.759138 1.617126 0.534000
v 1.633255 1.588980 0.417539
v 1.768035 1.575213 0.409891
v 1.873396 1.541174 0.421225
v 1.978991 1.425999 0.433259
v 1.996731 1.442940 0.343503
v 2.080140 1.436877 0.264480
v 2.080687 1.256685 0.348376
v 2.081688 1.229219 0.434381
v 2.147607 1.268886 0.278119
v 2.195074 1.424474 0.207960
v 2.236912 1.282173 0.226215
v 2.240194 1.000124 0.271527
v 2.198761 0.975873 0.337160
v 2.302111 1.022225 0.224050
v 2.347450 1.298123 0.208603
v 2.376170 1.033661 0.203110
v 2.329601 0.631260 0.189064
v 2.260217 0.634302 0.240050
v 2.408375 0.631683 0.157458
v 2.408375 0.631683 0.157458
v 2.376170 1.033661 0.203110
v 2.453790 1.032990 0.222786
v 2.490367 0.633927 0.173014
v 2.394577 0.343157 0.157473
v 2.300225 0.342653 0.189697
v 2.494172 0.350225 0.168524
v 2.394577 0.343157 0.157473
v 2.565091 0.637239 0.214322
v 2.582265 0.356771 0.208209
v 2.491844 0.203692 0.164086
v 2.366481 0.204558 0.157734
v 2.597860 0.206420 0.209551
v 2.655074 0.357608 0.266617
v 2.674681 0.211020 0.277613
v 2.618614 0.102251 0.208022
v 2.497804 0.103803 0.154889
v 2.613994 0.020056 0.234496
v 2.502942 0.021975 0.171555
v 2.613994 0.020056 0.234496
v 2.578419 0.010145 0.305655
v 2.484343 0.008630 0.247546
v 2.502942 0.021975 0.171555
v 2.590777 0.011081 0.458709
v 2.666965 0.013716 0.540988
v 2.589456 0.016849 0.617305
v 2.531545 0.009005 0.527980
v 2.666965 0.013716 0.540988
v 2.681472 0.111235 0.564208
v 2.588714 0.111415 0.638037
v 2.589456 0.016849 0.617305
v 2.649162 0.209218 0.546666
v 2.567132 0.205962 0.618140
v 2.697062 0.213646 0.461837
v 2.661795 0.343792 0.444862
v 2.621823 0.337547 0.528626
v 2.699953 0.211790 0.368809
v 2.679538 0.353493 0.354168
v 2.661443 0.636797 0.349808
v 2.639414 0.630834 0.431346
v 2.630183 0.639109 0.270001
v 2.593559 1.017095 0.302425
v 2.622868 1.007559 0.374972
v 2.530269 1.026338 0.252206
v 2.455012 1.275741 0.219450
v 2.466778 1.449736 0.186572
v 2.347450 1.298123 0.208603
v 2.333195 1.440798 0.187909
v 2.314804 1.535597 0.150935
v 2.473691 1.541640 0.127283
v 2.333195 1.440798 0.187909
v 2.314804 1.535597 0.150935
v 2.311783 1.530840 0.067245
v 2.475990 1.554924 0.062382
v 2.311783 1.530840 0.067245
v 2.312010 1.524709 -0.014373
v 2.478407 1.548883 -0.015293
v 2.312010 1.524709 -0.014373
v 2.649480 1.603931 -0.016871
v 2.816082 1.750363 -0.018524
v 2.928683 2.067835 -0.007038
v 2.958377 2.044978 0.071371
v 2.777257 1.763422 0.052821
v 2.632250 1.620166 0.053188
v 2.975905 2.351876 0.230022
v 2.958780 2.556427 0.344502
v 2.965080 2.493694 0.437351
v 2.971360 2.315893 0.314171
v 2.945868 2.701096 0.449599
v 2.925900 2.611937 0.546808
v 2.893659 2.807339 0.550982
v 2.849172 2.697991 0.647359
v 2.881693 2.464145 0.618047
v 2.775276 2.517625 0.705691
v 2.701864 2.746502 0.729442
v 2.618585 2.546997 0.775809
v 2.704140 2.272160 0.728077
v 2.813323 2.238521 0.664935
v 2.500089 2.276323 0.792727
v 2.382605 2.586259 0.844027
v 2.242697 2.298204 0.845212
v 2.604533 1.959960 0.722716
v 2.737259 1.952198 0.670106
v 2.488877 1.646044 0.692148
v 2.621715 1.637849 0.642395
v 2.419199 1.327801 0.629227
v 2.521364 1.327009 0.605604
v 2.434731 0.984227 0.582955
v 2.512614 0.989089 0.567485
v 2.356210 0.976728 0.580291
v 2.283781 0.969234 0.547569
v 2.380140 0.625798 0.573814
v 2.461605 0.628616 0.586023
v 2.304630 0.627453 0.533114
v 2.227845 0.964405 0.490799
v 2.237516 0.630618 0.480949
v 2.257160 0.358057 0.567600
v 2.351475 0.346485 0.600101
v 2.194471 0.365641 0.498263
v 2.211396 0.633454 0.399559
v 2.166794 0.369719 0.411197
v 2.133517 0.258826 0.521804
v 2.202485 0.248972 0.604529
v 2.104205 0.265237 0.422975
v 2.171423 0.367958 0.320793
v 2.115764 0.265036 0.325513
v 2.036896 0.167797 0.426799
v 2.074597 0.162604 0.538453
v 2.051042 0.165071 0.327246
v 2.167435 0.251535 0.239077
v 2.107709 0.157744 0.237132
v 2.012112 0.069780 0.322482
v 2.017101 0.066984 0.427042
v 2.087681 0.053456 0.233404
v 2.223070 0.351126 0.244813
v 2.252606 0.222772 0.185630
v 2.205484 0.126553 0.180452
v 2.366481 0.204558 0.157734
v 2.347096 0.111242 0.148882
v 2.200024 0.038149 0.181237
v 2.346223 0.028655 0.155706
v 2.346223 0.028655 0.155706
v 2.347096 0.111242 0.148882
v 2.346223 0.028655 0.155706
v 2.347641 0.011467 0.231510
v 2.216657 0.012142 0.255197
v 2.200024 0.038149 0.181237
v 2.246716 0.009982 0.341452
v 2.218293 0.635283 0.313523
v 2.197071 0.964927 0.417178
v 2.047957 0.060581 0.537159
v 2.125944 0.048065 0.655778
v 2.148605 0.157791 0.646872
v 2.047957 0.060581 0.537159
v 2.125944 0.048065 0.655778
v 2.280038 0.033472 0.696011
v 2.285383 0.132250 0.688614
v 2.280038 0.033472 0.696011
v 2.462674 0.022616 0.678953
v 2.449862 0.117521 0.686392
v 2.442021 0.009647 0.589118
v 2.462674 0.022616 0.678953
v 2.447232 0.210865 0.653184
v 2.314611 0.220141 0.639511
v 2.454139 0.332229 0.609306
v 2.550462 0.332096 0.588324
v 2.540227 0.632591 0.567116
v 2.600798 0.632174 0.510080
v 2.572723 0.993047 0.517835
v 2.615764 0.999061 0.451778
v 2.649195 1.327493 0.473104
v 2.599824 1.325077 0.549146
v 2.744471 1.642229 0.460663
v 2.714063 1.630483 0.574076
v 2.482445 2.821660 0.808416
v 2.167025 2.895098 0.858448
v 2.101667 2.629684 0.908351
v 2.014792 2.349225 0.858353
v 1.823075 2.663224 1.000578
v 1.812755 2.375864 0.917391
v 1.852243 2.952070 0.946329
v 1.541511 2.986973 0.979276
v 1.538594 2.689859 1.047283
v 1.929580 3.258188 0.795985
v 1.604433 3.311815 0.807726
v 2.250296 3.148473 0.761764
v 2.351374 3.334733 0.642702
v 2.034527 3.520484 0.660539
v 2.574537 2.992514 0.725056
v 2.660878 3.118460 0.597601
v 2.763716 2.883649 0.648675
v 2.826186 2.984585 0.528194
v 2.918808 2.871023 0.435316
v 2.854615 3.041548 0.374929
v 2.879310 3.080268 0.222719
v 2.737534 3.248565 0.261131
v 2.718895 3.201849 0.433349
v 2.909353 3.133105 0.089436
v 2.763299 3.280066 0.089960
v 3.032026 3.042013 0.025020
v 2.545432 3.566156 -0.034107
v 2.212584 3.843790 -0.003082
v 2.524578 3.556771 0.104553
v 2.755688 3.290096 -0.034107
v 2.190864 3.813829 0.141497
v 1.783745 3.936610 0.025961
v 1.779563 3.897645 0.142789
v 2.158290 3.757817 0.302394
v 2.480702 3.514625 0.271842
v 1.765520 3.834353 0.282129
v 1.302945 3.883842 0.122277
v 1.307536 3.819359 0.249313
v 1.741160 3.743223 0.438727
v 2.116710 3.681865 0.491355
v 1.299832 3.740463 0.409694
v 0.868639 3.779186 0.255730
v 0.864692 3.692061 0.408842
v 1.271665 3.580589 0.605881
v 1.693665 3.572298 0.608044
v 0.853843 3.538378 0.592512
v 0.480738 3.659081 0.407841
v 0.482236 3.488184 0.553461
v 0.847646 3.290238 0.760600
v 1.231054 3.329237 0.810087
v 0.505532 3.235300 0.705194
v 1.208774 3.003232 0.946659
v 0.481309 3.757060 0.267161
v 0.192440 3.803376 0.316195
v 0.182210 3.676919 0.457939
v 0.482709 3.816927 0.142426
v 0.189764 3.872793 0.173302
v 0.866104 3.829988 0.122735
v 0.862666 3.838871 0.018071
v 0.483116 3.833704 0.018813
v 1.291820 3.909173 0.023453
v -0.331615 3.867131 0.021692
v -0.194059 3.910650 0.024487
v -0.458745 3.818444 0.015700
v -0.461579 3.795178 0.169276
v -0.345389 3.851878 0.197847
v -0.568459 3.750766 0.144057
v -0.564474 3.662798 0.278281
v -0.468181 3.723022 0.317959
v -0.546058 3.517674 0.391505
v -0.441627 3.574452 0.427367
v -0.492227 3.308523 0.502900
v -0.411540 3.358854 0.546517
v -0.570196 3.288632 0.452992
v -0.319233 3.413926 0.589368
v -0.330770 3.632390 0.464267
v -0.206739 3.669133 0.491312
v -0.206358 3.830756 0.370016
v -0.353397 3.783793 0.350955
v -0.037586 3.682627 0.489088
v -0.023885 3.835336 0.357895
v -0.019756 3.918010 0.205783
v -0.198763 3.911357 0.211543
v -0.029246 3.910474 0.022559
v 0.175158 3.885621 0.018358
v 2.424030 3.438303 0.471710
v -1.276321 3.916385 -0.021072
v -0.847131 2.460431 -0.039227
v -1.999717 2.273129 0.285875
v -1.951181 2.265964 0.352686
v 2.980699 3.163240 -0.026895
v 1.164325 1.646455 -0.021194
v 0.822460 1.690303 -0.021194
v 1.510391 1.602068 -0.021194
v 0.587214 1.713180 -0.013690
v -1.058051 2.460431 -0.039227
v -1.221154 2.460431 -0.039227
v -1.619394 2.228393 -0.037915
v -1.628225 2.227742 0.003111
v 3.099592 2.904854 0.014700
v -2.153031 1.821064 -0.047117
v -2.151204 1.791244 0.039408
v -2.183690 1.612358 0.021841
v -2.183426 1.659344 -0.050143
v -2.513765 1.407809 -0.031398
v -2.521178 1.663354 -0.024168
v -2.513765 1.871824 -0.011995
v -2.487947 1.642653 0.067570
v -2.479488 1.840556 0.090923
v -2.474124 1.396404 0.056781
v -2.414008 1.397416 0.113061
v -2.419621 1.645859 0.134389
v -2.405857 1.830696 0.163184
v -2.334145 1.653664 0.159520
v -2.320125 1.809453 0.188403
v -2.338161 1.403497 0.136158
v -2.263388 1.401478 0.120721
v -2.254371 1.615768 0.140645
v -2.232858 1.788744 0.171794
v -2.201388 1.605484 0.093421
v -2.175550 1.784511 0.116539
v -2.211694 1.395964 0.075074
v -2.192157 1.402213 0.010896
v -2.201612 1.165229 0.061527
v -2.181524 1.171358 0.005530
v -2.253359 1.161557 0.097697
v -2.214629 0.928426 0.064946
v -2.172432 0.938021 0.034259
v -2.327462 1.160537 0.105993
v -2.275638 0.915604 0.073649
v -2.383254 1.148336 0.089362
v -2.346404 0.898094 0.060344
v -2.440005 1.143507 0.042742
v -2.393152 0.889977 0.023650
v -2.471694 1.145253 -0.035945
v -2.413550 0.887532 -0.032723
v -2.183455 1.178878 -0.061479
v -2.167187 0.942424 -0.015443
v -2.167758 0.943624 -0.075747
v -2.191717 1.418847 -0.060819
v -2.124853 0.720814 -0.030576
v -2.124199 0.717679 -0.081902
v -2.134670 0.714835 0.009791
v -2.077672 0.557640 -0.003733
v -2.074604 0.558497 -0.044515
v -2.162740 0.699628 0.037880
v -2.102626 0.542862 0.021105
v -2.210841 0.680724 0.044185
v -2.140486 0.520819 0.032083
v -2.265047 0.650059 0.030863
v -2.185893 0.491801 0.029880
v -2.306073 0.634121 0.001619
v -2.231986 0.463568 -0.003026
v -2.327140 0.628016 -0.044121
v -2.245889 0.443359 -0.055985
v -2.072342 0.550328 -0.088177
v -1.990371 0.432490 -0.039559
v -1.996938 0.428564 -0.090613
v -2.003048 0.424520 -0.001614
v -2.035396 0.402885 0.011118
v -2.066361 0.379372 0.010211
v -2.093957 0.355423 0.000641
v -2.115826 0.334053 -0.021437
v -2.126887 0.322155 -0.056413
v -1.935578 0.412697 -0.051204
v -1.941287 0.407603 -0.094878
v -1.946524 0.402480 -0.017306
v -1.974211 0.375132 0.000521
v -2.000186 0.346201 0.006034
v -2.022770 0.317477 0.000065
v -2.040216 0.292367 -0.021437
v -2.048835 0.278596 -0.056413
v -1.877487 0.399759 -0.062618
v -1.880723 0.393478 -0.099646
v -1.884374 0.387826 -0.035675
v -1.900765 0.356132 -0.024654
v -1.914935 0.323695 -0.021044
v -1.925957 0.292556 -0.024056
v -1.933364 0.266073 -0.038465
v -1.936402 0.251795 -0.066313
v -1.838691 0.397366 -0.065593
v -1.838143 0.391157 -0.101190
v -1.840675 0.386108 -0.040614
v -1.842715 0.356357 -0.033298
v -1.842227 0.326740 -0.033721
v -1.839260 0.299149 -0.039925
v -1.834708 0.276282 -0.054522
v -1.830991 0.264151 -0.077845
v -1.782460 0.423703 -0.071233
v -1.781912 0.417494 -0.102995
v -1.784444 0.412445 -0.048945
v -1.786484 0.382694 -0.042417
v -1.785996 0.353077 -0.042794
v -1.783029 0.325485 -0.048330
v -1.778477 0.302619 -0.061354
v -1.774760 0.290488 -0.082165
v -1.752280 0.431614 -0.076408
v -1.750448 0.426668 -0.105128
v -1.751866 0.422047 -0.056256
v -1.747642 0.397410 -0.050353
v -1.740978 0.373391 -0.050694
v -1.732316 0.351521 -0.055700
v -1.723092 0.333817 -0.067476
v -1.716927 0.324687 -0.086294
v -1.702118 0.346828 -0.067476
v -1.716162 0.361015 -0.055700
v -1.693530 0.339928 -0.086294
v -1.689144 0.362496 -0.067476
v -1.705577 0.373830 -0.055700
v -1.679425 0.357310 -0.086294
v 3.211791 2.955247 0.014032
v 3.171560 2.859578 0.003713
v 3.300000 2.826626 -0.015718
v 3.239611 2.769479 -0.023985
v 3.283138 2.426282 -0.042646
v 3.236184 2.388267 -0.049980
v 3.141851 1.436639 -0.086964
v 3.089971 1.219101 -0.095418
v 3.172385 1.443199 -0.079630
v 3.116751 1.218470 -0.088084
v 3.189515 1.752999 -0.074669
v 3.225508 1.770016 -0.067335
v 3.209064 2.135519 -0.060523
v 3.249871 2.136311 -0.053189
v -1.095158 3.771851 0.416250
v -1.282114 3.842499 0.362731
v -1.161358 3.854389 0.591168
v -1.027731 3.777034 0.657787
v -1.023583 3.654672 0.462685
v -0.970092 3.646302 0.672968
v -1.407809 3.840271 0.354594
v -1.481971 3.798461 0.402757
v -1.327494 3.923162 0.513296
v -1.298528 3.968610 0.435191
v -1.477779 3.742904 0.473855
v -1.357500 3.838747 0.572200
v -1.437260 3.672375 0.529675
v -1.404460 3.601714 0.566323
v -1.333629 3.715487 0.652986
v -1.347293 3.756109 0.613276
v -1.407809 3.840271 0.354594
v -1.298528 3.968610 0.435191
v -1.227743 3.599568 0.651792
v -0.883410 2.924238 0.579508
v -0.877628 2.794316 0.535568
v -0.846566 2.709059 0.594800
v -0.849294 2.885104 0.655638
v -0.914751 3.055583 0.612160
v -0.869996 3.034993 0.690977
v -0.908635 3.207299 0.566565
v -0.985678 3.450791 0.504128
v -0.917600 3.476851 0.601664
v -0.816295 3.226688 0.615707
v -0.823540 2.973417 0.554175
v -0.739002 2.970114 0.589620
v -0.816391 2.694081 0.490119
v -0.788153 2.656978 0.551297
v -0.875065 2.755479 0.521326
v -0.871859 2.716435 0.506325
v -0.809916 2.659328 0.562213
v -1.037053 3.342984 0.559246
v -0.979998 3.189105 0.607518
v -0.921289 3.194927 0.685730
v -0.967684 3.360630 0.635420
v -0.816391 2.694081 0.490119
v -0.788153 2.656978 0.551297
v -0.712895 2.579112 0.788359
v -0.732126 2.781159 0.829953
v -0.759664 3.025881 0.870815
v -0.783871 3.564368 0.884388
v -0.739248 3.194038 0.861543
v -0.682683 2.671643 0.750374
v -0.670627 2.476941 0.507791
v -0.687059 2.461029 0.515016
v -0.792623 3.296117 0.898691
v -0.819476 3.503357 0.909487
v -0.670627 2.476941 0.507791
v -0.476998 2.515751 0.921749
v -0.531637 2.752971 1.054628
v -0.620464 3.012233 1.085698
v -0.606873 3.573021 1.132799
v -0.544241 3.039428 1.111969
v -0.468875 2.533720 0.887534
v -0.654401 2.336688 0.508890
v -0.663040 2.319412 0.511404
v -0.650114 3.297015 1.118498
v -0.657595 3.509890 1.152989
v -0.654401 2.336688 0.508890
v -0.364715 2.371408 0.886482
v -0.561192 2.206581 0.579004
v -0.571850 2.190733 0.582831
v -0.370241 2.354160 0.921574
v -0.389986 2.777102 1.131537
v -0.252560 2.693975 1.130485
v -0.258086 2.676727 1.165577
v -0.398109 2.759134 1.165753
v -0.172806 3.097642 1.184635
v -0.000454 3.011103 1.183583
v 0.003585 2.993444 1.218675
v -0.170634 3.078044 1.218851
v -0.063012 3.385214 1.350279
v 0.109339 3.298675 1.349227
v 0.113379 3.281017 1.384319
v -0.060841 3.365616 1.384495
v -0.027319 3.580485 1.499481
v 0.115145 3.535168 1.538026
v 0.119185 3.517510 1.573117
v -0.025147 3.560887 1.533697
v -0.059530 3.697468 1.499481
v 0.082934 3.652150 1.538026
v 0.086974 3.634493 1.573117
v -0.057358 3.677870 1.533697
v -0.189644 3.774169 1.491818
v -0.082125 3.871979 1.543858
v -0.069364 3.866200 1.580781
v -0.176102 3.765783 1.527954
v -0.588163 3.922312 1.367156
v -0.480644 4.020122 1.419196
v -0.467883 4.014342 1.456118
v -0.574621 3.913926 1.403292
v -0.828348 3.997514 1.176769
v -0.830680 4.092863 1.228809
v -0.817919 4.087082 1.265732
v -0.814806 3.989128 1.212905
v -1.258864 3.762595 0.740762
v -1.283138 3.819553 0.690548
v -1.181296 3.662940 0.732296
v -1.049264 3.894664 0.986836
v -1.103285 3.997415 0.907177
v -1.104036 3.492657 0.581771
v -1.063823 3.528501 0.634922
v -1.010362 4.006877 0.890803
v -0.977488 3.891989 0.914301
v -0.830680 4.092863 1.228809
v -1.010362 4.006877 0.890803
v -0.480644 4.020122 1.419196
v -0.082125 3.871979 1.543858
v 0.082934 3.652150 1.538026
v -0.946420 3.688195 0.871101
v -0.707587 3.717453 1.189262
v -0.540188 3.688658 1.356955
v -0.175036 3.631624 1.467656
v -0.509064 3.485034 1.315069
v -0.173106 3.388883 1.358557
v -0.477887 3.281069 1.273114
v -0.228282 3.265764 1.303221
v -0.437998 3.020101 1.179146
v -0.414403 3.506557 1.209764
v -2.815750 1.481946 0.896872
v -2.820279 1.491541 0.891575
v -2.947145 1.457984 0.939260
v -2.813292 1.470377 0.897296
v -2.813461 1.459450 0.892758
v -2.816416 1.452030 0.884000
v -2.821489 1.450886 0.873257
v -2.821489 1.450886 0.873257
v -2.827007 1.456328 0.864126
v -2.831485 1.465973 0.858764
v -2.833915 1.477541 0.858338
v -2.833734 1.488416 0.862976
v -2.830824 1.495667 0.871800
v -2.825791 1.496890 0.882493
v -2.700750 1.527557 0.838198
v -2.708955 1.534306 0.826070
v -2.693346 1.515120 0.845055
v -2.688580 1.499790 0.844982
v -2.687493 1.485267 0.838219
v -2.690386 1.475055 0.826155
v -2.696942 1.473226 0.811598
v -2.696942 1.473226 0.811598
v -2.704936 1.480112 0.799348
v -2.712140 1.492580 0.792267
v -2.716834 1.507902 0.792332
v -2.718087 1.522328 0.799188
v -2.715452 1.532346 0.811471
v -2.596667 1.584533 0.772179
v -2.604323 1.581704 0.753583
v -2.585640 1.576304 0.787152
v -2.574943 1.561030 0.795072
v -2.567114 1.542425 0.794314
v -2.563887 1.524792 0.785046
v -2.566128 1.512320 0.769293
v -2.573999 1.509736 0.750853
v -2.573999 1.509736 0.750853
v -2.584764 1.517717 0.735720
v -2.595272 1.532870 0.727575
v -2.603057 1.551481 0.728300
v -2.606297 1.569124 0.737711
v -2.496681 1.642591 0.699397
v -2.497394 1.628785 0.680858
v -2.488610 1.645924 0.720569
v -2.475392 1.636913 0.737172
v -2.461516 1.620048 0.745507
v -2.450466 1.599404 0.743564
v -2.444964 1.580384 0.732012
v -2.445920 1.566907 0.713825
v -2.454120 1.563794 0.693074
v -2.454120 1.563794 0.693074
v -2.466838 1.572189 0.676385
v -2.480294 1.588551 0.667716
v -2.491509 1.609206 0.669178
v -2.391638 1.701707 0.625839
v -2.382818 1.681187 0.612068
v -2.392516 1.716369 0.647221
v -2.384112 1.720272 0.671264
v -2.368490 1.710873 0.689620
v -2.351265 1.693263 0.698094
v -2.336782 1.671640 0.694906
v -2.328759 1.651563 0.681074
v -2.328310 1.637461 0.660133
v -2.336826 1.634081 0.636816
v -2.336826 1.634081 0.636816
v -2.351791 1.642726 0.618566
v -2.368412 1.659721 0.609747
v -2.279944 1.767886 0.558425
v -2.262096 1.745932 0.554932
v -2.291658 1.788652 0.574323
v -2.294388 1.803323 0.598554
v -2.285826 1.807356 0.625377
v -2.267681 1.798096 0.645399
v -2.246817 1.780469 0.654143
v -2.228923 1.758459 0.649866
v -2.217995 1.737818 0.633926
v -2.216222 1.723534 0.610083
v -2.224987 1.719903 0.584172
v -2.224987 1.719903 0.584172
v -2.242183 1.728708 0.564324
v -2.160616 1.847167 0.504183
v -2.137683 1.830354 0.514072
v -2.182477 1.868916 0.508371
v -2.197884 1.889386 0.526454
v -2.203264 1.903791 0.553765
v -2.195050 1.908067 0.583724
v -2.173981 1.899007 0.605324
v -2.149016 1.881886 0.613964
v -2.127185 1.860009 0.608160
v -2.113278 1.839494 0.589567
v -2.110027 1.825532 0.563192
v -2.118767 1.821877 0.535206
v -2.118767 1.821877 0.535206
v -2.040163 1.946850 0.469006
v -2.019794 1.939149 0.491424
v -2.067198 1.963087 0.458233
v -2.094551 1.984605 0.463753
v -2.114649 2.004519 0.485374
v -2.121712 2.018303 0.516006
v -2.113752 2.022124 0.547356
v -2.091434 2.014034 0.569961
v -2.062139 1.997701 0.579322
v -2.034292 1.976287 0.572209
v -2.016531 1.955645 0.550654
v -2.011384 1.942401 0.521039
v -2.019794 1.939149 0.491424
v -1.933496 2.069432 0.453109
v -1.924387 2.072323 0.485665
v -1.933496 2.069432 0.453109
v -1.956381 2.076508 0.428777
v -1.986925 2.091326 0.418177
v -2.018270 2.110765 0.425310
v -2.042378 2.128763 0.449428
v -2.051762 2.140911 0.483202
v -2.043836 2.144191 0.517189
v -2.019019 2.136739 0.541187
v -1.985796 2.121751 0.550515
v -1.953296 2.102566 0.541836
v -1.931402 2.084298 0.517959
v -1.853464 2.213128 0.456444
v -1.862378 2.223199 0.490960
v -1.861737 2.210641 0.422774
v -1.861737 2.210641 0.422774
v -1.886175 2.216921 0.398415
v -1.919830 2.229689 0.387872
v -1.954840 2.246099 0.395915
v -1.982359 2.261561 0.422393
v -1.993588 2.272111 0.459368
v -1.986220 2.274561 0.493195
v -1.960844 2.268325 0.517202
v -1.923718 2.254925 0.526847
v -1.887271 2.238506 0.517045
v -1.811173 2.360474 0.475130
v -1.837765 2.371109 0.501888
v -1.800631 2.352787 0.438368
v -1.808713 2.349598 0.401474
v -1.808713 2.349598 0.401474
v -1.835775 2.356669 0.375517
v -1.872033 2.366365 0.365117
v -1.908334 2.378330 0.373683
v -1.937645 2.391120 0.400570
v -1.951777 2.399806 0.441166
v -1.945276 2.401278 0.477609
v -1.917102 2.396241 0.502575
v -1.875485 2.384696 0.512506
v -1.810388 2.442620 0.502684
v -1.852437 2.453982 0.514699
v -1.782242 2.433331 0.474366
v -1.767645 2.426021 0.429676
v -1.774459 2.424116 0.386544
v -1.774459 2.424116 0.386544
v -1.807660 2.430001 0.358890
v -1.851771 2.439903 0.347226
v -1.890331 2.450150 0.356180
v -1.924087 2.461004 0.386687
v -1.942009 2.469721 0.438449
v -1.941203 2.472634 0.475895
v -1.907078 2.466276 0.500597
vn -0.3926 -0.3196 -0.8624
vn -0.0299 -0.2490 -0.9680
vn -0.1267 -0.2101 -0.9694
vn -0.4586 -0.2872 -0.8410
vn -0.1846 -0.2344 -0.9545
vn 0.1024 -0.1892 -0.9766
vn -0.7098 -0.3706 -0.5991
vn -0.6426 -0.4706 -0.6046
vn -0.3909 -0.6359 -0.6655
vn -0.2429 -0.3879 -0.8891
vn -0.1131 -0.3595 -0.9263
vn 0.9962 -0.0641 -0.0597
vn 0.9792 0.0135 -0.2024
vn 0.9120 -0.2155 -0.3491
vn 0.9012 -0.3903 -0.1881
vn 0.9966 0.0803 -0.0195
vn 0.9872 0.1298 -0.0927
vn 0.9929 -0.1190 -0.0000
vn 0.9974 -0.0716 -0.0000
vn 0.9978 -0.0125 0.0658
vn 0.9979 -0.0293 0.0581
vn 0.9149 -0.4037 -0.0000
vn 0.8669 -0.4358 0.2420
vn 0.9418 -0.3225 0.0947
vn 0.9512 -0.3052 -0.0463
vn 0.9257 -0.3542 -0.1329
vn 0.8045 -0.2066 0.5568
vn 0.9676 -0.1940 0.1615
vn 0.9030 -0.3763 -0.2073
vn 0.8169 -0.5766 0.0152
vn 0.5078 -0.4753 0.7185
vn 0.4751 -0.1793 0.8615
vn 0.5688 -0.7403 0.3583
vn -0.8198 -0.5315 -0.2134
vn -0.7688 -0.6377 0.0471
vn -0.7851 -0.6187 -0.0289
vn -0.8043 -0.5932 -0.0345
vn -0.9629 -0.2687 -0.0239
vn -0.7704 -0.5294 0.3552
vn -0.4503 -0.8919 -0.0404
vn -0.2842 -0.9068 -0.3114
vn -0.6586 -0.4213 -0.6234
vn -0.9452 -0.1369 -0.2963
vn 0.2293 -0.7891 -0.5699
vn -0.9457 -0.2293 0.2305
vn -0.7490 -0.3072 0.5871
vn -0.9366 -0.0670 -0.3439
vn -0.9603 -0.1147 -0.2542
vn -0.9582 -0.1626 -0.2355
vn -0.2398 -0.9708 -0.0120
vn -0.1158 -0.9459 0.3031
vn -0.1959 -0.9806 -0.0030
vn -0.2392 -0.9708 0.0187
vn -0.2276 -0.9737 -0.0073
vn -0.1942 -0.9308 0.3098
vn -0.1746 -0.9794 0.1012
vn -0.2163 -0.9758 0.0307
vn 0.0940 -0.5561 0.8258
vn 0.3434 -0.7466 0.5698
vn 0.4570 -0.8752 -0.1586
vn -0.3031 -0.7787 -0.5493
vn -0.2723 -0.9531 -0.1321
vn -0.1755 -0.9800 0.0938
vn -0.3691 -0.7197 -0.5881
vn -0.1900 -0.9806 0.0492
vn -0.1523 -0.9787 -0.1375
vn -0.1103 -0.9842 -0.1387
vn -0.0935 -0.9952 -0.0280
vn -0.2411 -0.9634 0.1172
vn -0.4886 -0.8209 0.2957
vn -0.3586 -0.8226 0.4413
vn -0.0704 -0.9954 0.0649
vn -0.1446 -0.8373 0.5273
vn -0.0617 -0.9980 0.0095
vn -0.0664 -0.9913 -0.1132
vn 0.8485 -0.3646 -0.3836
vn 0.8992 -0.2775 -0.3384
vn 0.6480 -0.2111 -0.7318
vn 0.4912 -0.3307 -0.8058
vn 0.3540 -0.2369 -0.9047
vn 0.7251 -0.2289 -0.6495
vn 0.2253 -0.4468 -0.8658
vn 0.3804 -0.5843 -0.7169
vn 0.8725 -0.3899 0.2945
vn 0.9235 -0.2689 0.2737
vn -0.4113 0.1467 -0.8996
vn -0.4474 0.1465 -0.8823
vn -0.6254 0.1571 -0.7643
vn -0.3661 -0.0991 -0.9253
vn -0.1829 -0.1645 -0.9693
vn -0.3190 0.2217 -0.9215
vn -0.6468 0.4795 -0.5930
vn -0.8238 -0.0209 -0.5665
vn -0.4500 -0.0166 -0.8929
vn -0.4814 0.5043 -0.7169
vn -0.3203 0.0636 -0.9452
vn -0.2510 -0.3366 -0.9076
vn -0.2739 -0.4858 -0.8300
vn -0.2061 -0.4937 -0.8449
vn -0.4376 -0.1717 -0.8826
vn -0.1702 -0.0392 -0.9846
vn -0.2808 -0.3365 -0.8989
vn -0.4951 0.2420 -0.8345
vn -0.1321 0.2543 -0.9581
vn -0.4472 0.2654 -0.8542
vn -0.4853 0.6208 -0.6157
vn -0.1028 0.4538 -0.8851
vn 0.3795 0.0271 -0.9248
vn 0.1709 -0.2416 -0.9552
vn -0.2295 -0.4828 -0.8451
vn 0.4656 -0.8713 -0.1550
vn 0.7505 -0.6465 -0.1368
vn 0.7331 -0.6667 0.1347
vn 0.4930 -0.8505 0.1832
vn 0.4337 -0.7013 -0.5658
vn 0.7050 -0.4449 -0.5523
vn 0.1602 -0.9581 0.2376
vn 0.0876 -0.9960 0.0154
vn -0.0107 -0.9218 -0.3875
vn 0.0487 -0.8839 -0.4651
vn -0.0056 -0.8521 -0.5234
vn -0.7611 0.2399 -0.6026
vn -0.4785 -0.5971 -0.6438
vn -0.5574 -0.6655 -0.4964
vn -0.5981 -0.7117 -0.3684
vn 0.0888 -0.4237 -0.9014
vn 0.7350 -0.5988 -0.3181
vn 0.8570 -0.3415 -0.3859
vn 0.4106 -0.2797 -0.8679
vn 0.3447 0.8624 -0.3707
vn 0.5986 0.7935 -0.1094
vn 0.3213 0.9390 0.1224
vn -0.0352 0.9805 -0.1934
vn 0.2929 0.8613 -0.4152
vn 0.2969 0.6326 -0.7153
vn 0.4947 0.5322 -0.6870
vn 0.8605 0.4686 -0.2001
vn -0.1040 -0.3959 -0.9124
vn -0.5586 -0.3365 -0.7582
vn -0.6121 -0.2850 -0.7376
vn -0.1033 -0.3180 -0.9425
vn -0.0407 -0.1916 -0.9806
vn -0.4944 -0.2543 -0.8312
vn -0.2487 -0.4142 -0.8755
vn -0.1895 -0.2543 -0.9484
vn -0.2259 -0.2862 -0.9312
vn -0.2183 -0.3707 -0.9027
vn -0.2217 -0.4042 -0.8874
vn -0.0182 -0.2464 -0.9690
vn -0.2541 -0.4507 -0.8558
vn -0.4185 -0.0670 -0.9058
vn 0.0024 0.0887 -0.9961
vn 0.1289 0.0891 -0.9876
vn -0.0676 -0.3015 -0.9511
vn -0.3209 -0.4105 -0.8535
vn 0.1806 -0.9805 0.0776
vn 0.2641 -0.9593 0.0994
vn 0.1600 -0.9870 0.0167
vn 0.0553 -0.9982 0.0214
vn -0.7704 0.5795 0.2656
vn -0.9829 0.1431 -0.1157
vn -0.9963 -0.0810 -0.0274
vn -0.8282 0.5520 0.0973
vn -0.7540 0.6135 0.2349
vn -0.8763 0.4635 -0.1313
vn -0.7935 0.6069 0.0449
vn -0.6528 -0.2214 -0.7244
vn -0.1750 -0.3764 -0.9098
vn -0.2354 -0.5820 -0.7783
vn -0.9996 0.0215 -0.0178
vn -0.0836 -0.9793 0.1843
vn 0.0050 -0.5901 -0.8073
vn 0.9429 -0.3330 -0.0000
vn 0.8693 -0.4943 -0.0000
vn 0.8379 -0.5456 0.0119
vn 0.9274 -0.3723 0.0372
vn 0.9723 -0.1542 -0.1755
vn 0.9198 -0.1256 -0.3717
vn 0.9201 -0.1365 -0.3672
vn 0.9528 -0.1894 -0.2371
vn 0.9540 -0.2698 -0.1306
vn 0.8528 -0.2491 -0.4590
vn 0.9176 0.2802 -0.2819
vn 0.8256 0.3322 -0.4560
vn 0.2070 -0.9603 -0.1868
vn 0.2906 -0.8751 -0.3870
vn 0.5541 -0.6875 -0.4695
vn 0.0161 -0.9916 -0.1282
vn 0.8422 -0.4892 -0.2266
vn 0.5573 -0.2302 -0.7978
vn 0.1036 -0.3277 -0.9391
vn 0.8420 -0.4870 0.2322
vn -0.7270 -0.6855 0.0390
vn -0.9872 0.1363 0.0827
vn -0.9347 0.2495 -0.2531
vn -0.6417 -0.7376 -0.2099
vn -0.6418 -0.7376 -0.2100
vn -0.0364 -0.9989 -0.0290
vn -0.4227 -0.8835 0.2019
vn -0.4227 -0.8835 0.2020
vn -0.8640 -0.0399 0.5020
vn 0.7456 -0.6478 0.1564
vn 0.5176 -0.7919 0.3240
vn 0.0420 -0.9989 0.0210
vn 0.5773 -0.8072 -0.1232
vn 0.7455 -0.6478 0.1564
vn 0.9707 0.0050 -0.2403
vn 0.9826 -0.0384 0.1820
vn 0.8446 -0.0911 0.5276
vn -0.3936 -0.9129 0.1080
vn -0.8954 -0.3299 0.2990
vn -0.9405 -0.3147 -0.1282
vn -0.3372 -0.9404 -0.0451
vn -0.1783 -0.9661 0.1866
vn -0.5897 -0.4370 0.6792
vn -0.0026 -1.0000 0.0085
vn -0.6701 0.7029 -0.2385
vn -0.3479 0.9320 -0.1017
vn -0.2184 0.9639 0.1522
vn -0.6591 0.7140 -0.2363
vn -0.6554 0.7543 -0.0390
vn -0.3834 0.9232 0.0252
vn -0.8421 0.4505 -0.2966
vn -0.8566 0.5100 -0.0781
vn -0.6927 0.3783 -0.6141
vn -0.7465 0.3535 -0.5637
vn -0.7032 0.3865 -0.5967
vn -0.6710 0.6332 -0.3857
vn 0.0008 -1.0000 0.0046
vn 0.0107 -0.9999 0.0062
vn 0.0036 -0.9999 0.0096
vn -0.0028 -1.0000 0.0014
vn -0.0011 -1.0000 0.0013
vn 0.0152 -0.9999 -0.0063
vn -0.0059 -1.0000 -0.0031
vn -0.0051 -1.0000 -0.0055
vn -0.0604 -0.9951 -0.0779
vn -0.0206 -0.9973 -0.0703
vn -0.0060 -1.0000 -0.0063
vn -0.0067 -1.0000 -0.0032
vn -0.0070 -1.0000 -0.0036
vn -0.0588 -0.9961 -0.0651
vn -0.0076 -0.9999 -0.0085
vn -0.1368 -0.9801 -0.1436
vn -0.0399 -0.9910 -0.1278
vn -0.0008 -1.0000 -0.0036
vn 0.0028 -0.9999 0.0100
vn -0.0058 -1.0000 -0.0002
vn -0.2600 -0.9602 -0.1016
vn -0.0114 -0.9999 0.0017
vn -0.0070 -0.9999 0.0085
vn -0.0012 -1.0000 -0.0026
vn 0.0046 -1.0000 -0.0023
vn 0.0208 -0.9998 -0.0002
vn -0.0065 -1.0000 0.0043
vn -0.0113 -0.9999 0.0121
vn 0.0103 -0.9995 -0.0291
vn -0.4516 -0.8922 -0.0082
vn -0.4447 -0.8701 0.2124
vn -0.1942 -0.9307 0.3099
vn -0.2276 -0.9737 -0.0072
vn -0.4243 -0.6375 0.6431
vn -0.1398 -0.5973 0.7898
vn -0.1397 -0.5973 0.7898
vn -0.4205 -0.3185 0.8495
vn -0.1716 -0.2571 0.9510
vn 0.1364 -0.1927 0.9717
vn 0.5750 -0.2542 0.7777
vn -0.2319 -0.0997 0.9676
vn 0.1246 -0.1176 0.9852
vn 0.6016 -0.1916 0.7755
vn 0.1716 -0.0494 0.9839
vn 0.6329 -0.0820 0.7698
vn 0.9547 -0.1034 0.2792
vn 0.9608 -0.0865 -0.2635
vn 0.6463 0.0128 0.7629
vn 0.9530 0.0050 0.3030
vn 0.9830 0.0191 -0.1825
vn 0.7958 0.0337 -0.6046
vn 0.7630 -0.0503 -0.6444
vn 0.9441 0.0538 0.3252
vn 0.9868 0.0551 -0.1523
vn 0.7876 0.0630 -0.6130
vn 0.3957 0.0826 -0.9146
vn 0.4469 0.0200 -0.8943
vn 0.9723 0.1428 -0.1850
vn 0.7497 0.1575 -0.6427
vn 0.3565 0.2256 -0.9067
vn -0.0144 0.3172 -0.9483
vn 0.0135 0.0791 -0.9968
vn 0.7053 0.2114 -0.6767
vn 0.3382 0.3104 -0.8884
vn 0.0291 0.4522 -0.8914
vn -0.2834 0.6045 -0.7445
vn -0.3284 0.4074 -0.8521
vn 0.3653 0.0285 -0.9305
vn 0.0403 0.2040 -0.9781
vn -0.3866 0.3108 -0.8683
vn -0.7804 0.3118 -0.5420
vn -0.5977 0.6512 -0.4676
vn -0.0040 -0.6741 -0.7386
vn -0.3547 -0.6499 -0.6721
vn -0.5929 -0.6728 -0.4425
vn -0.3548 -0.6499 -0.6721
vn -0.0040 -0.6741 -0.7387
vn 0.2347 -0.7556 -0.6115
vn 0.2347 -0.7556 -0.6116
vn 0.0056 -0.9986 -0.0524
vn 0.3747 -0.8292 -0.4147
vn -0.0066 -1.0000 -0.0059
vn -0.0054 -1.0000 -0.0016
vn -0.0031 -1.0000 0.0082
vn -0.0090 -0.9999 0.0057
vn 0.0164 -0.9435 0.3308
vn -0.1378 -0.9210 0.3643
vn -0.2768 -0.9100 0.3087
vn -0.0112 -0.9999 0.0032
vn -0.1378 -0.9210 0.3644
vn -0.2875 -0.2694 0.9191
vn -0.5905 -0.1817 0.7863
vn -0.2344 0.2765 0.9320
vn -0.5082 0.3868 0.7695
vn -0.7130 0.5317 0.4571
vn -0.5174 0.3023 0.8005
vn -0.7820 0.3945 0.4826
vn -0.8849 0.4592 0.0779
vn -0.7862 0.6112 0.0916
vn -0.8356 0.4789 -0.2691
vn -0.7500 0.6294 -0.2035
vn -0.6530 0.4705 -0.5934
vn -0.9379 0.1067 -0.3301
vn -0.7266 0.0800 -0.6824
vn -0.3380 0.0614 -0.9391
vn -0.6963 -0.0726 -0.7141
vn -0.2680 -0.0446 -0.9624
vn 0.1008 -0.0110 -0.9948
vn -0.2147 -0.0811 -0.9733
vn 0.1507 -0.0556 -0.9870
vn 0.4778 -0.0368 -0.8777
vn 0.1354 -0.1060 -0.9851
vn 0.4193 -0.1369 -0.8975
vn 0.0290 -0.1271 -0.9915
vn 0.2168 -0.2342 -0.9477
vn -0.1154 -0.0795 -0.9901
vn -0.0204 -0.1699 -0.9852
vn -0.2127 -0.0099 -0.9771
vn -0.1607 -0.0401 -0.9862
vn 0.1755 -0.0460 -0.9834
vn -0.1713 0.1213 -0.9777
vn 0.0417 0.1538 -0.9872
vn 0.4039 0.1287 -0.9057
vn 0.5829 -0.0461 -0.8112
vn 0.0934 -0.2526 -0.9631
vn -0.4319 -0.3168 -0.8445
vn -0.4373 -0.4848 -0.7575
vn -0.2331 -0.2629 -0.9363
vn -0.3205 -0.4791 -0.8172
vn -0.3713 -0.5004 -0.7821
vn -0.3752 -0.5041 -0.7779
vn -0.1684 -0.4174 -0.8930
vn -0.1784 -0.4946 -0.8506
vn -0.1710 -0.7210 -0.6715
vn 0.0521 -0.4743 -0.8788
vn 0.0509 -0.7178 -0.6944
vn 0.0177 -0.9834 -0.1805
vn -0.1192 -0.9781 -0.1708
vn -0.0065 -0.9965 0.0834
vn -0.0843 -0.9887 0.1239
vn -0.0479 -0.9985 0.0271
vn -0.0945 -0.9867 0.1319
vn -0.1306 -0.9776 0.1649
vn 0.0393 0.9992 -0.0000
vn -0.2217 0.9751 -0.0000
vn -0.2390 0.9710 0.0020
vn 0.0336 0.9991 0.0239
vn 0.2666 0.9586 0.1000
vn 0.2565 0.9666 -0.0000
vn 0.2426 0.9558 0.1658
vn 0.2406 0.9706 -0.0000
vn 0.0107 0.8998 -0.4363
vn -0.0358 0.6937 -0.7193
vn -0.1795 0.4117 -0.8935
vn 0.1841 0.3726 -0.9096
vn 0.4517 0.3279 -0.8297
vn 0.0072 0.1323 -0.9912
vn 0.4892 0.2159 -0.8450
vn 0.9359 0.3373 0.1013
vn 0.9280 0.3453 -0.1397
vn -0.1758 -0.1177 -0.9774
vn 0.5859 -0.0181 -0.8102
vn 0.9713 0.1402 0.1921
vn 0.5730 -0.4210 -0.7031
vn 0.7633 -0.6435 0.0578
vn 0.0956 -0.5678 -0.8176
vn -0.1252 -0.8151 -0.5656
vn -0.0968 -0.2771 -0.9560
vn -0.5941 -0.3639 -0.7174
vn 0.0476 -0.7619 -0.6460
vn 0.0611 -0.9200 -0.3870
vn 0.2398 -0.9605 -0.1414
vn 0.2812 -0.9590 0.0364
vn 0.3914 -0.9186 0.0553
vn 0.2662 -0.9436 -0.1968
vn 0.3808 -0.9236 0.0450
vn 0.5345 -0.8337 -0.1385
vn 0.3320 -0.8031 -0.4948
vn -0.0451 -0.7746 -0.6308
vn 0.5731 -0.8195 -0.0055
vn -0.8445 0.5348 0.0284
vn -0.9888 -0.1494 0.0059
vn -0.9883 -0.0596 0.1407
vn -0.8103 0.5584 0.1776
vn -0.9996 0.0215 -0.0177
vn -0.8636 0.5032 -0.0305
vn -0.8636 0.5032 -0.0306
vn -0.6773 -0.1473 -0.7208
vn -0.3854 -0.3546 -0.8519
vn -0.8764 0.4634 -0.1312
vn -0.1451 -0.7321 -0.6656
vn -0.9829 0.1431 -0.1156
vn 0.5641 -0.7433 -0.3596
vn 0.2678 -0.9328 -0.2412
vn -0.9963 -0.0809 -0.0274
vn -0.0557 -0.9984 -0.0013
vn -0.0868 -0.9788 0.1856
vn 0.7797 -0.6252 0.0336
vn 0.7992 -0.5604 0.2174
vn 0.8653 -0.4198 0.2738
vn 0.8465 -0.4939 0.1985
vn 0.7570 -0.6157 0.2188
vn 0.7331 -0.6666 0.1348
vn 0.8466 -0.4939 0.1984
vn 0.8397 -0.5169 -0.1667
vn 0.7193 -0.2935 -0.6296
vn 0.3010 0.1578 -0.9405
vn 0.1274 0.1754 -0.9762
vn -0.1569 0.4562 -0.8760
vn -0.1650 0.3106 -0.9361
vn -0.2515 -0.0519 -0.9665
vn -0.1653 -0.0782 -0.9831
vn -0.3613 -0.3484 -0.8649
vn -0.3572 -0.3152 -0.8792
vn -0.3696 -0.3890 -0.8438
vn -0.3853 -0.4186 -0.8224
vn 0.8379 -0.5457 0.0119
vn 0.4716 -0.8816 0.0220
vn 0.4547 -0.8734 0.1743
vn 0.2702 -0.9616 0.0478
vn 0.2306 -0.9642 0.1310
vn 0.4240 -0.9034 0.0644
vn 0.4176 -0.9083 0.0257
vn 0.0837 -0.9953 0.0486
vn 0.8111 -0.5844 -0.0252
vn 0.7963 -0.6029 0.0494
vn 0.9560 -0.2912 0.0349
vn 0.9552 -0.2947 -0.0284
vn 0.9753 -0.2118 0.0618
vn 0.9706 -0.2315 -0.0663
vn 0.8384 -0.2984 -0.4561
vn 0.4081 -0.2952 -0.8639
vn -0.1080 -0.2163 -0.9703
vn -0.1218 -0.1238 -0.9848
vn -0.5460 -0.1194 -0.8292
vn -0.5369 -0.0168 -0.8435
vn -0.5328 0.0995 -0.8404
vn -0.1983 -0.0515 -0.9788
vn -0.5492 0.2298 -0.8035
vn -0.8174 0.2048 -0.5385
vn -0.7742 0.3595 -0.5209
vn -0.7530 0.4583 -0.4721
vn -0.6163 0.3165 -0.7211
vn -0.7927 0.4583 -0.4019
vn -0.7309 0.3455 -0.5886
vn -0.8415 0.4186 -0.3416
vn -0.7731 0.3570 -0.5243
vn -0.7124 0.2576 -0.6528
vn -0.6535 0.3416 -0.6754
vn -0.6011 0.2509 -0.7587
vn -0.3005 0.1672 -0.9390
vn -0.6735 0.1541 -0.7230
vn -0.5727 -0.0411 -0.8187
vn 0.1480 0.2615 -0.9538
vn 0.0012 0.0520 -0.9986
vn 0.0024 0.1526 -0.9883
vn -0.4590 -0.0003 -0.8884
vn -0.8386 0.5218 -0.1562
vn -0.8772 0.4661 -0.1148
vn -0.8448 0.5351 -0.0000
vn -0.8777 0.4791 -0.0000
vn -0.8543 0.5198 -0.0000
vn -0.6537 0.7567 -0.0000
vn -0.8410 0.5410 -0.0000
vn -0.8284 0.5283 -0.1859
vn -0.8868 0.4153 -0.2028
vn -0.9063 0.4226 -0.0000
vn -0.9434 0.2657 -0.1988
vn -0.9594 0.2819 -0.0000
vn -0.9743 0.1358 -0.1799
vn -0.9877 0.1566 -0.0000
vn -0.9867 0.0455 -0.1558
vn -0.9980 0.0629 -0.0000
vn -0.8474 0.0739 -0.5258
vn -0.8596 -0.0164 -0.5107
vn 0.9538 -0.3005 -0.0000
vn 0.9740 -0.2264 -0.0000
vn 0.7953 -0.6063 -0.0000
vn 0.4088 -0.9126 -0.0000
vn 0.2612 -0.9653 -0.0000
vn 0.4771 -0.8789 -0.0000
vn -0.4035 -0.2961 -0.8657
vn -0.6973 -0.0792 -0.7124
vn -0.8689 -0.1117 -0.4822
vn -0.7606 0.0152 -0.6490
vn -0.8735 -0.0250 -0.4862
vn -0.6112 0.0956 -0.7857
vn -0.6372 0.0155 -0.7706
vn -0.6750 -0.0136 -0.7377
vn -0.2866 0.0341 -0.9574
vn -0.2786 0.0087 -0.9604
vn -0.2578 -0.0358 -0.9655
vn -0.6833 -0.0577 -0.7278
vn -0.2193 -0.0867 -0.9718
vn -0.6258 -0.1141 -0.7716
vn -0.1964 -0.1143 -0.9738
vn -0.5878 -0.1615 -0.7927
vn -0.9442 -0.1897 -0.2693
vn -0.9475 -0.1675 0.2724
vn -0.6315 -0.1161 -0.7667
vn -0.9412 -0.1252 -0.3137
vn -0.9741 -0.0867 0.2090
vn -0.7579 -0.0421 0.6510
vn -0.7509 -0.1534 0.6424
vn -0.9403 -0.0737 -0.3322
vn -0.9928 -0.0378 0.1133
vn -0.7855 0.0183 0.6187
vn -0.4874 0.0430 0.8721
vn -0.4903 -0.0236 0.8712
vn -0.9908 0.1211 0.0607
vn -0.8236 0.1327 0.5514
vn -0.5054 0.1273 0.8534
vn -0.1862 0.1016 0.9772
vn -0.2005 0.0374 0.9790
vn -0.2018 0.2255 0.9531
vn -0.2017 0.2255 0.9531
vn 0.1403 0.1802 0.9736
vn 0.1819 0.0747 0.9805
vn -0.1861 0.1016 0.9773
vn -0.2343 0.2764 0.9320
vn 0.0935 0.2208 0.9708
vn 0.5559 0.1679 0.8141
vn 0.5925 0.1528 0.7909
vn -0.2874 -0.2694 0.9191
vn 0.0607 -0.3562 0.9324
vn 0.5005 -0.4129 0.7610
vn 0.8661 -0.3599 0.3469
vn 0.9244 0.1319 0.3580
vn 0.0164 -0.9435 0.3309
vn 0.1743 -0.9475 0.2682
vn 0.3545 -0.9237 0.1453
vn 0.4503 -0.8827 -0.1343
vn 0.9360 -0.2494 -0.2485
vn 0.1743 -0.9475 0.2681
vn 0.6883 -0.1347 -0.7128
vn 0.9619 0.1603 -0.2213
vn 0.9284 0.1438 0.3427
vn 0.6350 0.0579 0.7703
vn 0.2009 0.0258 0.9793
vn -0.2349 -0.0249 0.9717
vn -0.2320 -0.0997 0.9676
vn -0.4663 -0.1297 0.8751
vn -0.1980 0.0663 -0.9780
vn -0.3163 0.1632 -0.9345
vn -0.1180 0.2271 -0.9667
vn -0.0763 0.3000 -0.9509
vn -0.1085 0.3902 -0.9143
vn 0.0076 0.4086 -0.9127
vn 0.0400 0.4759 -0.8786
vn -0.0242 0.3434 -0.9389
vn -0.2965 -0.0725 -0.9523
vn 0.0806 -0.0217 -0.9965
vn 0.0565 0.1347 -0.9893
vn -0.1479 0.1594 -0.9761
vn -0.1733 -0.0010 -0.9849
vn -0.1470 0.2109 -0.9664
vn -0.2154 0.2301 -0.9490
vn -0.2259 0.0029 -0.9741
vn -0.1911 -0.2309 -0.9540
vn -0.1743 0.0056 -0.9847
vn -0.1238 -0.2675 -0.9556
vn -0.0212 -0.4293 -0.9029
vn 0.0737 -0.3298 -0.9412
vn 0.1255 -0.4731 -0.8720
vn 0.1363 -0.4574 -0.8787
vn 0.1396 -0.4637 -0.8749
vn 0.0670 -0.4374 -0.8967
vn -0.0629 -0.7294 -0.6812
vn 0.0624 -0.7318 -0.6786
vn -0.2076 -0.9706 -0.1222
vn -0.0371 -0.9903 -0.1337
vn -0.5293 -0.8416 -0.1073
vn -0.8076 -0.5792 -0.1109
vn -0.7227 -0.5324 0.4409
vn -0.5182 -0.4498 0.7275
vn -0.8897 -0.4249 -0.1672
vn -0.8310 -0.3642 0.4205
vn -0.5965 -0.2437 0.7647
vn -0.3320 -0.1452 0.9320
vn -0.2558 -0.3555 0.8990
vn -0.9206 -0.1840 0.3446
vn -0.6914 -0.0954 0.7162
vn -0.4212 -0.0153 0.9069
vn -0.0397 0.0504 0.9979
vn -0.0343 -0.0847 0.9958
vn -0.7334 0.0510 0.6779
vn -0.4701 0.0475 0.8813
vn -0.0825 0.0608 0.9947
vn -0.0824 0.0608 0.9947
vn 0.3091 0.0784 0.9478
vn 0.2886 0.0670 0.9551
vn -0.0396 0.0504 0.9979
vn -0.4284 0.1132 0.8965
vn -0.1007 0.0331 0.9944
vn -0.1006 0.0331 0.9944
vn 0.2701 0.0183 0.9627
vn 0.5355 0.0418 0.8435
vn 0.5387 0.0909 0.8376
vn -0.0889 0.0843 0.9925
vn 0.2339 0.0567 0.9706
vn 0.5406 0.0691 0.8385
vn 0.8375 0.1147 0.5343
vn 0.8312 0.0747 0.5509
vn 0.2419 -0.0458 0.9692
vn 0.5844 -0.0900 0.8065
vn 0.1726 -0.7191 0.6732
vn 0.3951 -0.7674 0.5049
vn 0.1726 -0.7190 0.6732
vn 0.0143 -0.9963 0.0852
vn 0.0478 -0.9978 0.0468
vn 0.0261 -0.9996 -0.0108
vn 0.0211 -0.9991 -0.0370
vn 0.3458 -0.7419 -0.5745
vn 0.4854 -0.7913 -0.3718
vn 0.3458 -0.7420 -0.5744
vn 0.5039 0.0739 -0.8606
vn 0.7788 0.0352 -0.6263
vn 0.4528 0.2904 -0.8430
vn 0.7335 0.2977 -0.6110
vn 0.9202 0.2878 -0.2652
vn 0.7727 0.1764 -0.6098
vn 0.9346 0.1641 -0.3155
vn 0.9909 0.1210 0.0588
vn 0.9713 0.2051 0.1203
vn 0.9379 0.0708 -0.3396
vn 0.9939 0.0881 0.0659
vn 0.8150 0.0989 0.5709
vn 0.9909 0.0029 0.1347
vn 0.7960 0.0313 0.6045
vn 0.5052 0.0508 0.8615
vn 0.2024 -0.1134 0.9727
vn 0.1204 -0.3811 0.9167
vn -0.0494 -0.3044 0.9513
vn -0.0342 -0.0846 0.9958
vn 0.1733 -0.8236 0.5400
vn 0.0158 -0.8340 0.5516
vn 0.0159 -0.8340 0.5516
vn 0.2367 -0.9716 0.0022
vn 0.0793 -0.9967 -0.0159
vn 0.2414 -0.9638 -0.1134
vn 0.0856 -0.9914 -0.0990
vn 0.2372 -0.9715 -0.0000
vn 0.0896 -0.9960 -0.0000
vn -0.0594 -0.9982 -0.0000
vn 0.5249 -0.8512 -0.0000
vn 0.5163 -0.8413 -0.1603
vn 0.8125 -0.5724 -0.1101
vn 0.8270 -0.5623 -0.0000
vn 0.7918 -0.5964 -0.1316
vn 0.9456 -0.3249 0.0152
vn 0.9665 -0.2555 0.0245
vn 0.9674 -0.2532 -0.0000
vn 0.5450 -0.8335 -0.0910
vn 0.9727 -0.1055 -0.2067
vn 0.9544 -0.1836 -0.2356
vn 0.9636 -0.0795 -0.2553
vn 0.9902 0.0378 -0.1344
vn 0.9668 0.1062 -0.2323
vn 0.9050 0.0012 -0.4255
vn 0.6905 0.1239 -0.7127
vn 0.8319 0.2433 -0.4987
vn 0.7970 -0.0860 -0.5979
vn 0.5292 -0.0079 -0.8485
vn 0.3391 -0.0075 -0.9407
vn 0.4615 0.1561 -0.8733
vn 0.6841 -0.1077 -0.7214
vn 0.4027 -0.0852 -0.9114
vn 0.2324 -0.0975 -0.9677
vn 0.0563 -0.1520 -0.9868
vn 0.2206 -0.0164 -0.9752
vn 0.3100 -0.1682 -0.9357
vn 0.5513 -0.1969 -0.8107
vn 0.4637 -0.2459 -0.8512
vn 0.2277 -0.2224 -0.9480
vn 0.4233 -0.1860 -0.8867
vn 0.1460 -0.1789 -0.9730
vn 0.4366 -0.0436 -0.8986
vn 0.0849 -0.0626 -0.9944
vn -0.2197 -0.1024 -0.9702
vn -0.5269 -0.1498 -0.8366
vn 0.0589 0.0442 -0.9973
vn -0.2605 0.0455 -0.9644
vn -0.5470 0.0571 -0.8352
vn -0.8315 0.0650 -0.5516
vn -0.7889 -0.1911 -0.5840
vn -0.1953 0.2414 -0.9506
vn -0.4899 0.3153 -0.8128
vn -0.7903 0.3585 -0.4968
vn -0.9304 0.3484 -0.1136
vn -0.9887 0.0626 -0.1359
vn -0.4282 0.5053 -0.7492
vn -0.7274 0.5375 -0.4266
vn -0.8393 0.5357 -0.0925
vn -0.8107 0.4912 0.3186
vn -0.8957 0.3084 0.3204
vn -0.8156 0.3903 -0.4271
vn -0.9049 0.4115 -0.1088
vn -0.8534 0.4055 0.3275
vn -0.6137 0.2762 0.7397
vn -0.6121 0.3638 0.7022
vn -0.9405 -0.3148 -0.1282
vn -0.8954 -0.3300 0.2989
vn -0.3532 0.1970 0.9146
vn -0.6803 0.2189 0.6995
vn -0.3244 0.1151 0.9389
vn -0.0743 0.0147 0.9971
vn -0.0890 0.0843 0.9925
vn -0.2978 -0.5687 0.7668
vn -0.0701 -0.6547 0.7526
vn -0.0700 -0.6547 0.7527
vn -0.0742 0.0147 0.9971
vn -0.0701 -0.6546 0.7527
vn -0.2978 -0.5686 0.7668
vn -0.0784 -0.9836 0.1627
vn -0.0296 -0.9919 0.1235
vn 0.0046 -0.9999 0.0160
vn -0.9511 0.0591 0.3032
vn -0.9609 -0.2194 -0.1691
vn -0.8388 -0.3894 -0.3805
vn -0.5020 0.3716 -0.7810
vn -0.5258 -0.5071 -0.6829
vn -0.8388 -0.3893 -0.3805
vn -0.5258 -0.5070 -0.6830
vn -0.0912 0.2657 -0.9597
vn -0.1151 -0.5937 -0.7964
vn -0.1151 -0.5936 -0.7965
vn 0.1906 0.1560 -0.9692
vn 0.1469 -0.6753 -0.7228
vn 0.0059 -0.9966 -0.0827
vn -0.1088 0.4083 -0.9063
vn 0.1243 0.3350 -0.9340
vn 0.0761 0.1986 -0.9771
vn 0.4507 0.1783 -0.8747
vn 0.4527 0.0570 -0.8899
vn 0.7845 0.0664 -0.6166
vn 0.7564 -0.0376 -0.6530
vn 0.9449 -0.0268 -0.3264
vn 0.7441 -0.2096 -0.6343
vn 0.9503 -0.2063 -0.2330
vn 0.7873 -0.2989 -0.5393
vn 0.9425 -0.3089 -0.1278
vn 0.2276 -0.0439 -0.9728
vn 0.2525 0.2131 -0.9438
vn 0.3015 0.1724 -0.9377
vn 0.0892 -0.2823 -0.9552
vn 0.2034 -0.3588 -0.9110
vn 0.2301 -0.0454 -0.9721
vn 0.0293 -0.0067 -0.9995
vn 0.0366 0.3168 -0.9478
vn 0.2118 0.2715 -0.9388
vn 0.0394 0.5043 -0.8626
vn 0.1680 0.4217 -0.8910
vn 0.2774 0.3626 -0.8897
vn 0.1909 0.5719 -0.7978
vn 0.4098 0.5201 -0.7494
vn 0.5615 0.5138 -0.6486
vn 0.4063 0.3496 -0.8442
vn 0.7442 0.4422 -0.5006
vn 0.6050 0.3256 -0.7266
vn 0.9182 0.2824 -0.2779
vn 0.8094 0.4947 -0.3165
vn 0.6783 0.6124 -0.4061
vn 0.7160 0.6300 -0.3008
vn 0.7800 0.5291 -0.3341
vn 0.7007 0.6715 -0.2411
vn 0.7110 0.6006 -0.3658
vn 0.6367 0.4665 -0.6140
vn 0.6973 0.7129 -0.0744
vn 0.4362 0.8981 -0.0555
vn 0.4328 0.9015 -0.0000
vn 0.6864 0.7272 -0.0000
vn 0.6636 0.7283 -0.1710
vn 0.6823 0.6929 -0.2333
vn 0.4107 0.8570 -0.3113
vn 0.0705 0.9354 -0.3465
vn 0.0807 0.9926 -0.0910
vn 0.6336 0.6875 -0.3548
vn 0.3744 0.8292 -0.4151
vn 0.0467 0.8986 -0.4363
vn -0.0707 0.8941 -0.4423
vn -0.0843 0.9415 -0.3263
vn 0.2999 0.7543 -0.5841
vn 0.0143 0.8151 -0.5791
vn -0.0624 0.8255 -0.5609
vn -0.0873 0.8074 -0.5836
vn -0.0652 0.8907 -0.4499
vn 0.0107 0.6546 -0.7559
vn -0.0540 0.6880 -0.7237
vn -0.1305 0.6571 -0.7425
vn -0.0483 0.5768 -0.8155
vn 0.0321 0.7376 -0.6745
vn -0.0775 0.5071 -0.8584
vn -0.1767 0.4549 -0.8728
vn -0.1115 0.4190 -0.9011
vn -0.1391 0.2860 -0.9481
vn 0.1373 0.6300 -0.7644
vn 0.2052 0.8060 -0.5553
vn 0.0813 0.8634 -0.4979
vn 0.2030 0.9474 -0.2475
vn 0.0883 0.9612 -0.2614
vn -0.0712 0.9590 -0.2744
vn 0.0795 0.9963 -0.0336
vn -0.0836 0.9953 -0.0485
vn -0.0996 0.9917 -0.0814
vn -0.0859 0.9963 -0.0000
vn -0.1027 0.9947 -0.0000
vn 0.0782 0.9969 -0.0000
vn -0.3797 0.9251 -0.0000
vn -0.1891 0.9820 -0.0000
vn -0.1860 0.9822 -0.0264
vn -0.3773 0.9260 -0.0156
vn -0.3775 0.9260 -0.0033
vn -0.3704 0.9289 -0.0000
vn -0.4058 0.8886 -0.2136
vn -0.4501 0.8540 -0.2610
vn -0.3134 0.8755 -0.3679
vn -0.5212 0.6355 -0.5697
vn -0.4021 0.6524 -0.6424
vn -0.5140 0.4098 -0.7535
vn -0.4591 0.3979 -0.7943
vn -0.5602 0.2646 -0.7850
vn -0.5976 0.1728 -0.7829
vn -0.4422 0.1156 -0.8895
vn -0.3924 0.4682 -0.7917
vn -0.3659 0.3521 -0.8615
vn -0.1454 0.5212 -0.8410
vn -0.4226 0.6940 -0.5829
vn -0.1719 0.7603 -0.6264
vn 0.1041 0.7818 -0.6148
vn 0.0603 0.5553 -0.8294
vn -0.1868 0.9570 -0.2218
vn 0.0979 0.9679 -0.2315
vn 0.0732 0.9970 -0.0262
vn 0.1714 0.9848 -0.0278
vn 0.0721 0.9974 -0.0000
vn 0.1687 0.9857 -0.0000
vn 0.0784 0.9969 -0.0000
vn 0.5601 0.6559 -0.5060
vn -0.0843 0.9891 0.1209
vn -0.0894 0.9960 -0.0000
vn -0.3838 0.9234 -0.0000
vn -0.1131 -0.9933 -0.0228
vn -0.4370 -0.8987 0.0366
vn -0.2991 -0.8670 -0.3985
vn 0.6241 0.7814 -0.0000
vn 0.6746 0.7381 -0.0000
vn 0.6654 0.7253 -0.1765
vn 0.6554 0.7552 -0.0000
vn -0.1309 -0.9914 -0.0000
vn -0.1234 -0.9924 -0.0000
vn -0.1216 -0.9878 0.0972
vn -0.1181 -0.9923 0.0380
vn -0.1459 -0.9893 -0.0000
vn -0.1195 -0.9928 -0.0000
vn -0.1177 -0.9931 -0.0000
vn -0.0960 -0.9931 -0.0668
vn -0.1318 -0.9913 -0.0000
vn -0.2310 -0.9730 -0.0000
vn -0.1377 -0.9871 0.0817
vn -0.2461 -0.9693 -0.0000
vn -0.7952 -0.6064 -0.0000
vn -0.8085 -0.5885 -0.0000
vn -0.4922 -0.8705 -0.0000
vn -0.2289 -0.9734 -0.0000
vn -0.4595 -0.8882 -0.0000
vn -0.2290 -0.9734 -0.0000
vn -0.1556 -0.9878 -0.0000
vn -0.0000 -1.0000 -0.0000
vn 0.0103 -0.9998 0.0183
vn 0.1792 -0.9838 -0.0000
vn 0.4108 -0.9117 -0.0000
vn 0.1839 -0.9818 0.0463
vn 0.5972 -0.8021 -0.0000
vn -0.0429 -0.9991 -0.0000
vn -0.9948 -0.1015 -0.0000
vn -0.8566 0.5161 -0.0000
vn -0.7938 0.6082 -0.0000
vn 0.7749 -0.6321 -0.0000
vn -0.0329 -0.9995 -0.0000
vn -0.8429 0.5380 -0.0000
vn -0.9853 -0.1706 -0.0000
vn 0.7126 -0.7016 -0.0000
vn 0.7076 -0.7047 -0.0519
vn 0.6667 -0.7259 -0.1689
vn 0.8513 -0.5247 -0.0000
vn 0.4714 -0.4399 -0.7644
vn 0.2337 -0.9723 -0.0000
vn 0.9799 -0.1826 0.0802
vn 0.9924 -0.1069 0.0611
vn 0.9880 -0.1158 -0.1026
vn 0.9761 -0.1998 -0.0849
vn -0.9999 0.0172 -0.0000
vn -0.9847 -0.0025 -0.1744
vn -0.9765 -0.0969 -0.1927
vn -0.9960 -0.0895 -0.0000
vn -0.9985 0.0546 -0.0000
vn -0.9880 0.0314 -0.1509
vn -0.8520 -0.0373 -0.5222
vn -0.8365 -0.0448 -0.5461
vn -0.5037 -0.0910 -0.8590
vn -0.4848 -0.1099 -0.8677
vn -0.8162 -0.1065 -0.5679
vn -0.5275 -0.1345 -0.8388
vn -0.0943 -0.2193 -0.9711
vn -0.0609 -0.1316 -0.9894
vn 0.4253 -0.1526 -0.8921
vn 0.4189 -0.0854 -0.9040
vn -0.0516 -0.1056 -0.9931
vn 0.4099 -0.2627 -0.8735
vn 0.8326 -0.2436 -0.4974
vn 0.8416 -0.1419 -0.5211
vn 0.9899 -0.0071 -0.1416
vn 0.8328 -0.0428 -0.5519
vn 0.9895 0.0512 -0.1354
vn 0.8230 0.0111 -0.5680
vn 0.3852 -0.0683 -0.9203
vn 0.8421 0.0649 -0.5354
vn 0.3902 -0.0443 -0.9196
vn -0.0112 -0.1283 -0.9917
vn -0.0439 -0.1253 -0.9911
vn -0.3786 -0.1932 -0.9052
vn -0.4407 -0.1531 -0.8845
vn -0.7593 -0.2473 -0.6020
vn -0.7950 -0.1708 -0.5821
vn -0.9449 -0.2680 -0.1880
vn -0.9647 -0.1846 -0.1879
vn -0.9633 -0.2683 -0.0000
vn -0.9820 -0.1890 -0.0000
vn 0.9945 0.0550 0.0894
vn 0.9887 0.1346 0.0655
vn 0.9875 0.1210 -0.1012
vn 0.9977 -0.0058 0.0677
vn 0.9682 0.2457 0.0472
vn 0.9675 0.2373 -0.0872
vn 0.8488 0.1771 -0.4982
vn 0.9050 0.4191 -0.0724
vn 0.7737 0.3219 -0.5458
vn 0.3744 0.0870 -0.9232
vn 0.4258 0.0312 -0.9043
vn 0.0615 -0.0800 -0.9949
vn 0.0285 -0.0857 -0.9959
vn -0.2469 -0.2438 -0.9379
vn -0.3231 -0.1924 -0.9266
vn -0.6109 -0.4447 -0.6550
vn -0.7086 -0.3128 -0.6326
vn -0.8003 -0.5586 -0.2181
vn -0.9110 -0.3661 -0.1899
vn -0.8171 -0.5765 -0.0000
vn -0.9306 -0.3661 -0.0000
vn 0.8971 0.4287 0.1074
vn 0.6111 0.7824 0.1198
vn 0.6428 0.7608 -0.0892
vn 0.5537 0.4995 -0.6663
vn 0.2563 0.0927 -0.9621
vn 0.0431 -0.1160 -0.9923
vn -0.1876 -0.3467 -0.9190
vn -0.4493 -0.6204 -0.6428
vn -0.5842 -0.7780 -0.2310
vn -0.5967 -0.8025 -0.0000
vn 0.9826 -0.1856 -0.0000
vn 0.9942 -0.1078 -0.0000
vn 0.9999 -0.0134 -0.0000
vn 0.9983 0.0575 -0.0000
vn 0.9898 0.1424 -0.0000
vn 0.9684 0.2493 -0.0000
vn 0.8978 0.4404 -0.0000
vn 0.6117 0.7911 -0.0000
vn 0.2778 0.9579 0.0731
vn 0.3191 0.9401 -0.1195
vn 0.3719 0.5867 -0.7194
vn 0.2643 0.0831 -0.9608
vn 0.1334 -0.1389 -0.9813
vn -0.0353 -0.4040 -0.9141
vn -0.2262 -0.7290 -0.6461
vn -0.3425 -0.9136 -0.2190
vn -0.3635 -0.9316 -0.0000
vn 0.2905 0.9569 -0.0000
vn 0.1331 0.9875 0.0847
vn 0.1655 0.9777 -0.1292
vn 0.2389 0.6150 -0.7515
vn 0.2366 0.1015 -0.9663
vn 0.2124 -0.1183 -0.9700
vn 0.1514 -0.3859 -0.9100
vn 0.0539 -0.7454 -0.6644
vn -0.0316 -0.9720 -0.2328
vn 0.1415 0.9899 -0.0000
vn -0.1937 0.9763 0.0965
vn -0.1744 0.9770 -0.1223
vn -0.0256 0.6324 -0.7742
vn 0.1269 0.1197 -0.9847
vn 0.1861 -0.0881 -0.9786
vn 0.2353 -0.3306 -0.9140
vn 0.2806 -0.6745 -0.6829
vn 0.2884 -0.9228 -0.2556
vn 0.2738 -0.9618 -0.0000
vn -0.1905 0.9817 -0.0000
vn -0.3565 0.9289 0.1003
vn -0.3223 0.9392 -0.1189
vn -0.0964 0.6210 -0.7778
vn 0.1313 0.1133 -0.9848
vn 0.2020 -0.0828 -0.9759
vn 0.2803 -0.2987 -0.9123
vn 0.3929 -0.6049 -0.6926
vn 0.4674 -0.8414 -0.2713
vn 0.4691 -0.8832 -0.0000
vn -0.3548 0.9349 -0.0000
vn -0.2839 0.9534 0.1016
vn -0.2344 0.9635 -0.1291
vn -0.0186 0.6238 -0.7813
vn 0.1561 0.1192 -0.9805
vn 0.1780 -0.0968 -0.9793
vn 0.2398 -0.2912 -0.9261
vn 0.3943 -0.5957 -0.6997
vn 0.5150 -0.8133 -0.2708
vn 0.5323 -0.8466 -0.0000
vn -0.2831 0.9591 -0.0000
vn 0.2650 -0.3089 -0.9135
vn 0.4669 -0.5321 -0.7063
vn 0.6441 -0.7151 -0.2716
vn 0.6744 -0.7384 -0.0000
vn 0.2622 -0.2403 -0.9346
vn 0.5488 -0.4512 -0.7038
vn 0.7480 -0.6058 -0.2710
vn 0.7802 -0.6255 -0.0000
vn 0.6897 0.7240 -0.0000
vn 0.4555 0.3432 -0.8214
vn -0.3953 -0.5536 -0.7329
vn -0.6888 -0.7250 -0.0000
vn 0.9723 0.2337 -0.0000
vn 0.5679 0.0559 -0.8212
vn -0.5965 -0.2889 -0.7488
vn -0.9468 -0.3217 -0.0000
vn 0.9952 -0.0983 -0.0000
vn 0.5369 -0.0888 -0.8390
vn -0.7151 0.0077 -0.6990
vn -0.9985 0.0553 -0.0000
vn -0.7360 0.1198 -0.6663
vn -0.7334 0.1516 -0.6627
vn -0.9733 0.2294 -0.0000
vn -0.9822 0.1880 -0.0000
vn 0.4449 -0.1231 -0.8871
vn 0.4255 -0.1381 -0.8944
vn 0.9773 -0.2119 -0.0000
vn 0.9678 -0.2519 -0.0000
vn -0.7341 0.0497 -0.6772
vn -0.9954 0.0962 -0.0000
vn 0.4901 -0.0849 -0.8675
vn 0.9928 -0.1196 -0.0000
vn -0.7268 0.0329 -0.6861
vn -0.9971 0.0767 -0.0000
vn 0.5207 -0.0800 -0.8500
vn 0.9949 -0.1009 -0.0000
vn 0.5986 0.7936 -0.1093
vn 0.7571 0.5492 0.3539
vn 0.6532 0.5488 0.5216
vn 0.3213 0.9390 0.1223
vn 0.8605 0.4685 -0.2001
vn 0.8674 0.3541 0.3496
vn -0.2184 0.9639 0.1523
vn 0.1453 0.8911 0.4298
vn -0.6861 0.6874 -0.2384
vn -0.7891 0.3216 -0.5234
vn -0.6735 0.1541 -0.7229
vn -0.7865 0.1608 -0.5963
vn -0.6751 -0.1518 -0.7219
vn -0.3209 -0.4106 -0.8535
vn -0.5585 -0.3365 -0.7582
vn -0.8905 -0.1924 -0.4123
vn -0.9039 -0.3146 -0.2900
vn -0.6121 -0.2850 -0.7377
vn -0.8478 -0.2369 -0.4745
vn 0.7861 0.1975 0.5857
vn 0.8191 0.2691 0.5067
vn 0.9280 0.3453 -0.1398
vn 0.9713 0.1402 0.1920
vn 0.7755 0.1811 0.6048
vn 0.7633 -0.6435 0.0577
vn 0.2676 -0.2283 0.9361
vn -0.5941 -0.3640 -0.7174
vn -0.7540 -0.5926 0.2836
vn -0.1251 -0.8151 -0.5656
vn -0.4185 -0.0671 -0.9057
vn -0.7470 -0.2312 -0.6234
vn -0.8131 -0.1638 -0.5586
vn -0.4591 -0.0003 -0.8884
vn -0.7892 -0.2558 -0.5583
vn -0.7753 -0.4445 -0.4486
vn -0.8209 -0.2003 -0.5348
vn 0.8771 0.2099 0.4320
vn 0.8040 0.3179 0.5025
vn 0.8588 0.2775 0.4306
vn 0.3029 0.1748 0.9369
vn -0.7806 -0.4356 0.4483
vn -0.7901 -0.2410 -0.5636
vn -0.8299 -0.1441 -0.5389
vn -0.6286 -0.3403 -0.6993
vn -0.6226 -0.4699 -0.6258
vn -0.6853 -0.2212 -0.6939
vn 0.5811 0.2026 0.7882
vn 0.6168 0.2977 0.7286
vn 0.6983 0.3835 0.6044
vn 0.4379 0.1223 0.8907
vn -0.6870 -0.6067 0.4000
vn -0.7554 -0.2312 -0.6131
vn -0.7396 -0.1834 -0.6476
vn 0.7041 -0.2258 0.6732
vn 0.8878 -0.0272 0.4594
vn 0.2402 -0.8213 -0.5174
vn 0.2057 -0.9039 0.3752
vn 0.7424 -0.0999 0.6625
vn 0.3823 0.2684 0.8842
vn -0.3632 -0.2878 -0.8861
vn 0.4932 -0.6247 -0.6053
vn 0.6401 -0.0844 0.7636
vn 0.2357 0.2098 0.9489
vn -0.1392 -0.2852 -0.9483
vn 0.5999 -0.5619 -0.5696
vn 0.7605 0.2476 0.6003
vn 0.3835 0.4299 0.8174
vn -0.2908 -0.4610 -0.8384
vn 0.6238 -0.5189 -0.5844
vn 0.7857 0.2919 0.5454
vn 0.3745 0.3477 0.8596
vn -0.3651 -0.3422 -0.8658
vn 0.6272 -0.1528 -0.7637
vn 0.7274 0.3712 0.5772
vn 0.3530 0.2441 0.9032
vn -0.3214 -0.1982 -0.9260
vn 0.5232 0.2236 -0.8223
vn 0.5561 0.6014 0.5737
vn 0.3891 0.3092 0.8678
vn -0.3429 -0.2358 -0.9093
vn 0.2346 0.5032 -0.8317
vn 0.4549 0.7155 0.5302
vn 0.4873 0.2928 0.8227
vn -0.4904 -0.2178 -0.8439
vn -0.1625 0.6517 -0.7409
vn 0.4403 0.7785 0.4473
vn 0.6824 0.3131 0.6606
vn -0.6525 -0.2538 -0.7141
vn -0.5181 0.6378 -0.5699
vn -0.8161 0.2150 -0.5364
vn -0.7102 -0.1762 -0.6816
vn -0.4130 -0.5831 -0.6996
vn -0.6324 -0.3354 -0.6982
vn -0.7157 0.5574 -0.4208
vn -0.2542 -0.4507 -0.8557
vn -0.4921 -0.5420 -0.6812
vn 0.5662 0.7043 0.4283
vn 0.8079 0.3562 0.4695
vn 0.5662 0.7042 0.4283
vn 0.4403 0.7786 0.4472
vn 0.4548 0.7155 0.5303
vn 0.5560 0.6014 0.5737
vn 0.7273 0.3711 0.5773
vn -0.6173 -0.4658 -0.6340
vn -0.6942 -0.3385 -0.6352
vn -0.5171 -0.3020 -0.8009
vn -0.3637 -0.3318 -0.8704
vn -0.4852 -0.2740 -0.8304
vn -0.2692 -0.3613 -0.8927
vn -0.1525 -0.3537 -0.9228
vn -0.3972 -0.2869 -0.8717
vn -0.3382 -0.2357 -0.9111
vn 0.4358 0.3393 0.8336
vn 0.2616 0.3335 -0.9057
vn -0.8874 -0.1346 -0.4410
vn 0.0781 0.7220 -0.6875
vn 0.3589 -0.1330 -0.9239
vn 0.3468 -0.5852 -0.7330
vn 0.2066 -0.9214 -0.3292
vn -0.0345 -0.9820 0.1858
vn -0.0345 -0.9820 0.1859
vn -0.2714 -0.7595 0.5912
vn -0.4510 -0.3734 0.8107
vn -0.5497 0.0974 0.8296
vn -0.5419 0.5532 0.6327
vn -0.4091 0.8833 0.2288
vn -0.1695 0.9449 -0.2802
vn 0.0494 0.7175 -0.6948
vn -0.2177 0.9326 -0.2878
vn 0.2707 0.3366 -0.9019
vn 0.4137 -0.1240 -0.9019
vn 0.4468 -0.5638 -0.6947
vn 0.3440 -0.8960 -0.2808
vn 0.1104 -0.9645 0.2399
vn 0.1104 -0.9645 0.2400
vn -0.1492 -0.7521 0.6419
vn -0.3681 -0.3708 0.8526
vn -0.5112 0.0954 0.8541
vn -0.5454 0.5360 0.6444
vn -0.4489 0.8626 0.2332
vn -0.3034 0.8994 -0.3147
vn -0.5259 0.8219 0.2187
vn -0.0115 0.6916 -0.7222
vn 0.2451 0.3250 -0.9134
vn 0.4310 -0.1193 -0.8944
vn 0.5058 -0.5416 -0.6715
vn 0.4388 -0.8626 -0.2519
vn 0.2168 -0.9376 0.2717
vn 0.2168 -0.9376 0.2718
vn -0.0634 -0.7359 0.6741
vn -0.3183 -0.3666 0.8742
vn -0.5061 0.0837 0.8584
vn -0.5842 0.5054 0.6350
vn -0.5955 0.7773 0.2028
vn -0.6186 0.4741 0.6266
vn -0.3838 0.8578 -0.3418
vn -0.0691 0.6571 -0.7507
vn 0.2209 0.3064 -0.9259
vn 0.4481 -0.1167 -0.8863
vn 0.5627 -0.5154 -0.6463
vn 0.5305 -0.8185 -0.2206
vn 0.3214 -0.8958 0.3069
vn 0.0213 -0.7050 0.7089
vn -0.2671 -0.3552 0.8958
vn -0.4976 0.0713 0.8645
vn -0.6570 0.4371 0.6143
vn -0.4966 0.0579 0.8661
vn -0.6656 0.7237 0.1823
vn -0.4665 0.8041 -0.3685
vn -0.1334 0.6151 -0.7770
vn 0.1890 0.2832 -0.9403
vn 0.4557 -0.1151 -0.8826
vn 0.6089 -0.4880 -0.6254
vn 0.6095 -0.7695 -0.1907
vn 0.4135 -0.8447 0.3398
vn 0.4135 -0.8447 0.3399
vn 0.0958 -0.6673 0.7386
vn -0.2255 -0.3410 0.9126
vn -0.4929 0.0467 0.8688
vn -0.1812 -0.3221 0.9292
vn -0.6922 0.3962 0.6032
vn -0.7333 0.6601 0.1629
vn -0.5487 0.7376 -0.3935
vn -0.1982 0.5646 -0.8012
vn 0.1571 0.2576 -0.9534
vn 0.4631 -0.1103 -0.8794
vn 0.6537 -0.4556 -0.6042
vn 0.6830 -0.7127 -0.1599
vn 0.5002 -0.7826 0.3706
vn 0.1700 -0.6214 0.7648
vn -0.1337 -0.3003 0.9444
vn 0.2433 -0.5692 0.7854
vn -0.4853 0.0347 0.8736
vn -0.7242 0.3501 0.5941
vn -0.7977 0.5853 0.1454
vn -0.6286 0.6563 -0.4174
vn -0.2620 0.5022 -0.8241
vn 0.1241 0.2273 -0.9659
vn 0.4686 -0.1055 -0.8771
vn 0.6948 -0.4195 -0.5842
vn 0.7492 -0.6491 -0.1321
vn 0.5803 -0.7120 0.3953
vn 0.5803 -0.7120 0.3954
vn 0.3113 -0.5073 0.8036
vn 0.6546 -0.6298 0.4182
vn -0.0930 -0.2709 0.9581
vn -0.4800 0.0247 0.8769
vn -0.7535 0.3025 0.5837
vn -0.8527 0.5070 0.1258
vn -0.6965 0.5687 -0.4375
vn -0.3190 0.4351 -0.8420
vn 0.0920 0.1953 -0.9764
vn 0.4702 -0.0975 -0.8772
vn 0.7311 -0.3764 -0.5690
vn 0.8102 -0.5764 -0.1061
vn 0.6546 -0.6298 0.4181
vn 0.7218 -0.5317 0.4431
vn 0.8692 -0.4874 -0.0832
vn 0.7217 -0.5317 0.4432
vn 0.3686 -0.4263 0.8261
vn -0.0593 -0.2242 0.9727
vn -0.4741 0.0249 0.8801
vn -0.7759 0.2588 0.5753
vn -0.8970 0.4287 0.1081
vn -0.7509 0.4775 -0.4562
vn -0.3630 0.3646 -0.8575
vn 0.0696 0.1632 -0.9841
vn 0.4757 -0.0826 -0.8757
vn 0.7677 -0.3184 -0.5561
vn 0.9170 -0.3922 -0.0727
vn 0.7965 -0.2618 -0.5450
vn 0.7766 -0.4265 0.4637
vn 0.7766 -0.4265 0.4638
vn 0.4086 -0.3369 0.8483
vn -0.0323 -0.1758 0.9839
vn -0.4685 0.0219 0.8832
vn -0.7935 0.2093 0.5715
vn -0.9342 0.3426 0.0998
vn -0.7969 0.3775 -0.4716
vn -0.3970 0.2837 -0.8728
vn 0.0521 0.1206 -0.9913
vn 0.4810 -0.0770 -0.8733
vn 0.7935 -0.2737 -0.5436
vn 0.4684 -0.1324 -0.8735
vn 0.9235 -0.3738 -0.0862
vn 0.7867 -0.4051 0.4658
vn 0.7867 -0.4051 0.4659
vn 0.4042 -0.3206 0.8566
vn -0.0319 -0.1927 0.9807
vn -0.4780 -0.0371 0.8776
vn -0.8167 0.1165 0.5652
vn -0.9723 0.2038 0.1148
vn -0.8499 0.2153 -0.4809
vn -0.4227 0.1548 -0.8930
vn 0.0244 0.0334 -0.9991
vn 0.4539 -0.1837 -0.8719
vn 0.0056 -0.0277 -0.9996
vn 0.7793 -0.3081 -0.5456
vn 0.9107 -0.4006 -0.1007
vn 0.7732 -0.4362 0.4602
vn 0.7732 -0.4362 0.4603
vn 0.3855 -0.3466 0.8551
vn -0.0416 -0.2283 0.9727
vn -0.4870 -0.0891 0.8688
vn -0.8284 0.0524 0.5577
vn -0.9854 0.1100 0.1296
vn -0.8726 0.0988 -0.4783
vn -0.4307 0.0689 -0.8999
vn -0.3926 -0.3197 0.8624
vn -0.4585 -0.2872 0.8410
vn -0.1267 -0.2101 0.9694
vn -0.0299 -0.2490 0.9680
vn 0.1024 -0.1892 0.9766
vn -0.1846 -0.2344 0.9545
vn -0.6426 -0.4706 0.6046
vn -0.7098 -0.3706 0.5991
vn -0.2429 -0.3879 0.8891
vn -0.3909 -0.6359 0.6655
vn -0.1131 -0.3595 0.9263
vn 0.9962 -0.0641 0.0597
vn 0.9012 -0.3904 0.1881
vn 0.9120 -0.2155 0.3491
vn 0.9792 0.0135 0.2024
vn 0.9872 0.1298 0.0927
vn 0.9966 0.0803 0.0195
vn 0.9978 -0.0125 -0.0658
vn 0.9979 -0.0293 -0.0581
vn 0.8669 -0.4358 -0.2420
vn 0.9257 -0.3542 0.1329
vn 0.9512 -0.3052 0.0463
vn 0.9418 -0.3225 -0.0947
vn 0.9676 -0.1940 -0.1615
vn 0.8045 -0.2066 -0.5568
vn 0.8169 -0.5766 -0.0152
vn 0.9030 -0.3763 0.2073
vn 0.4751 -0.1793 -0.8615
vn 0.5078 -0.4753 -0.7185
vn 0.5689 -0.7403 -0.3583
vn -0.8198 -0.5315 0.2134
vn -0.8043 -0.5932 0.0345
vn -0.7851 -0.6187 0.0289
vn -0.7688 -0.6377 -0.0471
vn -0.7704 -0.5294 -0.3552
vn -0.9629 -0.2687 0.0239
vn -0.2842 -0.9068 0.3114
vn -0.4503 -0.8919 0.0404
vn -0.9452 -0.1369 0.2963
vn -0.6586 -0.4213 0.6234
vn 0.2293 -0.7891 0.5699
vn -0.7490 -0.3072 -0.5871
vn -0.9457 -0.2293 -0.2305
vn -0.9603 -0.1147 0.2542
vn -0.9366 -0.0670 0.3439
vn -0.9582 -0.1626 0.2355
vn -0.2398 -0.9708 0.0119
vn -0.2392 -0.9708 -0.0187
vn -0.1959 -0.9806 0.0030
vn -0.1158 -0.9459 -0.3031
vn -0.1942 -0.9308 -0.3098
vn -0.2276 -0.9737 0.0073
vn -0.2163 -0.9758 -0.0307
vn -0.1746 -0.9794 -0.1012
vn 0.3434 -0.7466 -0.5698
vn 0.0940 -0.5561 -0.8258
vn -0.3031 -0.7787 0.5493
vn 0.4570 -0.8752 0.1586
vn -0.1755 -0.9800 -0.0938
vn -0.2723 -0.9531 0.1321
vn -0.3691 -0.7197 0.5881
vn -0.1900 -0.9806 -0.0492
vn -0.0935 -0.9952 0.0280
vn -0.1103 -0.9842 0.1387
vn -0.1523 -0.9787 0.1375
vn -0.3586 -0.8226 -0.4413
vn -0.4886 -0.8209 -0.2957
vn -0.2411 -0.9634 -0.1172
vn -0.0704 -0.9954 -0.0649
vn -0.0617 -0.9980 -0.0095
vn -0.1446 -0.8373 -0.5273
vn -0.0664 -0.9913 0.1132
vn 0.8485 -0.3646 0.3836
vn 0.4912 -0.3307 0.8058
vn 0.6480 -0.2111 0.7318
vn 0.8992 -0.2775 0.3384
vn 0.7251 -0.2290 0.6495
vn 0.3540 -0.2369 0.9047
vn 0.3804 -0.5843 0.7169
vn 0.2253 -0.4468 0.8658
vn 0.8725 -0.3899 -0.2945
vn 0.9235 -0.2689 -0.2737
vn -0.4113 0.1467 0.8996
vn -0.3661 -0.0991 0.9253
vn -0.6254 0.1571 0.7643
vn -0.4474 0.1465 0.8823
vn -0.3190 0.2217 0.9215
vn -0.1829 -0.1645 0.9693
vn -0.4500 -0.0166 0.8929
vn -0.8238 -0.0209 0.5665
vn -0.6468 0.4795 0.5930
vn -0.4814 0.5043 0.7169
vn -0.3203 0.0636 0.9452
vn -0.2510 -0.3366 0.9076
vn -0.4376 -0.1717 0.8826
vn -0.2061 -0.4937 0.8449
vn -0.2739 -0.4858 0.8300
vn -0.1702 -0.0392 0.9846
vn -0.2808 -0.3364 0.8989
vn -0.4951 0.2420 0.8345
vn -0.1321 0.2543 0.9581
vn -0.1028 0.4538 0.8851
vn -0.4853 0.6208 0.6157
vn -0.4472 0.2654 0.8542
vn 0.1709 -0.2416 0.9552
vn 0.3795 0.0271 0.9248
vn -0.2295 -0.4828 0.8451
vn 0.4656 -0.8713 0.1550
vn 0.4930 -0.8505 -0.1832
vn 0.7331 -0.6667 -0.1347
vn 0.7505 -0.6465 0.1368
vn 0.7050 -0.4449 0.5523
vn 0.4337 -0.7013 0.5658
vn 0.0876 -0.9960 -0.0153
vn 0.1602 -0.9581 -0.2376
vn 0.0487 -0.8839 0.4651
vn -0.0107 -0.9218 0.3875
vn -0.0056 -0.8521 0.5234
vn -0.5574 -0.6655 0.4964
vn -0.4785 -0.5971 0.6438
vn -0.7611 0.2399 0.6026
vn 0.0888 -0.4237 0.9014
vn -0.5981 -0.7117 0.3684
vn 0.4106 -0.2797 0.8679
vn 0.8570 -0.3415 0.3859
vn 0.7350 -0.5988 0.3181
vn 0.3447 0.8624 0.3707
vn -0.0352 0.9805 0.1934
vn 0.3213 0.9390 -0.1223
vn 0.5986 0.7936 0.1094
vn 0.4947 0.5322 0.6870
vn 0.2969 0.6326 0.7153
vn 0.2929 0.8613 0.4152
vn 0.8605 0.4685 0.2001
vn -0.1040 -0.3959 0.9124
vn -0.1033 -0.3180 0.9425
vn -0.6121 -0.2850 0.7376
vn -0.5586 -0.3365 0.7582
vn -0.4944 -0.2543 0.8312
vn -0.0407 -0.1916 0.9806
vn -0.1895 -0.2543 0.9484
vn -0.2487 -0.4142 0.8755
vn -0.2183 -0.3707 0.9027
vn -0.2259 -0.2862 0.9312
vn -0.2217 -0.4042 0.8874
vn -0.0182 -0.2464 0.9690
vn 0.0024 0.0887 0.9961
vn -0.4185 -0.0670 0.9058
vn -0.2541 -0.4506 0.8558
vn -0.0676 -0.3015 0.9511
vn 0.1289 0.0891 0.9876
vn -0.3209 -0.4105 0.8535
vn 0.1807 -0.9805 -0.0776
vn 0.0553 -0.9982 -0.0214
vn 0.1600 -0.9870 -0.0167
vn 0.2642 -0.9593 -0.0994
vn -0.7704 0.5795 -0.2656
vn -0.8282 0.5520 -0.0973
vn -0.9963 -0.0810 0.0274
vn -0.9829 0.1431 0.1157
vn -0.8764 0.4634 0.1313
vn -0.7540 0.6135 -0.2349
vn -0.7935 0.6069 -0.0449
vn -0.6528 -0.2214 0.7244
vn -0.2354 -0.5820 0.7783
vn -0.1750 -0.3764 0.9098
vn 0.0049 -0.5901 0.8073
vn -0.0836 -0.9793 -0.1843
vn -0.9996 0.0215 0.0178
vn 0.9274 -0.3723 -0.0372
vn 0.8380 -0.5456 -0.0119
vn 0.9723 -0.1542 0.1755
vn 0.9528 -0.1894 0.2371
vn 0.9201 -0.1365 0.3672
vn 0.9198 -0.1256 0.3717
vn 0.8528 -0.2491 0.4590
vn 0.9540 -0.2698 0.1306
vn 0.8256 0.3322 0.4560
vn 0.9176 0.2802 0.2819
vn 0.5541 -0.6875 0.4695
vn 0.2906 -0.8751 0.3869
vn 0.2070 -0.9603 0.1868
vn 0.0161 -0.9916 0.1282
vn 0.1036 -0.3276 0.9391
vn 0.5573 -0.2302 0.7978
vn 0.8422 -0.4892 0.2266
vn 0.8420 -0.4870 -0.2322
vn -0.7270 -0.6855 -0.0390
vn -0.6417 -0.7376 0.2100
vn -0.9347 0.2495 0.2531
vn -0.9872 0.1363 -0.0827
vn -0.4227 -0.8835 -0.2019
vn -0.0364 -0.9989 0.0290
vn -0.6418 -0.7376 0.2099
vn -0.8640 -0.0399 -0.5020
vn -0.4227 -0.8835 -0.2020
vn 0.7455 -0.6478 -0.1565
vn 0.5773 -0.8072 0.1233
vn 0.0418 -0.9989 -0.0210
vn 0.5176 -0.7919 -0.3240
vn 0.7456 -0.6478 -0.1564
vn 0.9826 -0.0384 -0.1820
vn 0.9707 0.0050 0.2403
vn 0.8446 -0.0911 -0.5276
vn -0.3936 -0.9129 -0.1080
vn -0.3372 -0.9404 0.0450
vn -0.9405 -0.3147 0.1282
vn -0.8954 -0.3299 -0.2989
vn -0.5897 -0.4370 -0.6792
vn -0.1783 -0.9661 -0.1866
vn -0.0026 -1.0000 -0.0085
vn -0.6702 0.7029 0.2385
vn -0.6591 0.7140 0.2363
vn -0.2184 0.9639 -0.1522
vn -0.3479 0.9320 0.1017
vn -0.3834 0.9232 -0.0252
vn -0.6554 0.7543 0.0390
vn -0.8566 0.5100 0.0781
vn -0.8421 0.4505 0.2966
vn -0.7465 0.3535 0.5637
vn -0.6927 0.3783 0.6141
vn -0.7032 0.3865 0.5967
vn -0.6710 0.6332 0.3857
vn 0.0008 -1.0000 -0.0046
vn -0.0028 -1.0000 -0.0014
vn 0.0036 -0.9999 -0.0096
vn 0.0107 -0.9999 -0.0062
vn 0.0152 -0.9999 0.0063
vn -0.0011 -1.0000 -0.0013
vn -0.0059 -1.0000 0.0031
vn -0.0051 -1.0000 0.0055
vn -0.0060 -1.0000 0.0063
vn -0.0206 -0.9973 0.0703
vn -0.0604 -0.9951 0.0779
vn -0.0070 -1.0000 0.0036
vn -0.0067 -1.0000 0.0032
vn -0.0588 -0.9961 0.0651
vn -0.0076 -0.9999 0.0085
vn -0.0008 -1.0000 0.0036
vn -0.0399 -0.9910 0.1278
vn -0.1368 -0.9801 0.1436
vn -0.0058 -1.0000 0.0002
vn 0.0028 -0.9999 -0.0100
vn -0.2600 -0.9602 0.1016
vn -0.0114 -0.9999 -0.0017
vn 0.0046 -1.0000 0.0023
vn -0.0012 -1.0000 0.0026
vn -0.0070 -0.9999 -0.0085
vn -0.0064 -1.0000 -0.0044
vn 0.0208 -0.9998 0.0002
vn -0.0113 -0.9999 -0.0121
vn 0.0103 -0.9995 0.0291
vn -0.4516 -0.8922 0.0082
vn -0.4447 -0.8701 -0.2124
vn -0.1942 -0.9307 -0.3099
vn -0.4243 -0.6375 -0.6431
vn -0.1398 -0.5973 -0.7898
vn -0.1716 -0.2571 -0.9510
vn -0.4205 -0.3185 -0.8495
vn 0.1364 -0.1927 -0.9717
vn 0.5750 -0.2542 -0.7777
vn 0.1246 -0.1176 -0.9852
vn -0.2319 -0.0997 -0.9676
vn 0.6016 -0.1916 -0.7755
vn 0.6329 -0.0820 -0.7698
vn 0.1716 -0.0494 -0.9839
vn 0.9547 -0.1034 -0.2792
vn 0.9608 -0.0865 0.2635
vn 0.9530 0.0050 -0.3030
vn 0.6463 0.0128 -0.7629
vn 0.9830 0.0191 0.1825
vn 0.7630 -0.0503 0.6444
vn 0.7958 0.0337 0.6046
vn 0.9868 0.0551 0.1523
vn 0.9441 0.0538 -0.3252
vn 0.7876 0.0630 0.6130
vn 0.4469 0.0200 0.8943
vn 0.3957 0.0826 0.9146
vn 0.7497 0.1575 0.6427
vn 0.9723 0.1428 0.1850
vn 0.3565 0.2256 0.9067
vn 0.0135 0.0791 0.9968
vn -0.0144 0.3172 0.9483
vn 0.3382 0.3104 0.8884
vn 0.7053 0.2114 0.6767
vn 0.0291 0.4522 0.8914
vn -0.3284 0.4074 0.8521
vn -0.2834 0.6045 0.7445
vn 0.0403 0.2040 0.9781
vn 0.3653 0.0285 0.9305
vn -0.3866 0.3108 0.8683
vn -0.5977 0.6512 0.4676
vn -0.7804 0.3118 0.5420
vn -0.3547 -0.6499 0.6721
vn -0.0040 -0.6741 0.7386
vn -0.5929 -0.6728 0.4425
vn -0.3547 -0.6499 0.6722
vn -0.0040 -0.6740 0.7387
vn 0.2347 -0.7556 0.6115
vn 0.0056 -0.9986 0.0524
vn 0.2347 -0.7556 0.6116
vn 0.3747 -0.8292 0.4147
vn -0.0066 -1.0000 0.0059
vn -0.0054 -1.0000 0.0016
vn -0.0031 -1.0000 -0.0082
vn -0.0090 -0.9999 -0.0057
vn -0.1378 -0.9210 -0.3643
vn 0.0164 -0.9435 -0.3308
vn -0.0112 -0.9999 -0.0032
vn -0.2768 -0.9100 -0.3087
vn -0.5905 -0.1817 -0.7863
vn -0.2875 -0.2694 -0.9191
vn -0.1378 -0.9210 -0.3644
vn -0.5082 0.3868 -0.7695
vn -0.2344 0.2765 -0.9320
vn -0.7130 0.5317 -0.4571
vn -0.7820 0.3945 -0.4826
vn -0.5174 0.3023 -0.8005
vn -0.7862 0.6112 -0.0916
vn -0.8849 0.4592 -0.0779
vn -0.7500 0.6294 0.2035
vn -0.8356 0.4789 0.2691
vn -0.6530 0.4705 0.5934
vn -0.7266 0.0800 0.6824
vn -0.9379 0.1067 0.3301
vn -0.3380 0.0614 0.9391
vn -0.2680 -0.0446 0.9624
vn -0.6963 -0.0726 0.7141
vn 0.1008 -0.0110 0.9948
vn 0.1507 -0.0556 0.9870
vn -0.2147 -0.0811 0.9733
vn 0.4778 -0.0368 0.8777
vn 0.4193 -0.1369 0.8975
vn 0.1354 -0.1060 0.9851
vn 0.2168 -0.2342 0.9477
vn 0.0290 -0.1271 0.9915
vn -0.0204 -0.1699 0.9852
vn -0.1154 -0.0795 0.9901
vn -0.1607 -0.0401 0.9862
vn -0.2127 -0.0099 0.9771
vn 0.1755 -0.0460 0.9834
vn 0.0417 0.1538 0.9872
vn -0.1713 0.1213 0.9777
vn 0.5829 -0.0461 0.8112
vn 0.4039 0.1287 0.9057
vn 0.0934 -0.2526 0.9631
vn -0.4373 -0.4848 0.7575
vn -0.4319 -0.3168 0.8445
vn -0.3205 -0.4791 0.8172
vn -0.2331 -0.2629 0.9363
vn -0.3752 -0.5041 0.7779
vn -0.3713 -0.5004 0.7821
vn -0.1784 -0.4946 0.8506
vn -0.1684 -0.4174 0.8930
vn -0.1710 -0.7210 0.6715
vn 0.0509 -0.7178 0.6944
vn 0.0521 -0.4743 0.8788
vn -0.1192 -0.9781 0.1708
vn 0.0177 -0.9834 0.1805
vn -0.0843 -0.9887 -0.1239
vn -0.0065 -0.9965 -0.0834
vn -0.0945 -0.9867 -0.1319
vn -0.0479 -0.9985 -0.0271
vn -0.1306 -0.9776 -0.1649
vn 0.0336 0.9991 -0.0239
vn -0.2390 0.9710 -0.0020
vn 0.2666 0.9586 -0.1000
vn 0.2426 0.9558 -0.1658
vn 0.0107 0.8997 0.4363
vn -0.0357 0.6937 0.7193
vn 0.1841 0.3726 0.9096
vn -0.1795 0.4117 0.8935
vn 0.4517 0.3279 0.8297
vn 0.0072 0.1323 0.9912
vn 0.4892 0.2159 0.8450
vn 0.9280 0.3453 0.1397
vn 0.9359 0.3374 -0.1013
vn 0.5859 -0.0181 0.8102
vn -0.1758 -0.1177 0.9774
vn 0.9713 0.1402 -0.1921
vn 0.7633 -0.6435 -0.0578
vn 0.5730 -0.4210 0.7031
vn -0.1252 -0.8151 0.5656
vn 0.0956 -0.5678 0.8176
vn -0.5941 -0.3639 0.7174
vn -0.0968 -0.2771 0.9560
vn 0.0476 -0.7619 0.6460
vn 0.0611 -0.9200 0.3870
vn 0.2396 -0.9604 0.1420
vn 0.2812 -0.9590 -0.0364
vn 0.2662 -0.9436 0.1968
vn 0.3914 -0.9186 -0.0553
vn 0.3808 -0.9236 -0.0450
vn -0.0451 -0.7746 0.6308
vn 0.3320 -0.8031 0.4948
vn 0.5345 -0.8337 0.1385
vn 0.5731 -0.8195 0.0055
vn -0.8445 0.5348 -0.0284
vn -0.8103 0.5584 -0.1776
vn -0.9883 -0.0596 -0.1407
vn -0.9888 -0.1494 -0.0059
vn -0.8636 0.5032 0.0306
vn -0.9996 0.0215 0.0177
vn -0.6773 -0.1473 0.7208
vn -0.8763 0.4635 0.1312
vn -0.3854 -0.3546 0.8519
vn -0.1451 -0.7321 0.6656
vn 0.5641 -0.7433 0.3596
vn -0.9963 -0.0809 0.0274
vn 0.2678 -0.9328 0.2412
vn -0.0868 -0.9788 -0.1856
vn -0.0557 -0.9984 0.0013
vn 0.7992 -0.5604 -0.2175
vn 0.7797 -0.6252 -0.0336
vn 0.8653 -0.4198 -0.2738
vn 0.8465 -0.4939 -0.1985
vn 0.7331 -0.6666 -0.1348
vn 0.7570 -0.6157 -0.2188
vn 0.8465 -0.4940 -0.1984
vn 0.8397 -0.5169 0.1667
vn 0.7193 -0.2935 0.6296
vn 0.3010 0.1578 0.9405
vn 0.1274 0.1754 0.9762
vn -0.1650 0.3106 0.9361
vn -0.1569 0.4562 0.8760
vn -0.1653 -0.0782 0.9831
vn -0.2515 -0.0519 0.9665
vn -0.3571 -0.3152 0.8793
vn -0.3613 -0.3484 0.8649
vn -0.3696 -0.3890 0.8438
vn -0.3853 -0.4186 0.8224
vn 0.4547 -0.8734 -0.1743
vn 0.4716 -0.8816 -0.0220
vn 0.8379 -0.5457 -0.0119
vn 0.2306 -0.9642 -0.1310
vn 0.2702 -0.9616 -0.0478
vn 0.4176 -0.9083 -0.0257
vn 0.4240 -0.9034 -0.0644
vn 0.0837 -0.9953 -0.0486
vn 0.8111 -0.5844 0.0252
vn 0.7963 -0.6029 -0.0494
vn 0.9552 -0.2947 0.0284
vn 0.9560 -0.2912 -0.0349
vn 0.9706 -0.2315 0.0663
vn 0.9753 -0.2119 -0.0618
vn 0.8384 -0.2984 0.4561
vn 0.4081 -0.2952 0.8639
vn -0.1218 -0.1238 0.9848
vn -0.1080 -0.2163 0.9703
vn -0.5369 -0.0168 0.8435
vn -0.5460 -0.1194 0.8292
vn -0.1983 -0.0515 0.9788
vn -0.5328 0.0995 0.8404
vn -0.5492 0.2298 0.8035
vn -0.7742 0.3595 0.5209
vn -0.8174 0.2048 0.5385
vn -0.6163 0.3165 0.7211
vn -0.7530 0.4583 0.4721
vn -0.7309 0.3455 0.5886
vn -0.7927 0.4583 0.4019
vn -0.7731 0.3570 0.5243
vn -0.8415 0.4186 0.3416
vn -0.7124 0.2576 0.6528
vn -0.6535 0.3416 0.6754
vn -0.6011 0.2509 0.7587
vn -0.3005 0.1672 0.9390
vn -0.5727 -0.0411 0.8187
vn -0.6735 0.1541 0.7230
vn 0.1480 0.2615 0.9538
vn 0.0012 0.0520 0.9986
vn 0.0024 0.1526 0.9883
vn -0.4590 -0.0003 0.8884
vn -0.8772 0.4661 0.1148
vn -0.8386 0.5218 0.1562
vn -0.8284 0.5283 0.1859
vn -0.8868 0.4153 0.2028
vn -0.9434 0.2657 0.1988
vn -0.9743 0.1358 0.1799
vn -0.9867 0.0455 0.1558
vn -0.8474 0.0739 0.5258
vn -0.8596 -0.0164 0.5107
vn -0.4035 -0.2961 0.8657
vn -0.8689 -0.1117 0.4822
vn -0.6973 -0.0792 0.7124
vn -0.8735 -0.0250 0.4862
vn -0.7606 0.0152 0.6490
vn -0.6372 0.0155 0.7706
vn -0.6112 0.0956 0.7857
vn -0.6750 -0.0136 0.7377
vn -0.2786 0.0087 0.9604
vn -0.2866 0.0341 0.9574
vn -0.6833 -0.0577 0.7278
vn -0.2578 -0.0358 0.9655
vn -0.6258 -0.1141 0.7716
vn -0.2193 -0.0867 0.9718
vn -0.5878 -0.1615 0.7927
vn -0.1964 -0.1143 0.9738
vn -0.9442 -0.1897 0.2692
vn -0.9475 -0.1675 -0.2724
vn -0.9412 -0.1252 0.3137
vn -0.6315 -0.1161 0.7667
vn -0.9741 -0.0867 -0.2090
vn -0.7509 -0.1534 -0.6424
vn -0.7579 -0.0421 -0.6510
vn -0.9928 -0.0378 -0.1133
vn -0.9403 -0.0738 0.3322
vn -0.7855 0.0183 -0.6187
vn -0.4903 -0.0236 -0.8712
vn -0.4874 0.0430 -0.8721
vn -0.8236 0.1327 -0.5514
vn -0.9908 0.1211 -0.0607
vn -0.5054 0.1273 -0.8534
vn -0.2005 0.0374 -0.9790
vn -0.1862 0.1016 -0.9772
vn -0.2018 0.2255 -0.9531
vn -0.2017 0.2255 -0.9531
vn -0.1861 0.1016 -0.9773
vn 0.1819 0.0747 -0.9805
vn 0.1403 0.1802 -0.9736
vn 0.0935 0.2208 -0.9708
vn -0.2343 0.2764 -0.9320
vn 0.5925 0.1528 -0.7909
vn 0.5559 0.1679 -0.8141
vn 0.0607 -0.3562 -0.9324
vn -0.2874 -0.2694 -0.9191
vn 0.5005 -0.4129 -0.7610
vn 0.9243 0.1319 -0.3581
vn 0.8661 -0.3599 -0.3469
vn 0.1743 -0.9475 -0.2682
vn 0.0164 -0.9435 -0.3309
vn 0.3545 -0.9237 -0.1454
vn 0.9360 -0.2494 0.2485
vn 0.4503 -0.8827 0.1343
vn 0.1743 -0.9475 -0.2681
vn 0.9619 0.1603 0.2213
vn 0.6883 -0.1347 0.7128
vn 0.9284 0.1438 -0.3427
vn 0.6350 0.0579 -0.7703
vn 0.2009 0.0258 -0.9793
vn -0.2349 -0.0249 -0.9717
vn -0.4663 -0.1297 -0.8751
vn -0.2320 -0.0997 -0.9676
vn -0.1980 0.0663 0.9780
vn -0.1180 0.2271 0.9667
vn -0.3163 0.1632 0.9345
vn -0.0763 0.3000 0.9509
vn 0.0076 0.4086 0.9127
vn -0.1085 0.3902 0.9143
vn -0.0242 0.3434 0.9389
vn 0.0400 0.4759 0.8786
vn -0.2965 -0.0725 0.9523
vn -0.1479 0.1594 0.9761
vn 0.0565 0.1347 0.9893
vn 0.0806 -0.0217 0.9965
vn -0.1733 -0.0010 0.9849
vn -0.2259 0.0029 0.9741
vn -0.2154 0.2301 0.9490
vn -0.1470 0.2109 0.9664
vn -0.1911 -0.2309 0.9540
vn -0.1238 -0.2675 0.9556
vn -0.1743 0.0056 0.9847
vn -0.0212 -0.4293 0.9029
vn 0.1255 -0.4731 0.8720
vn 0.0737 -0.3298 0.9412
vn 0.1363 -0.4574 0.8787
vn 0.0670 -0.4374 0.8967
vn 0.1396 -0.4637 0.8749
vn 0.0625 -0.7318 0.6786
vn -0.0629 -0.7294 0.6812
vn -0.0371 -0.9903 0.1337
vn -0.2076 -0.9706 0.1222
vn -0.5293 -0.8416 0.1073
vn -0.8076 -0.5792 0.1109
vn -0.7227 -0.5324 -0.4409
vn -0.5182 -0.4498 -0.7275
vn -0.8310 -0.3642 -0.4205
vn -0.8897 -0.4249 0.1672
vn -0.5965 -0.2437 -0.7647
vn -0.2558 -0.3555 -0.8990
vn -0.3320 -0.1452 -0.9320
vn -0.6914 -0.0954 -0.7162
vn -0.9206 -0.1840 -0.3446
vn -0.4212 -0.0153 -0.9068
vn -0.0343 -0.0847 -0.9958
vn -0.0397 0.0504 -0.9979
vn -0.4701 0.0475 -0.8813
vn -0.7334 0.0510 -0.6779
vn -0.0825 0.0608 -0.9947
vn -0.0824 0.0608 -0.9947
vn -0.0396 0.0504 -0.9979
vn 0.2886 0.0670 -0.9551
vn 0.3091 0.0784 -0.9478
vn -0.1007 0.0331 -0.9944
vn -0.4284 0.1132 -0.8965
vn 0.2701 0.0183 -0.9627
vn -0.1006 0.0331 -0.9944
vn 0.5387 0.0909 -0.8376
vn 0.5355 0.0418 -0.8435
vn 0.2339 0.0567 -0.9706
vn -0.0889 0.0843 -0.9925
vn 0.5406 0.0691 -0.8385
vn 0.8312 0.0747 -0.5509
vn 0.8375 0.1147 -0.5343
vn 0.5844 -0.0900 -0.8065
vn 0.2419 -0.0458 -0.9692
vn 0.3951 -0.7674 -0.5049
vn 0.1726 -0.7191 -0.6732
vn 0.0478 -0.9978 -0.0468
vn 0.0143 -0.9963 -0.0852
vn 0.1726 -0.7190 -0.6732
vn 0.0261 -0.9996 0.0108
vn 0.4854 -0.7913 0.3718
vn 0.3458 -0.7419 0.5745
vn 0.0211 -0.9991 0.0370
vn 0.7787 0.0352 0.6264
vn 0.5039 0.0739 0.8606
vn 0.3458 -0.7420 0.5744
vn 0.7335 0.2977 0.6110
vn 0.4528 0.2904 0.8430
vn 0.9202 0.2878 0.2652
vn 0.9346 0.1641 0.3155
vn 0.7727 0.1764 0.6098
vn 0.9713 0.2051 -0.1203
vn 0.9909 0.1210 -0.0588
vn 0.9939 0.0882 -0.0659
vn 0.9379 0.0708 0.3396
vn 0.8150 0.0989 -0.5709
vn 0.7960 0.0312 -0.6045
vn 0.9909 0.0029 -0.1347
vn 0.5052 0.0508 -0.8615
vn 0.2024 -0.1134 -0.9727
vn 0.1204 -0.3811 -0.9167
vn -0.0342 -0.0846 -0.9958
vn -0.0494 -0.3044 -0.9513
vn 0.0158 -0.8340 -0.5516
vn 0.1733 -0.8236 -0.5400
vn 0.0159 -0.8340 -0.5516
vn 0.0793 -0.9967 0.0159
vn 0.2367 -0.9716 -0.0022
vn 0.0856 -0.9914 0.0990
vn 0.2414 -0.9638 0.1134
vn 0.5163 -0.8413 0.1603
vn 0.8125 -0.5724 0.1101
vn 0.9665 -0.2555 -0.0245
vn 0.9456 -0.3249 -0.0152
vn 0.7918 -0.5964 0.1316
vn 0.5450 -0.8335 0.0910
vn 0.9727 -0.1055 0.2067
vn 0.9902 0.0378 0.1344
vn 0.9636 -0.0795 0.2553
vn 0.9544 -0.1835 0.2356
vn 0.9668 0.1062 0.2323
vn 0.9050 0.0012 0.4255
vn 0.8319 0.2433 0.4987
vn 0.6905 0.1239 0.7127
vn 0.7970 -0.0860 0.5979
vn 0.5292 -0.0079 0.8485
vn 0.4615 0.1561 0.8733
vn 0.3391 -0.0075 0.9407
vn 0.4027 -0.0852 0.9114
vn 0.6841 -0.1077 0.7214
vn 0.2324 -0.0975 0.9677
vn 0.2206 -0.0163 0.9752
vn 0.0563 -0.1520 0.9868
vn 0.3100 -0.1681 0.9357
vn 0.5513 -0.1969 0.8107
vn 0.2277 -0.2224 0.9480
vn 0.4637 -0.2459 0.8512
vn 0.1460 -0.1789 0.9730
vn 0.4233 -0.1860 0.8867
vn 0.0849 -0.0626 0.9944
vn 0.4366 -0.0437 0.8986
vn -0.2197 -0.1024 0.9702
vn -0.5269 -0.1498 0.8366
vn -0.2605 0.0455 0.9644
vn 0.0589 0.0442 0.9973
vn -0.5470 0.0571 0.8352
vn -0.7889 -0.1911 0.5840
vn -0.8315 0.0650 0.5516
vn -0.4899 0.3153 0.8128
vn -0.1954 0.2414 0.9506
vn -0.7903 0.3585 0.4968
vn -0.9887 0.0626 0.1359
vn -0.9304 0.3484 0.1136
vn -0.7274 0.5375 0.4266
vn -0.4282 0.5053 0.7492
vn -0.8393 0.5357 0.0925
vn -0.8957 0.3084 -0.3204
vn -0.8107 0.4912 -0.3186
vn -0.9049 0.4115 0.1088
vn -0.8156 0.3903 0.4271
vn -0.8534 0.4055 -0.3275
vn -0.6121 0.3638 -0.7022
vn -0.6137 0.2762 -0.7397
vn -0.8954 -0.3300 -0.2989
vn -0.9405 -0.3148 0.1282
vn -0.6803 0.2189 -0.6995
vn -0.3532 0.1970 -0.9146
vn -0.3244 0.1151 -0.9389
vn -0.0890 0.0843 -0.9925
vn -0.0743 0.0147 -0.9971
vn -0.2978 -0.5686 -0.7668
vn -0.0701 -0.6547 -0.7527
vn -0.0701 -0.6546 -0.7527
vn -0.0742 0.0147 -0.9971
vn -0.0296 -0.9919 -0.1235
vn -0.0784 -0.9836 -0.1627
vn 0.0046 -0.9999 -0.0160
vn -0.9511 0.0591 -0.3032
vn -0.9609 -0.2194 0.1691
vn -0.8388 -0.3894 0.3805
vn -0.5257 -0.5071 0.6830
vn -0.5020 0.3716 0.7810
vn -0.8388 -0.3893 0.3805
vn -0.5257 -0.5070 0.6830
vn -0.1151 -0.5937 0.7964
vn -0.0912 0.2657 0.9597
vn -0.1151 -0.5936 0.7965
vn 0.1469 -0.6753 0.7228
vn 0.1906 0.1560 0.9692
vn 0.0059 -0.9966 0.0827
vn 0.1243 0.3350 0.9340
vn -0.1088 0.4083 0.9063
vn 0.0761 0.1986 0.9771
vn 0.4507 0.1783 0.8747
vn 0.4527 0.0570 0.8899
vn 0.7845 0.0664 0.6166
vn 0.7564 -0.0376 0.6530
vn 0.9449 -0.0268 0.3264
vn 0.9503 -0.2063 0.2330
vn 0.7441 -0.2096 0.6343
vn 0.9425 -0.3089 0.1278
vn 0.7873 -0.2989 0.5393
vn 0.3015 0.1724 0.9377
vn 0.2525 0.2131 0.9438
vn 0.2276 -0.0439 0.9728
vn 0.0892 -0.2823 0.9552
vn 0.2301 -0.0454 0.9721
vn 0.2034 -0.3588 0.9110
vn 0.2118 0.2715 0.9388
vn 0.0366 0.3168 0.9478
vn 0.0293 -0.0067 0.9995
vn 0.1680 0.4217 0.8910
vn 0.0394 0.5043 0.8626
vn 0.2774 0.3626 0.8897
vn 0.4098 0.5201 0.7494
vn 0.1909 0.5719 0.7978
vn 0.4063 0.3496 0.8442
vn 0.5615 0.5138 0.6486
vn 0.6050 0.3256 0.7266
vn 0.7442 0.4422 0.5006
vn 0.9181 0.2824 0.2779
vn 0.8094 0.4947 0.3165
vn 0.7800 0.5291 0.3341
vn 0.7160 0.6300 0.3008
vn 0.6783 0.6124 0.4061
vn 0.7110 0.6006 0.3658
vn 0.7007 0.6715 0.2411
vn 0.6367 0.4665 0.6140
vn 0.6973 0.7129 0.0743
vn 0.4362 0.8981 0.0555
vn 0.6823 0.6929 0.2333
vn 0.6636 0.7283 0.1710
vn 0.4107 0.8570 0.3113
vn 0.0807 0.9926 0.0910
vn 0.0705 0.9354 0.3465
vn 0.3744 0.8292 0.4151
vn 0.6336 0.6875 0.3548
vn 0.0467 0.8986 0.4363
vn -0.0843 0.9415 0.3263
vn -0.0707 0.8941 0.4423
vn 0.0143 0.8151 0.5791
vn 0.2999 0.7543 0.5841
vn -0.0624 0.8255 0.5609
vn -0.0652 0.8907 0.4499
vn -0.0873 0.8074 0.5836
vn -0.0540 0.6880 0.7237
vn 0.0107 0.6546 0.7559
vn -0.1305 0.6570 0.7425
vn 0.0321 0.7376 0.6745
vn -0.0483 0.5768 0.8155
vn -0.1767 0.4549 0.8728
vn -0.0775 0.5071 0.8584
vn -0.1115 0.4190 0.9011
vn -0.1391 0.2860 0.9481
vn 0.0813 0.8634 0.4979
vn 0.2052 0.8060 0.5553
vn 0.1373 0.6300 0.7644
vn 0.0883 0.9612 0.2614
vn 0.2030 0.9474 0.2475
vn -0.0712 0.9590 0.2744
vn -0.0836 0.9953 0.0485
vn 0.0795 0.9963 0.0336
vn -0.0996 0.9917 0.0814
vn -0.3773 0.9260 0.0156
vn -0.1860 0.9822 0.0264
vn -0.3775 0.9260 0.0033
vn -0.4501 0.8540 0.2610
vn -0.4058 0.8886 0.2136
vn -0.3134 0.8755 0.3679
vn -0.4021 0.6524 0.6424
vn -0.5212 0.6355 0.5697
vn -0.4591 0.3979 0.7943
vn -0.5140 0.4098 0.7535
vn -0.5976 0.1728 0.7829
vn -0.5602 0.2646 0.7850
vn -0.4422 0.1156 0.8895
vn -0.3659 0.3521 0.8615
vn -0.3924 0.4682 0.7917
vn -0.1454 0.5212 0.8410
vn -0.1719 0.7603 0.6264
vn -0.4227 0.6940 0.5829
vn 0.0603 0.5553 0.8294
vn 0.1041 0.7818 0.6148
vn 0.0979 0.9679 0.2315
vn -0.1868 0.9570 0.2218
vn 0.0732 0.9970 0.0262
vn 0.1714 0.9848 0.0278
vn 0.5601 0.6559 0.5060
vn -0.0843 0.9891 -0.1209
vn -0.1131 -0.9933 0.0229
vn -0.4370 -0.8987 -0.0366
vn -0.2991 -0.8670 0.3985
vn 0.6654 0.7253 0.1765
vn -0.1181 -0.9923 -0.0380
vn -0.1216 -0.9878 -0.0972
vn -0.0960 -0.9931 0.0668
vn -0.1377 -0.9871 -0.0817
vn 0.0103 -0.9998 -0.0183
vn 0.1839 -0.9818 -0.0463
vn 0.7076 -0.7047 0.0519
vn 0.6667 -0.7259 0.1689
vn 0.4714 -0.4399 0.7644
vn 0.9799 -0.1826 -0.0802
vn 0.9761 -0.1998 0.0849
vn 0.9880 -0.1158 0.1026
vn 0.9924 -0.1069 -0.0611
vn -0.9765 -0.0969 0.1927
vn -0.9847 -0.0025 0.1744
vn -0.9880 0.0314 0.1509
vn -0.8365 -0.0448 0.5461
vn -0.8520 -0.0373 0.5222
vn -0.8162 -0.1065 0.5679
vn -0.4848 -0.1099 0.8677
vn -0.5037 -0.0910 0.8590
vn -0.5275 -0.1345 0.8388
vn -0.0609 -0.1316 0.9894
vn -0.0943 -0.2193 0.9711
vn -0.0516 -0.1056 0.9931
vn 0.4189 -0.0854 0.9040
vn 0.4253 -0.1526 0.8921
vn 0.4099 -0.2627 0.8735
vn 0.8416 -0.1419 0.5211
vn 0.8326 -0.2436 0.4974
vn 0.8328 -0.0428 0.5519
vn 0.9899 -0.0071 0.1416
vn 0.8230 0.0111 0.5680
vn 0.9895 0.0512 0.1354
vn 0.3852 -0.0683 0.9203
vn 0.3902 -0.0443 0.9196
vn 0.8421 0.0649 0.5354
vn -0.0439 -0.1253 0.9911
vn -0.0112 -0.1283 0.9917
vn -0.4407 -0.1531 0.8845
vn -0.3786 -0.1932 0.9052
vn -0.7950 -0.1708 0.5821
vn -0.7593 -0.2473 0.6020
vn -0.9647 -0.1846 0.1879
vn -0.9449 -0.2680 0.1880
vn 0.9945 0.0550 -0.0894
vn 0.9875 0.1210 0.1012
vn 0.9887 0.1346 -0.0655
vn 0.9977 -0.0058 -0.0677
vn 0.9675 0.2373 0.0872
vn 0.9682 0.2457 -0.0472
vn 0.8488 0.1771 0.4982
vn 0.7737 0.3219 0.5458
vn 0.9050 0.4191 0.0724
vn 0.4258 0.0312 0.9043
vn 0.3744 0.0870 0.9232
vn 0.0285 -0.0857 0.9959
vn 0.0615 -0.0800 0.9949
vn -0.3231 -0.1924 0.9266
vn -0.2469 -0.2438 0.9379
vn -0.7086 -0.3128 0.6326
vn -0.6109 -0.4447 0.6550
vn -0.9110 -0.3661 0.1899
vn -0.8003 -0.5586 0.2181
vn 0.8971 0.4287 -0.1074
vn 0.6428 0.7608 0.0892
vn 0.6111 0.7824 -0.1198
vn 0.5537 0.4995 0.6663
vn 0.2563 0.0927 0.9621
vn 0.0431 -0.1160 0.9923
vn -0.1876 -0.3468 0.9190
vn -0.4493 -0.6204 0.6428
vn -0.5842 -0.7780 0.2310
vn 0.3191 0.9401 0.1195
vn 0.2777 0.9579 -0.0731
vn 0.3718 0.5867 0.7194
vn 0.2643 0.0831 0.9608
vn 0.1334 -0.1389 0.9813
vn -0.0353 -0.4040 0.9141
vn -0.2262 -0.7290 0.6461
vn -0.3425 -0.9136 0.2190
vn 0.1655 0.9777 0.1292
vn 0.1332 0.9875 -0.0847
vn 0.2389 0.6150 0.7515
vn 0.2366 0.1015 0.9663
vn 0.2124 -0.1184 0.9700
vn 0.1514 -0.3859 0.9100
vn 0.0539 -0.7454 0.6644
vn -0.0316 -0.9720 0.2327
vn -0.1744 0.9770 0.1223
vn -0.1937 0.9763 -0.0965
vn -0.0256 0.6325 0.7742
vn 0.1269 0.1197 0.9847
vn 0.1861 -0.0881 0.9786
vn 0.2353 -0.3306 0.9140
vn 0.2806 -0.6745 0.6829
vn 0.2884 -0.9228 0.2556
vn -0.3223 0.9392 0.1189
vn -0.3565 0.9289 -0.1003
vn -0.0964 0.6210 0.7778
vn 0.1313 0.1133 0.9848
vn 0.2020 -0.0828 0.9759
vn 0.2803 -0.2987 0.9123
vn 0.3929 -0.6049 0.6926
vn 0.4674 -0.8413 0.2714
vn -0.2344 0.9635 0.1291
vn -0.2839 0.9534 -0.1016
vn -0.0186 0.6238 0.7813
vn 0.1561 0.1192 0.9805
vn 0.1780 -0.0968 0.9793
vn 0.2398 -0.2912 0.9261
vn 0.3943 -0.5957 0.6997
vn 0.5150 -0.8133 0.2708
vn 0.4669 -0.5321 0.7063
vn 0.2649 -0.3089 0.9135
vn 0.6441 -0.7151 0.2716
vn 0.5488 -0.4512 0.7038
vn 0.2622 -0.2403 0.9346
vn 0.7480 -0.6058 0.2710
vn 0.4555 0.3432 0.8214
vn -0.3953 -0.5536 0.7329
vn 0.5679 0.0559 0.8212
vn -0.5965 -0.2889 0.7488
vn 0.5369 -0.0888 0.8390
vn -0.7151 0.0077 0.6990
vn -0.7360 0.1198 0.6663
vn -0.7334 0.1516 0.6627
vn 0.4449 -0.1231 0.8871
vn 0.4255 -0.1381 0.8944
vn -0.7341 0.0497 0.6772
vn 0.4901 -0.0849 0.8675
vn -0.7268 0.0329 0.6861
vn 0.5207 -0.0800 0.8500
vn 0.5986 0.7935 0.1093
vn 0.6533 0.5488 -0.5216
vn 0.7571 0.5492 -0.3539
vn 0.8674 0.3541 -0.3496
vn -0.2184 0.9639 -0.1523
vn -0.6861 0.6874 0.2384
vn 0.1453 0.8911 -0.4299
vn -0.7891 0.3216 0.5234
vn -0.6735 0.1541 0.7229
vn -0.6751 -0.1518 0.7219
vn -0.7865 0.1608 0.5963
vn -0.2183 0.9639 -0.1523
vn -0.3209 -0.4106 0.8535
vn -0.5585 -0.3365 0.7582
vn -0.6121 -0.2850 0.7377
vn -0.9039 -0.3146 0.2900
vn -0.8905 -0.1924 0.4123
vn -0.8478 -0.2369 0.4745
vn 0.9280 0.3454 0.1398
vn 0.8191 0.2691 -0.5067
vn 0.7861 0.1975 -0.5857
vn 0.9713 0.1402 -0.1920
vn 0.7755 0.1811 -0.6048
vn 0.7633 -0.6435 -0.0577
vn 0.2676 -0.2283 -0.9361
vn -0.5941 -0.3640 0.7174
vn -0.1251 -0.8151 0.5656
vn -0.7540 -0.5926 -0.2836
vn -0.4185 -0.0671 0.9057
vn -0.8131 -0.1638 0.5586
vn -0.7470 -0.2312 0.6234
vn -0.7753 -0.4445 0.4486
vn -0.7892 -0.2558 0.5583
vn -0.8209 -0.2003 0.5348
vn 0.8040 0.3179 -0.5025
vn 0.8771 0.2100 -0.4319
vn 0.8588 0.2775 -0.4306
vn 0.3029 0.1748 -0.9369
vn -0.7806 -0.4356 -0.4483
vn -0.8299 -0.1441 0.5389
vn -0.7901 -0.2410 0.5636
vn -0.6226 -0.4699 0.6258
vn -0.6286 -0.3403 0.6993
vn -0.6853 -0.2212 0.6939
vn 0.6168 0.2977 -0.7286
vn 0.5811 0.2026 -0.7882
vn 0.6983 0.3835 -0.6044
vn 0.4379 0.1223 -0.8907
vn -0.6869 -0.6067 -0.4000
vn -0.7396 -0.1834 0.6476
vn -0.7554 -0.2312 0.6131
vn 0.8878 -0.0272 -0.4594
vn 0.7041 -0.2258 -0.6732
vn 0.2057 -0.9039 -0.3752
vn 0.2402 -0.8213 0.5174
vn 0.3823 0.2684 -0.8842
vn 0.7424 -0.0999 -0.6625
vn 0.4932 -0.6247 0.6053
vn -0.3632 -0.2878 0.8861
vn 0.2357 0.2098 -0.9489
vn 0.6401 -0.0844 -0.7636
vn 0.5999 -0.5619 0.5696
vn -0.1392 -0.2852 0.9483
vn 0.3835 0.4299 -0.8174
vn 0.7605 0.2476 -0.6003
vn 0.6238 -0.5189 0.5844
vn -0.2908 -0.4610 0.8384
vn 0.3745 0.3477 -0.8596
vn 0.7857 0.2919 -0.5454
vn 0.6272 -0.1528 0.7637
vn -0.3651 -0.3422 0.8658
vn 0.3530 0.2441 -0.9032
vn 0.7274 0.3711 -0.5772
vn 0.5232 0.2236 0.8223
vn -0.3214 -0.1982 0.9260
vn 0.3891 0.3092 -0.8678
vn 0.5560 0.6015 -0.5737
vn 0.2346 0.5032 0.8317
vn -0.3429 -0.2358 0.9093
vn 0.4873 0.2928 -0.8227
vn 0.4549 0.7155 -0.5302
vn -0.1625 0.6517 0.7409
vn -0.4904 -0.2178 0.8439
vn 0.6824 0.3131 -0.6606
vn 0.4403 0.7785 -0.4473
vn -0.5181 0.6378 0.5699
vn -0.6525 -0.2538 0.7140
vn -0.7102 -0.1761 0.6816
vn -0.8161 0.2150 0.5364
vn -0.4130 -0.5831 0.6996
vn -0.6324 -0.3354 0.6982
vn -0.7158 0.5574 0.4208
vn -0.2542 -0.4507 0.8557
vn -0.4921 -0.5420 0.6812
vn 0.5662 0.7043 -0.4283
vn 0.8079 0.3562 -0.4695
vn 0.4403 0.7786 -0.4472
vn 0.5662 0.7042 -0.4283
vn 0.5560 0.6014 -0.5737
vn 0.7273 0.3712 -0.5773
vn -0.6173 -0.4658 0.6340
vn -0.6942 -0.3386 0.6352
vn -0.5171 -0.3020 0.8009
vn -0.3637 -0.3318 0.8704
vn -0.4852 -0.2740 0.8304
vn -0.2692 -0.3613 0.8927
vn -0.3972 -0.2869 0.8717
vn -0.1525 -0.3537 0.9228
vn -0.3382 -0.2357 0.9111
vn 0.4358 0.3393 -0.8336
vn 0.2616 0.3335 0.9057
vn 0.0781 0.7220 0.6875
vn -0.8874 -0.1346 0.4410
vn 0.3589 -0.1330 0.9239
vn 0.3468 -0.5852 0.7330
vn 0.2066 -0.9214 0.3292
vn -0.0345 -0.9820 -0.1858
vn -0.0346 -0.9820 -0.1859
vn -0.2714 -0.7594 -0.5913
vn -0.4509 -0.3734 -0.8107
vn -0.5497 0.0974 -0.8296
vn -0.5418 0.5533 -0.6327
vn -0.4091 0.8833 -0.2288
vn -0.1696 0.9448 0.2802
vn 0.0494 0.7175 0.6948
vn -0.2177 0.9326 0.2878
vn 0.2707 0.3367 0.9019
vn 0.4137 -0.1240 0.9019
vn 0.4468 -0.5638 0.6947
vn 0.3440 -0.8960 0.2808
vn 0.1104 -0.9645 -0.2399
vn 0.1104 -0.9645 -0.2400
vn -0.1492 -0.7521 -0.6419
vn -0.3681 -0.3708 -0.8526
vn -0.5112 0.0954 -0.8541
vn -0.5454 0.5360 -0.6444
vn -0.4489 0.8626 -0.2332
vn -0.3034 0.8994 0.3147
vn -0.5259 0.8219 -0.2187
vn -0.0115 0.6916 0.7222
vn 0.2451 0.3250 0.9134
vn 0.4310 -0.1193 0.8944
vn 0.5058 -0.5416 0.6715
vn 0.4388 -0.8626 0.2518
vn 0.2168 -0.9376 -0.2717
vn 0.2168 -0.9376 -0.2718
vn -0.0634 -0.7359 -0.6741
vn -0.3183 -0.3667 -0.8742
vn -0.5061 0.0838 -0.8584
vn -0.5842 0.5054 -0.6350
vn -0.5955 0.7773 -0.2028
vn -0.6186 0.4741 -0.6266
vn -0.3838 0.8578 0.3419
vn -0.0692 0.6570 0.7507
vn 0.2209 0.3064 0.9259
vn 0.4481 -0.1167 0.8863
vn 0.5627 -0.5154 0.6463
vn 0.5305 -0.8185 0.2206
vn 0.3214 -0.8958 -0.3069
vn 0.0213 -0.7050 -0.7089
vn -0.2671 -0.3552 -0.8958
vn -0.4976 0.0713 -0.8645
vn -0.6570 0.4371 -0.6143
vn -0.4966 0.0579 -0.8661
vn -0.6656 0.7237 -0.1823
vn -0.4665 0.8041 0.3685
vn -0.1334 0.6151 0.7770
vn 0.1891 0.2832 0.9402
vn 0.4557 -0.1151 0.8826
vn 0.6089 -0.4880 0.6254
vn 0.6095 -0.7695 0.1907
vn 0.4135 -0.8447 -0.3398
vn 0.4135 -0.8447 -0.3399
vn 0.0958 -0.6672 -0.7387
vn -0.2255 -0.3410 -0.9126
vn -0.4929 0.0467 -0.8688
vn -0.1812 -0.3221 -0.9292
vn -0.6922 0.3962 -0.6032
vn -0.7333 0.6601 -0.1629
vn -0.5487 0.7376 0.3935
vn -0.1982 0.5647 0.8012
vn 0.1571 0.2576 0.9534
vn 0.4631 -0.1103 0.8794
vn 0.6537 -0.4556 0.6042
vn 0.6830 -0.7127 0.1599
vn 0.5002 -0.7826 -0.3706
vn 0.5001 -0.7826 -0.3706
vn 0.1700 -0.6214 -0.7648
vn -0.1337 -0.3003 -0.9444
vn 0.2433 -0.5692 -0.7854
vn -0.4853 0.0347 -0.8736
vn -0.7242 0.3501 -0.5941
vn -0.7977 0.5853 -0.1454
vn -0.6286 0.6563 0.4172
vn -0.2620 0.5022 0.8241
vn 0.1241 0.2273 0.9659
vn 0.4686 -0.1055 0.8771
vn 0.6948 -0.4195 0.5842
vn 0.7492 -0.6491 0.1321
vn 0.5803 -0.7120 -0.3953
vn 0.5803 -0.7120 -0.3954
vn 0.3113 -0.5072 -0.8036
vn 0.6546 -0.6298 -0.4182
vn -0.0930 -0.2709 -0.9581
vn -0.4800 0.0247 -0.8769
vn -0.7535 0.3025 -0.5837
vn -0.8527 0.5070 -0.1257
vn -0.6965 0.5687 0.4375
vn -0.3190 0.4350 0.8420
vn 0.0920 0.1954 0.9764
vn 0.4702 -0.0974 0.8772
vn 0.7311 -0.3764 0.5690
vn 0.8102 -0.5764 0.1061
vn 0.6546 -0.6298 -0.4181
vn 0.7218 -0.5317 -0.4431
vn 0.8692 -0.4874 0.0832
vn 0.7217 -0.5317 -0.4432
vn 0.3686 -0.4263 -0.8261
vn -0.0594 -0.2242 -0.9727
vn -0.4741 0.0249 -0.8801
vn -0.7759 0.2588 -0.5753
vn -0.8970 0.4287 -0.1081
vn -0.7509 0.4775 0.4563
vn -0.3630 0.3646 0.8575
vn 0.0695 0.1631 0.9842
vn 0.4757 -0.0826 0.8757
vn 0.7677 -0.3184 0.5561
vn 0.9170 -0.3922 0.0727
vn 0.7965 -0.2618 0.5450
vn 0.7766 -0.4265 -0.4637
vn 0.7766 -0.4265 -0.4638
vn 0.4086 -0.3369 -0.8483
vn -0.0324 -0.1758 -0.9839
vn -0.4685 0.0219 -0.8832
vn -0.7934 0.2093 -0.5715
vn -0.9342 0.3426 -0.0997
vn -0.7969 0.3776 0.4716
vn -0.3971 0.2837 0.8728
vn 0.0521 0.1206 0.9913
vn 0.4810 -0.0770 0.8733
vn 0.7935 -0.2737 0.5435
vn 0.4684 -0.1324 0.8736
vn 0.9235 -0.3738 0.0862
vn 0.7867 -0.4051 -0.4658
vn 0.7867 -0.4051 -0.4659
vn 0.4042 -0.3206 -0.8566
vn -0.0320 -0.1927 -0.9807
vn -0.4780 -0.0371 -0.8776
vn -0.8167 0.1165 -0.5652
vn -0.9723 0.2038 -0.1148
vn -0.8499 0.2154 0.4809
vn -0.4227 0.1548 0.8930
vn 0.0244 0.0334 0.9991
vn 0.4539 -0.1837 0.8719
vn 0.0056 -0.0277 0.9996
vn 0.7793 -0.3081 0.5456
vn 0.9107 -0.4006 0.1007
vn 0.7733 -0.4362 -0.4602
vn 0.7732 -0.4362 -0.4603
vn 0.3855 -0.3466 -0.8551
vn -0.0415 -0.2283 -0.9727
vn -0.4870 -0.0891 -0.8689
vn -0.8284 0.0524 -0.5577
vn -0.9855 0.1099 -0.1296
vn -0.8726 0.0988 0.4783
vn -0.4307 0.0689 0.8999
vt 0.743104 0.850454
vt 0.772497 0.834317
vt 0.790706 0.858998
vt 0.776181 0.868751
vt 0.736735 0.814585
vt 0.765157 0.803637
vt 0.765618 0.878062
vt 0.738575 0.869274
vt 0.715568 0.864724
vt 0.715512 0.846714
vt 0.713046 0.819376
vt 0.841163 0.695770
vt 0.820049 0.689526
vt 0.828403 0.677844
vt 0.839032 0.686219
vt 0.831123 0.706125
vt 0.814257 0.699052
vt 0.860301 0.687924
vt 0.870030 0.703799
vt 0.857421 0.709350
vt 0.847557 0.718458
vt 0.855371 0.676678
vt 0.864398 0.789952
vt 0.851126 0.794425
vt 0.841676 0.765510
vt 0.851346 0.757694
vt 0.861541 0.820918
vt 0.853066 0.825107
vt 0.860555 0.747615
vt 0.871576 0.774610
vt 0.877444 0.801489
vt 0.870479 0.821529
vt 0.883097 0.789438
vt 0.347780 0.724119
vt 0.339198 0.745982
vt 0.325753 0.738985
vt 0.331129 0.723135
vt 0.365853 0.747105
vt 0.349651 0.760134
vt 0.319233 0.702300
vt 0.325474 0.693754
vt 0.365088 0.703942
vt 0.378881 0.718829
vt 0.334657 0.678649
vt 0.368285 0.780844
vt 0.356553 0.780708
vt 0.397738 0.727948
vt 0.387838 0.755655
vt 0.384471 0.786040
vt 0.524259 0.910081
vt 0.514435 0.901918
vt 0.534215 0.876924
vt 0.546634 0.890850
vt 0.504551 0.927926
vt 0.500841 0.921521
vt 0.555836 0.900809
vt 0.540409 0.909227
vt 0.505016 0.897893
vt 0.511696 0.878603
vt 0.515666 0.863384
vt 0.538673 0.860736
vt 0.570846 0.870742
vt 0.574455 0.882787
vt 0.568134 0.858917
vt 0.702022 0.910368
vt 0.698124 0.922389
vt 0.674576 0.916246
vt 0.678274 0.905143
vt 0.697930 0.891501
vt 0.715162 0.890878
vt 0.717850 0.904977
vt 0.675415 0.890215
vt 0.724449 0.917516
vt 0.717137 0.923774
vt 0.712625 0.931242
vt 0.489414 0.846939
vt 0.455369 0.864846
vt 0.442648 0.855192
vt 0.466629 0.833783
vt 0.483855 0.805061
vt 0.502004 0.813990
vt 0.520599 0.824427
vt 0.518104 0.846449
vt 0.493104 0.865830
vt 0.462490 0.874708
vt 0.282701 0.555208
vt 0.285006 0.544104
vt 0.307262 0.552067
vt 0.304522 0.563246
vt 0.303238 0.573150
vt 0.289522 0.568608
vt 0.273072 0.557326
vt 0.257532 0.551447
vt 0.259235 0.546464
vt 0.279858 0.567410
vt 0.262355 0.538159
vt 0.330667 0.586524
vt 0.327316 0.588852
vt 0.317786 0.580266
vt 0.324895 0.573873
vt 0.341521 0.596151
vt 0.329299 0.597021
vt 0.346798 0.584283
vt 0.268239 0.571620
vt 0.266590 0.565796
vt 0.272942 0.566989
vt 0.273593 0.574374
vt 0.269436 0.581297
vt 0.263559 0.575153
vt 0.259209 0.569239
vt 0.247965 0.579928
vt 0.253676 0.591325
vt 0.244595 0.597755
vt 0.238493 0.585733
vt 0.257428 0.579483
vt 0.263141 0.586772
vt 0.233926 0.574860
vt 0.240799 0.571649
vt 0.246667 0.569883
vt 0.249625 0.575057
vt 0.254986 0.574748
vt 0.262430 0.558886
vt 0.256195 0.561812
vt 0.252267 0.559168
vt 0.240617 0.554692
vt 0.236851 0.549707
vt 0.225302 0.554992
vt 0.213443 0.545204
vt 0.219166 0.537620
vt 0.422504 0.579185
vt 0.408665 0.587238
vt 0.402019 0.572974
vt 0.411979 0.561560
vt 0.442548 0.590379
vt 0.434760 0.606693
vt 0.417927 0.599944
vt 0.409066 0.597281
vt 0.321320 0.627517
vt 0.342542 0.650727
vt 0.336297 0.653446
vt 0.314977 0.634825
vt 0.335596 0.626068
vt 0.349016 0.646483
vt 0.317999 0.609431
vt 0.329680 0.607603
vt 0.299261 0.626511
vt 0.301807 0.617646
vt 0.304733 0.606968
vt 0.372040 0.616196
vt 0.378890 0.621735
vt 0.367325 0.630949
vt 0.361239 0.618528
vt 0.362286 0.604362
vt 0.374668 0.608948
vt 0.387476 0.607856
vt 0.280185 0.674407
vt 0.278623 0.666328
vt 0.296961 0.668809
vt 0.296096 0.679407
vt 0.239166 0.834224
vt 0.245560 0.845612
vt 0.221817 0.850843
vt 0.230144 0.838283
vt 0.241585 0.816466
vt 0.256891 0.822570
vt 0.225134 0.817488
vt 0.283646 0.620196
vt 0.298306 0.637168
vt 0.280616 0.635763
vt 0.266670 0.618232
vt 0.267764 0.615676
vt 0.283380 0.612461
vt 0.207589 0.714010
vt 0.207589 0.695319
vt 0.227239 0.695319
vt 0.223433 0.712409
vt 0.819195 0.747513
vt 0.811359 0.751891
vt 0.808731 0.730028
vt 0.826241 0.742878
vt 0.830471 0.772243
vt 0.818255 0.778271
vt 0.806302 0.684573
vt 0.812716 0.671270
vt 0.313839 0.675547
vt 0.316334 0.663157
vt 0.336280 0.662919
vt 0.311949 0.685429
vt 0.272618 0.605749
vt 0.280402 0.598721
vt 0.291221 0.603521
vt 0.262460 0.613015
vt 0.270660 0.915012
vt 0.276865 0.906955
vt 0.283823 0.911080
vt 0.277023 0.919332
vt 0.098258 0.825906
vt 0.106265 0.826186
vt 0.100693 0.833612
vt 0.092096 0.830004
vt 0.264038 0.910484
vt 0.270433 0.902086
vt 0.161550 0.897183
vt 0.155292 0.893639
vt 0.162066 0.890249
vt 0.168715 0.896943
vt 0.925055 0.926707
vt 0.919359 0.930097
vt 0.913404 0.922280
vt 0.920484 0.919251
vt 0.927603 0.915324
vt 0.931227 0.923519
vt 0.160993 0.834492
vt 0.158617 0.826036
vt 0.169556 0.826811
vt 0.167458 0.836045
vt 0.156375 0.840077
vt 0.149058 0.833901
vt 0.163698 0.843739
vt 0.383500 0.553011
vt 0.400434 0.551420
vt 0.396819 0.568614
vt 0.391757 0.571346
vt 0.387713 0.533745
vt 0.408659 0.535300
vt 0.362551 0.545969
vt 0.368462 0.531795
vt 0.374569 0.566096
vt 0.356352 0.560984
vt 0.388614 0.578275
vt 0.269569 0.560964
vt 0.097363 0.871409
vt 0.094317 0.875570
vt 0.087038 0.868916
vt 0.096457 0.866534
vt 0.101995 0.871973
vt 0.103565 0.876672
vt 0.104599 0.867449
vt 0.110439 0.846326
vt 0.117191 0.843755
vt 0.120304 0.852755
vt 0.109779 0.852383
vt 0.100192 0.850979
vt 0.103875 0.843769
vt 0.109939 0.837442
vt 0.176342 0.850498
vt 0.182543 0.846444
vt 0.186443 0.857093
vt 0.176021 0.857757
vt 0.167780 0.855125
vt 0.170760 0.846940
vt 0.175649 0.837850
vt 0.163745 0.870428
vt 0.165284 0.863913
vt 0.173922 0.867797
vt 0.169117 0.874754
vt 0.162388 0.879624
vt 0.157735 0.871727
vt 0.156363 0.861693
vt 0.111127 0.871537
vt 0.319197 0.756173
vt 0.329377 0.762259
vt 0.320465 0.778278
vt 0.311737 0.776945
vt 0.337727 0.770976
vt 0.326844 0.781863
vt 0.497405 0.915267
vt 0.343616 0.784581
vt 0.331127 0.787657
vt 0.490641 0.911023
vt 0.493836 0.895467
vt 0.494888 0.880391
vt 0.475391 0.907690
vt 0.474896 0.895358
vt 0.471668 0.884492
vt 0.440382 0.904006
vt 0.436548 0.895809
vt 0.431004 0.887762
vt 0.423154 0.880204
vt 0.403809 0.913313
vt 0.398031 0.906263
vt 0.390894 0.899506
vt 0.382202 0.893348
vt 0.413214 0.873033
vt 0.375384 0.925758
vt 0.367332 0.918264
vt 0.359503 0.911319
vt 0.351193 0.905214
vt 0.372016 0.887935
vt 0.356114 0.929293
vt 0.347984 0.920956
vt 0.338048 0.916007
vt 0.329257 0.910576
vt 0.342489 0.899402
vt 0.338482 0.928963
vt 0.329991 0.921987
vt 0.320138 0.916330
vt 0.310028 0.911365
vt 0.320307 0.904494
vt 0.322681 0.929019
vt 0.311104 0.924218
vt 0.301866 0.919286
vt 0.293144 0.914960
vt 0.301616 0.906660
vt 0.307542 0.932574
vt 0.298434 0.928863
vt 0.287220 0.923797
vt 0.118126 0.829798
vt 0.128026 0.840054
vt 0.129870 0.852360
vt 0.319041 0.936011
vt 0.125802 0.867292
vt 0.117678 0.863378
vt 0.117463 0.878136
vt 0.107929 0.859916
vt 0.097693 0.858997
vt 0.087311 0.859328
vt 0.089676 0.849379
vt 0.075733 0.860388
vt 0.077883 0.846493
vt 0.083625 0.835727
vt 0.094597 0.841186
vt 0.257585 0.901400
vt 0.250583 0.891161
vt 0.255774 0.884380
vt 0.263486 0.894867
vt 0.264669 0.875673
vt 0.270831 0.886163
vt 0.278392 0.893016
vt 0.279914 0.876574
vt 0.285673 0.883551
vt 0.293975 0.888930
vt 0.285719 0.897765
vt 0.302282 0.894054
vt 0.292889 0.902383
vt 0.311205 0.899028
vt 0.314372 0.883345
vt 0.323588 0.888600
vt 0.332958 0.893966
vt 0.341139 0.873322
vt 0.351098 0.877972
vt 0.361531 0.882810
vt 0.378469 0.856371
vt 0.389996 0.861677
vt 0.401922 0.866817
vt 0.413457 0.835645
vt 0.427817 0.844520
vt 0.431124 0.811002
vt 0.449059 0.823952
vt 0.446446 0.783490
vt 0.466529 0.795553
vt 0.458076 0.754127
vt 0.481135 0.763155
vt 0.495257 0.770363
vt 0.487830 0.729783
vt 0.504710 0.734422
vt 0.513843 0.742018
vt 0.509940 0.776442
vt 0.524722 0.785546
vt 0.541856 0.791457
vt 0.542076 0.827395
vt 0.560715 0.791346
vt 0.565817 0.825436
vt 0.568384 0.842284
vt 0.541151 0.844764
vt 0.592415 0.817509
vt 0.600479 0.839515
vt 0.604391 0.855967
vt 0.638856 0.839485
vt 0.643623 0.857033
vt 0.647215 0.870269
vt 0.606970 0.867199
vt 0.647537 0.887320
vt 0.610961 0.880994
vt 0.650890 0.903312
vt 0.615479 0.903337
vt 0.581732 0.901140
vt 0.464282 0.572502
vt 0.469331 0.575195
vt 0.465634 0.587549
vt 0.457768 0.583229
vt 0.451014 0.576023
vt 0.459514 0.567566
vt 0.437218 0.555949
vt 0.446283 0.549541
vt 0.451170 0.595806
vt 0.443695 0.610705
vt 0.435544 0.627821
vt 0.426728 0.624442
vt 0.410579 0.617147
vt 0.416863 0.643257
vt 0.398157 0.634414
vt 0.389044 0.628851
vt 0.402131 0.611880
vt 0.403992 0.662415
vt 0.382164 0.651169
vt 0.374723 0.644321
vt 0.356098 0.664499
vt 0.348696 0.655024
vt 0.317791 0.650956
vt 0.341607 0.650815
vt 0.317046 0.643126
vt 0.338343 0.651546
vt 0.298028 0.648203
vt 0.279315 0.647932
vt 0.298143 0.658754
vt 0.278858 0.658745
vt 0.263247 0.657394
vt 0.263198 0.650361
vt 0.261565 0.671253
vt 0.250250 0.652129
vt 0.249213 0.645283
vt 0.263389 0.640659
vt 0.246884 0.662537
vt 0.221541 0.794239
vt 0.219042 0.769673
vt 0.244747 0.768948
vt 0.246586 0.790625
vt 0.270677 0.766668
vt 0.264706 0.793393
vt 0.257260 0.625433
vt 0.263112 0.632516
vt 0.246551 0.637376
vt 0.244417 0.631836
vt 0.235771 0.641966
vt 0.232227 0.638116
vt 0.237559 0.646515
vt 0.225680 0.651451
vt 0.222397 0.647981
vt 0.219661 0.753144
vt 0.244050 0.753928
vt 0.271794 0.755263
vt 0.217683 0.730338
vt 0.246874 0.733891
vt 0.271631 0.739783
vt 0.248080 0.714715
vt 0.272902 0.719959
vt 0.251548 0.696798
vt 0.274631 0.698496
vt 0.253070 0.607717
vt 0.261590 0.599223
vt 0.269877 0.592988
vt 0.277028 0.586240
vt 0.286402 0.590656
vt 0.281122 0.578002
vt 0.290267 0.580311
vt 0.301772 0.583084
vt 0.297376 0.594308
vt 0.314887 0.587387
vt 0.311111 0.597199
vt 0.320544 0.597447
vt 0.319929 0.590869
vt 0.232419 0.599513
vt 0.220630 0.602265
vt 0.218697 0.594462
vt 0.229841 0.589646
vt 0.216166 0.586355
vt 0.226650 0.579186
vt 0.213029 0.577903
vt 0.222066 0.571153
vt 0.231383 0.563077
vt 0.217348 0.562032
vt 0.208934 0.568049
vt 0.201195 0.558035
vt 0.207648 0.551493
vt 0.189637 0.550682
vt 0.194887 0.543051
vt 0.199865 0.536375
vt 0.203742 0.528736
vt 0.206787 0.520200
vt 0.220434 0.525887
vt 0.209799 0.510438
vt 0.222997 0.515947
vt 0.240786 0.521630
vt 0.238793 0.533823
vt 0.264758 0.527324
vt 0.242893 0.511735
vt 0.266951 0.518013
vt 0.291557 0.525765
vt 0.288132 0.534998
vt 0.316095 0.535246
vt 0.311674 0.544080
vt 0.341771 0.543002
vt 0.336638 0.554657
vt 0.330683 0.563797
vt 0.350129 0.572663
vt 0.370467 0.578618
vt 0.372823 0.589060
vt 0.384500 0.585921
vt 0.379528 0.591436
vt 0.361174 0.595921
vt 0.341348 0.608755
vt 0.344968 0.622630
vt 0.355835 0.638969
vt 0.319987 0.523899
vt 0.346690 0.529129
vt 0.324092 0.506522
vt 0.349390 0.511533
vt 0.371001 0.514681
vt 0.392335 0.519003
vt 0.299219 0.498984
vt 0.294375 0.516107
vt 0.268790 0.508696
vt 0.273235 0.490907
vt 0.244997 0.501993
vt 0.249883 0.483128
vt 0.230049 0.493631
vt 0.231022 0.477866
vt 0.215963 0.488461
vt 0.217729 0.475249
vt 0.227434 0.505052
vt 0.213089 0.499984
vt 0.193085 0.566741
vt 0.182840 0.558408
vt 0.199365 0.575845
vt 0.202694 0.583640
vt 0.206106 0.592108
vt 0.209041 0.600646
vt 0.212333 0.609290
vt 0.383758 0.682856
vt 0.416227 0.670134
vt 0.396908 0.693554
vt 0.428986 0.678307
vt 0.412050 0.702462
vt 0.443274 0.683991
vt 0.429920 0.709885
vt 0.417033 0.735616
vt 0.447474 0.718695
vt 0.435704 0.744746
vt 0.424794 0.772152
vt 0.406252 0.763334
vt 0.413468 0.800725
vt 0.397946 0.792836
vt 0.399809 0.828615
vt 0.387019 0.822578
vt 0.375631 0.816637
vt 0.365585 0.810855
vt 0.367850 0.851352
vt 0.358505 0.846468
vt 0.350699 0.841560
vt 0.344295 0.837143
vt 0.355409 0.806015
vt 0.331951 0.868502
vt 0.323574 0.863304
vt 0.316266 0.857715
vt 0.309337 0.851672
vt 0.338389 0.833473
vt 0.305454 0.878056
vt 0.297423 0.872599
vt 0.290210 0.866659
vt 0.283966 0.859993
vt 0.303696 0.844638
vt 0.272769 0.869086
vt 0.390996 0.960976
vt 0.383181 0.953064
vt 0.389898 0.940296
vt 0.396858 0.946498
vt 0.388630 0.972298
vt 0.378495 0.964131
vt 0.368165 0.955983
vt 0.373761 0.945980
vt 0.384051 0.984213
vt 0.373124 0.974360
vt 0.363581 0.963747
vt 0.352779 0.953676
vt 0.358299 0.946390
vt 0.368345 0.980490
vt 0.356945 0.970933
vt 0.348138 0.959464
vt 0.337491 0.948556
vt 0.342499 0.943165
vt 0.089839 0.884446
vt 0.081456 0.873130
vt 0.105923 0.886528
vt 0.332437 0.935268
vt 0.348594 0.936898
vt 0.327730 0.941619
vt 0.365103 0.937448
vt 0.382754 0.933385
vt 0.408843 0.920422
vt 0.443640 0.912520
vt 0.413821 0.927732
vt 0.331741 0.829835
vt 0.332372 0.801056
vt 0.344478 0.802482
vt 0.378304 0.990555
vt 0.467411 0.725967
vt 0.457151 0.689240
vt 0.472829 0.693973
vt 0.492415 0.696735
vt 0.476642 0.661549
vt 0.493175 0.665806
vt 0.517410 0.669121
vt 0.519792 0.701778
vt 0.541943 0.759304
vt 0.524677 0.763224
vt 0.520483 0.725326
vt 0.532903 0.727217
vt 0.557233 0.758495
vt 0.555131 0.729698
vt 0.582480 0.729257
vt 0.583589 0.757500
vt 0.584837 0.787418
vt 0.620333 0.756608
vt 0.624774 0.783131
vt 0.631685 0.812725
vt 0.660850 0.782373
vt 0.666692 0.814695
vt 0.670243 0.844070
vt 0.691487 0.817736
vt 0.693598 0.843561
vt 0.695862 0.863316
vt 0.673596 0.860652
vt 0.696002 0.876091
vt 0.675632 0.874198
vt 0.713934 0.877298
vt 0.735055 0.881204
vt 0.730172 0.890619
vt 0.730889 0.902108
vt 0.760575 0.888256
vt 0.753121 0.895296
vt 0.750215 0.904219
vt 0.748884 0.913624
vt 0.734576 0.913912
vt 0.783513 0.906256
vt 0.777972 0.911548
vt 0.773797 0.916644
vt 0.771197 0.922454
vt 0.749328 0.924161
vt 0.807085 0.932892
vt 0.802529 0.939308
vt 0.797264 0.945031
vt 0.918446 0.859284
vt 0.912259 0.865266
vt 0.882829 0.845303
vt 0.889637 0.841102
vt 0.818808 0.960461
vt 0.810774 0.965668
vt 0.940495 0.878067
vt 0.932322 0.884389
vt 0.924219 0.889313
vt 0.904886 0.870175
vt 0.950918 0.888073
vt 0.941156 0.895285
vt 0.931801 0.901225
vt 0.923228 0.905875
vt 0.916314 0.894036
vt 0.946412 0.903430
vt 0.936166 0.910238
vt 0.950066 0.910628
vt 0.939556 0.917770
vt 0.147153 0.887441
vt 0.141323 0.875998
vt 0.149115 0.874496
vt 0.154489 0.884196
vt 0.169768 0.886165
vt 0.176993 0.880554
vt 0.185683 0.886759
vt 0.177648 0.894160
vt 0.911809 0.933341
vt 0.903632 0.936698
vt 0.897705 0.929499
vt 0.906090 0.925511
vt 0.891258 0.922539
vt 0.899837 0.917862
vt 0.907695 0.913762
vt 0.891999 0.908223
vt 0.900414 0.903510
vt 0.908428 0.898605
vt 0.915396 0.909978
vt 0.882027 0.883319
vt 0.889529 0.878922
vt 0.897176 0.874550
vt 0.861489 0.855766
vt 0.868289 0.851903
vt 0.875430 0.848591
vt 0.879706 0.824758
vt 0.887552 0.810370
vt 0.899021 0.819252
vt 0.890781 0.826363
vt 0.894244 0.801845
vt 0.906058 0.813760
vt 0.738552 0.926747
vt 0.732257 0.929645
vt 0.899685 0.797477
vt 0.912031 0.808858
vt 0.728639 0.934056
vt 0.906299 0.792553
vt 0.918447 0.804081
vt 0.725364 0.939873
vt 0.915104 0.785308
vt 0.926663 0.796930
vt 0.720216 0.948594
vt 0.708210 0.940134
vt 0.907799 0.771075
vt 0.896963 0.779094
vt 0.884457 0.764494
vt 0.893203 0.757713
vt 0.877825 0.770152
vt 0.866053 0.741641
vt 0.872267 0.736103
vt 0.882982 0.732351
vt 0.889983 0.784512
vt 0.839086 0.724409
vt 0.833224 0.731472
vt 0.815550 0.722905
vt 0.820934 0.713049
vt 0.806075 0.707596
vt 0.801223 0.719710
vt 0.787546 0.719390
vt 0.792461 0.706070
vt 0.799265 0.735362
vt 0.784903 0.737839
vt 0.768086 0.743284
vt 0.771478 0.723193
vt 0.799794 0.757323
vt 0.786074 0.761160
vt 0.765055 0.770715
vt 0.738150 0.779124
vt 0.743696 0.749213
vt 0.789329 0.791123
vt 0.804820 0.783780
vt 0.811320 0.813740
vt 0.794063 0.821637
vt 0.820187 0.842598
vt 0.805660 0.850039
vt 0.837730 0.869231
vt 0.827132 0.875072
vt 0.816574 0.881162
vt 0.806495 0.887454
vt 0.853472 0.897424
vt 0.844034 0.902620
vt 0.834548 0.908137
vt 0.825919 0.913940
vt 0.797530 0.893868
vt 0.863441 0.922304
vt 0.853947 0.927707
vt 0.845376 0.933166
vt 0.837749 0.939177
vt 0.818363 0.920060
vt 0.860915 0.938081
vt 0.852954 0.943088
vt 0.845804 0.948407
vt 0.839389 0.954078
vt 0.831139 0.945943
vt 0.858904 0.952429
vt 0.852457 0.957718
vt 0.847314 0.962540
vt 0.840978 0.967837
vt 0.833201 0.960908
vt 0.858550 0.965434
vt 0.853690 0.970230
vt 0.846868 0.976187
vt 0.826962 0.968557
vt 0.825338 0.953660
vt 0.834079 0.975319
vt 0.822502 0.982673
vt 0.817883 0.975370
vt 0.838192 0.982728
vt 0.826013 0.989798
vt 0.962466 0.901453
vt 0.957915 0.894660
vt 0.140393 0.860124
vt 0.143493 0.845383
vt 0.151113 0.847736
vt 0.148119 0.860730
vt 0.159609 0.851304
vt 0.812086 0.926488
vt 0.789928 0.900213
vt 0.864270 0.961139
vt 0.866684 0.947264
vt 0.872724 0.956180
vt 0.180713 0.830891
vt 0.191978 0.840069
vt 0.875936 0.941715
vt 0.881984 0.949175
vt 0.195288 0.855985
vt 0.887192 0.934896
vt 0.893819 0.941403
vt 0.192522 0.874333
vt 0.183545 0.871870
vt 0.870591 0.933293
vt 0.881181 0.927595
vt 0.873900 0.917712
vt 0.883377 0.912941
vt 0.862810 0.892530
vt 0.872383 0.887948
vt 0.847727 0.863897
vt 0.854817 0.859885
vt 0.833701 0.836008
vt 0.842856 0.830751
vt 0.825759 0.807101
vt 0.838579 0.800315
vt 0.714575 0.753722
vt 0.716703 0.727823
vt 0.748276 0.725602
vt 0.712820 0.782035
vt 0.688859 0.782899
vt 0.684651 0.755997
vt 0.655107 0.756433
vt 0.653254 0.729825
vt 0.684335 0.729473
vt 0.657903 0.696488
vt 0.689582 0.698158
vt 0.721667 0.702133
vt 0.698024 0.671344
vt 0.730095 0.681458
vt 0.763805 0.690840
vt 0.755073 0.707237
vt 0.783719 0.694026
vt 0.776208 0.708156
vt 0.799317 0.694955
vt 0.792024 0.680493
vt 0.772580 0.675185
vt 0.779558 0.660287
vt 0.799810 0.667465
vt 0.786617 0.645652
vt 0.804610 0.654979
vt 0.821625 0.654221
vt 0.760749 0.619074
vt 0.720904 0.607148
vt 0.723398 0.596319
vt 0.760440 0.609960
vt 0.789813 0.634628
vt 0.755072 0.630802
vt 0.716736 0.619846
vt 0.677539 0.615739
vt 0.679258 0.604869
vt 0.747933 0.645535
vt 0.711791 0.634208
vt 0.674753 0.629089
vt 0.631570 0.628951
vt 0.632650 0.616224
vt 0.705779 0.651130
vt 0.671172 0.644931
vt 0.629569 0.644889
vt 0.587963 0.648797
vt 0.590121 0.632817
vt 0.666088 0.666528
vt 0.625845 0.667706
vt 0.585234 0.670728
vt 0.548178 0.670386
vt 0.550978 0.648984
vt 0.621492 0.697040
vt 0.583009 0.698491
vt 0.547234 0.698943
vt 0.619654 0.729032
vt 0.521932 0.646923
vt 0.526191 0.629720
vt 0.553567 0.632756
vt 0.528757 0.614977
vt 0.555769 0.619721
vt 0.591558 0.619909
vt 0.557724 0.608044
vt 0.592475 0.610349
vt 0.632858 0.607078
vt 0.592750 0.596988
vt 0.632733 0.593196
vt 0.680176 0.590899
vt 0.487047 0.577590
vt 0.500192 0.578851
vt 0.498816 0.592748
vt 0.486409 0.591255
vt 0.474867 0.589822
vt 0.476671 0.576722
vt 0.481272 0.606825
vt 0.470013 0.603581
vt 0.460083 0.599945
vt 0.463993 0.617799
vt 0.452973 0.614275
vt 0.457927 0.633843
vt 0.445174 0.630799
vt 0.450119 0.655192
vt 0.437553 0.652811
vt 0.426949 0.648107
vt 0.471256 0.636653
vt 0.463663 0.657496
vt 0.484370 0.640008
vt 0.476138 0.620799
vt 0.489967 0.623713
vt 0.506153 0.626865
vt 0.500747 0.643714
vt 0.494885 0.609262
vt 0.509976 0.612108
vt 0.513011 0.595489
vt 0.530556 0.600249
vt 0.516258 0.582010
vt 0.534841 0.587500
vt 0.560108 0.594762
vt 0.739156 0.664044
vt 0.423226 0.543666
vt 0.427617 0.534483
vt 0.410665 0.524918
vt 0.309682 0.696320
vt 0.239725 0.558820
vt 0.246384 0.563666
vt 0.812086 0.635479
vt 0.820250 0.639107
vt 0.811286 0.644667
vt 0.796419 0.627842
vt 0.617002 0.921421
vt 0.582976 0.917690
vt 0.582980 0.908017
vt 0.617277 0.911761
vt 0.694098 0.931607
vt 0.672534 0.925992
vt 0.651789 0.923726
vt 0.652459 0.914045
vt 0.560931 0.915835
vt 0.543079 0.918340
vt 0.559831 0.905306
vt 0.531064 0.923180
vt 0.318067 0.736615
vt 0.324179 0.722967
vt 0.313440 0.707510
vt 0.510395 0.937907
vt 0.309932 0.752650
vt 0.300500 0.772440
vt 0.305077 0.702622
vt 0.286969 0.693970
vt 0.290968 0.687103
vt 0.272321 0.686549
vt 0.257526 0.678132
vt 0.276309 0.679700
vt 0.242861 0.669608
vt 0.220940 0.657725
vt 0.217069 0.654171
vt 0.207589 0.847585
vt 0.207589 0.835247
vt 0.207589 0.816400
vt 0.207589 0.731036
vt 0.207589 0.753641
vt 0.207589 0.794293
vt 0.207589 0.769529
vt 0.230839 0.663322
vt 0.235134 0.656337
vt 0.236431 0.652501
vt 0.853311 0.669538
vt 0.837347 0.660488
vt 0.851996 0.662458
vt 0.178050 0.544697
vt 0.165058 0.536558
vt 0.164779 0.528058
vt 0.180901 0.536029
vt 0.189114 0.470512
vt 0.182613 0.479593
vt 0.157498 0.475217
vt 0.160052 0.466263
vt 0.208092 0.473657
vt 0.202752 0.484107
vt 0.198242 0.494651
vt 0.179269 0.489137
vt 0.178131 0.498844
vt 0.153973 0.492842
vt 0.155185 0.484685
vt 0.195846 0.505012
vt 0.192263 0.513597
vt 0.177104 0.507944
vt 0.171175 0.514862
vt 0.150520 0.507943
vt 0.152871 0.500714
vt 0.188035 0.521687
vt 0.184490 0.528763
vt 0.167588 0.521149
vt 0.145718 0.520690
vt 0.147659 0.514233
vt 0.124179 0.514118
vt 0.125432 0.508275
vt 0.127085 0.502175
vt 0.102763 0.505351
vt 0.103360 0.500044
vt 0.103861 0.493736
vt 0.129065 0.495001
vt 0.103943 0.486294
vt 0.129168 0.489031
vt 0.104069 0.480251
vt 0.129872 0.481675
vt 0.103923 0.474198
vt 0.130715 0.473184
vt 0.103206 0.465169
vt 0.131316 0.464488
vt 0.122930 0.520759
vt 0.100917 0.516326
vt 0.102056 0.510358
vt 0.144421 0.527941
vt 0.079440 0.512941
vt 0.080067 0.507790
vt 0.080079 0.503557
vt 0.063013 0.509498
vt 0.062808 0.505424
vt 0.062460 0.501649
vt 0.079664 0.499291
vt 0.061911 0.497155
vt 0.079332 0.494014
vt 0.060803 0.491850
vt 0.077885 0.487678
vt 0.059154 0.485718
vt 0.077162 0.482290
vt 0.056282 0.480604
vt 0.076422 0.477131
vt 0.050162 0.475821
vt 0.074916 0.469307
vt 0.062848 0.513938
vt 0.049279 0.516391
vt 0.047169 0.511661
vt 0.046689 0.507621
vt 0.046607 0.503387
vt 0.046083 0.499346
vt 0.045082 0.495501
vt 0.043572 0.491849
vt 0.041612 0.488389
vt 0.037778 0.483013
vt 0.175672 0.552600
vt 0.161833 0.543134
vt 0.142851 0.534105
vt 0.121675 0.526959
vt 0.099645 0.520906
vt 0.077595 0.516990
vt 0.059741 0.518077
vt 0.050408 0.519507
vt 0.044079 0.518934
vt 0.041781 0.515163
vt 0.041161 0.511631
vt 0.040868 0.507432
vt 0.040027 0.503588
vt 0.038722 0.500079
vt 0.036885 0.496760
vt 0.034512 0.493645
vt 0.030086 0.488934
vt 0.045328 0.521511
vt 0.039005 0.522202
vt 0.036694 0.519152
vt 0.035622 0.516332
vt 0.034458 0.512725
vt 0.032922 0.509391
vt 0.031125 0.506456
vt 0.029073 0.503961
vt 0.026635 0.501845
vt 0.022048 0.498735
vt 0.040323 0.524174
vt 0.035849 0.524891
vt 0.033639 0.521860
vt 0.032111 0.519504
vt 0.030259 0.517020
vt 0.028081 0.514893
vt 0.025745 0.513097
vt 0.023298 0.511642
vt 0.020813 0.510497
vt 0.016673 0.508921
vt 0.037157 0.526671
vt 0.031963 0.529654
vt 0.029844 0.527268
vt 0.028658 0.525093
vt 0.027175 0.522512
vt 0.025199 0.520366
vt 0.023000 0.518569
vt 0.020679 0.517133
vt 0.018381 0.516151
vt 0.014501 0.515051
vt 0.033205 0.531186
vt 0.029660 0.532048
vt 0.027787 0.529797
vt 0.026518 0.527985
vt 0.024791 0.526170
vt 0.022777 0.524813
vt 0.020593 0.523767
vt 0.018363 0.522980
vt 0.016197 0.522460
vt 0.012630 0.521799
vt 0.030746 0.533397
vt 0.020036 0.525589
vt 0.017723 0.525364
vt 0.015557 0.525207
vt 0.012062 0.524663
vt 0.019995 0.527264
vt 0.017609 0.527429
vt 0.015354 0.527452
vt 0.011750 0.526922
vt 0.837335 0.634458
vt 0.839395 0.647523
vt 0.846049 0.652996
vt 0.856364 0.658855
vt 0.848756 0.630797
vt 0.851885 0.640938
vt 0.857679 0.645024
vt 0.864759 0.651356
vt 0.884832 0.624518
vt 0.883469 0.632951
vt 0.887274 0.637784
vt 0.887950 0.645154
vt 0.954709 0.687609
vt 0.966358 0.707087
vt 0.964095 0.708640
vt 0.951871 0.689827
vt 0.956575 0.684952
vt 0.968414 0.705173
vt 0.960464 0.682371
vt 0.971586 0.703092
vt 0.935853 0.661167
vt 0.932817 0.664947
vt 0.936967 0.657239
vt 0.941325 0.653170
vt 0.907439 0.641217
vt 0.904602 0.646796
vt 0.909389 0.637510
vt 0.914539 0.632227
vt 0.077886 0.797527
vt 0.096910 0.788843
vt 0.093417 0.802087
vt 0.075207 0.812497
vt 0.078467 0.787442
vt 0.092574 0.778103
vt 0.067767 0.528743
vt 0.083276 0.526094
vt 0.083423 0.533864
vt 0.064251 0.535854
vt 0.080761 0.542196
vt 0.065453 0.542996
vt 0.067217 0.550621
vt 0.079550 0.549436
vt 0.080406 0.553944
vt 0.067348 0.557406
vt 0.084656 0.819964
vt 0.068479 0.819730
vt 0.078991 0.565155
vt 0.037579 0.614164
vt 0.040527 0.620777
vt 0.026758 0.630251
vt 0.027395 0.621347
vt 0.047322 0.606463
vt 0.051283 0.612689
vt 0.060490 0.759450
vt 0.066344 0.753270
vt 0.079783 0.769533
vt 0.071495 0.775067
vt 0.045785 0.745435
vt 0.049854 0.739357
vt 0.025954 0.731143
vt 0.027263 0.724915
vt 0.024448 0.623355
vt 0.021832 0.633865
vt 0.021505 0.625323
vt 0.061264 0.583839
vt 0.067562 0.589616
vt 0.060231 0.601923
vt 0.054744 0.596215
vt 0.019892 0.634510
vt 0.017708 0.628691
vt 0.048517 0.637687
vt 0.036030 0.649000
vt 0.064157 0.624339
vt 0.079596 0.738242
vt 0.103146 0.757800
vt 0.042183 0.714180
vt 0.016312 0.708225
vt 0.011778 0.653230
vt 0.094873 0.598394
vt 0.081799 0.609882
vt 0.010451 0.651815
vt 0.065261 0.654894
vt 0.047525 0.666182
vt 0.079151 0.638456
vt 0.086562 0.713645
vt 0.121018 0.740452
vt 0.047784 0.693616
vt 0.010375 0.696991
vt 0.009493 0.664906
vt 0.112804 0.613952
vt 0.097700 0.623938
vt 0.008433 0.663968
vt 0.011021 0.680634
vt 0.042453 0.681466
vt 0.043436 0.678546
vt 0.011939 0.679254
vt 0.074949 0.680804
vt 0.075691 0.693430
vt 0.074754 0.664725
vt 0.074657 0.677501
vt 0.106312 0.681132
vt 0.106212 0.694014
vt 0.105197 0.664894
vt 0.106087 0.678017
vt 0.131866 0.680489
vt 0.134631 0.693681
vt 0.133316 0.663660
vt 0.132169 0.677360
vt 0.157032 0.678663
vt 0.154881 0.692704
vt 0.153287 0.662784
vt 0.155721 0.675582
vt 0.164045 0.686588
vt 0.162059 0.699489
vt 0.160094 0.656112
vt 0.162587 0.669791
vt 0.174720 0.707658
vt 0.162814 0.712227
vt 0.161835 0.643661
vt 0.173606 0.648151
vt 0.167771 0.744923
vt 0.155590 0.748993
vt 0.153603 0.606976
vt 0.166527 0.610293
vt 0.153085 0.776170
vt 0.144661 0.773040
vt 0.140981 0.583284
vt 0.149221 0.579924
vt 0.089548 0.550102
vt 0.090532 0.556386
vt 0.087794 0.565931
vt 0.117452 0.566918
vt 0.118262 0.555007
vt 0.070680 0.574774
vt 0.076369 0.577528
vt 0.124137 0.793889
vt 0.120302 0.784519
vt 0.125314 0.551177
vt 0.148484 0.576825
vt 0.167926 0.607431
vt 0.176484 0.647062
vt 0.165663 0.670454
vt 0.101284 0.581446
vt 0.126359 0.602136
vt 0.137844 0.618330
vt 0.150909 0.648084
vt 0.123658 0.628182
vt 0.130588 0.654889
vt 0.118516 0.655180
vt 0.109451 0.637953
vt 0.090185 0.650403
vt 0.126128 0.723684
vt 0.307333 0.958096
vt 0.333096 0.965784
vt 0.306845 0.960308
vt 0.307953 0.955916
vt 0.308691 0.953767
vt 0.309548 0.951655
vt 0.310525 0.949580
vt 0.307481 0.976105
vt 0.307034 0.973839
vt 0.306683 0.971574
vt 0.306432 0.969316
vt 0.306295 0.967057
vt 0.306309 0.964807
vt 0.306488 0.962548
vt 0.280867 0.956620
vt 0.280473 0.959688
vt 0.281388 0.953590
vt 0.282048 0.950571
vt 0.282826 0.947573
vt 0.283682 0.944588
vt 0.284577 0.941619
vt 0.280579 0.978209
vt 0.280343 0.975101
vt 0.280145 0.972011
vt 0.280039 0.968925
vt 0.280052 0.965844
vt 0.280205 0.962765
vt 0.254323 0.956898
vt 0.253965 0.960750
vt 0.254792 0.953045
vt 0.255390 0.949221
vt 0.256111 0.945416
vt 0.256925 0.941620
vt 0.257822 0.937824
vt 0.258800 0.934042
vt 0.253902 0.980169
vt 0.253748 0.976264
vt 0.253655 0.972378
vt 0.253644 0.968499
vt 0.253738 0.964624
vt 0.227466 0.958655
vt 0.227193 0.963056
vt 0.227857 0.954312
vt 0.228380 0.949948
vt 0.229021 0.945526
vt 0.229784 0.941085
vt 0.230615 0.936748
vt 0.231501 0.932461
vt 0.232449 0.928207
vt 0.227017 0.980872
vt 0.226964 0.976502
vt 0.226951 0.972084
vt 0.227023 0.967560
vt 0.199975 0.961328
vt 0.199759 0.966355
vt 0.200289 0.956382
vt 0.200710 0.951488
vt 0.201268 0.946583
vt 0.201922 0.941646
vt 0.202711 0.936659
vt 0.203606 0.931781
vt 0.204524 0.926982
vt 0.205504 0.922236
vt 0.199660 0.981146
vt 0.199651 0.976275
vt 0.199692 0.971374
vt 0.172040 0.965163
vt 0.172037 0.970657
vt 0.172231 0.959673
vt 0.172596 0.954254
vt 0.173047 0.948853
vt 0.173586 0.943445
vt 0.174213 0.937999
vt 0.175070 0.932555
vt 0.176036 0.927190
vt 0.177021 0.921897
vt 0.178039 0.916658
vt 0.172090 0.981446
vt 0.172043 0.976077
vt 0.143612 0.970451
vt 0.143718 0.976247
vt 0.143546 0.964459
vt 0.143736 0.958456
vt 0.144177 0.952488
vt 0.144670 0.946533
vt 0.145175 0.940538
vt 0.145742 0.934547
vt 0.146651 0.928581
vt 0.147688 0.922699
vt 0.148723 0.916988
vt 0.149758 0.911365
vt 0.143861 0.981977
vt 0.114641 0.977303
vt 0.114860 0.983352
vt 0.114486 0.970849
vt 0.114445 0.964063
vt 0.114755 0.957242
vt 0.115152 0.950691
vt 0.115629 0.944494
vt 0.116150 0.938273
vt 0.116722 0.931638
vt 0.117576 0.924841
vt 0.118767 0.918257
vt 0.119832 0.912002
vt 0.120851 0.906100
vt 0.091687 0.901009
vt 0.090642 0.907479
vt 0.085380 0.984346
vt 0.085275 0.977757
vt 0.085223 0.970896
vt 0.085269 0.963672
vt 0.085677 0.956292
vt 0.086195 0.949215
vt 0.086703 0.942537
vt 0.087222 0.935809
vt 0.087793 0.928635
vt 0.088556 0.921246
vt 0.089598 0.914174
vt 0.061341 0.903273
vt 0.060340 0.910354
vt 0.062377 0.896633
vt 0.055802 0.984693
vt 0.055762 0.977900
vt 0.055823 0.970651
vt 0.056074 0.963018
vt 0.056634 0.955036
vt 0.057226 0.947273
vt 0.057753 0.940582
vt 0.058235 0.933738
vt 0.058797 0.925861
vt 0.059450 0.917875
vt 0.032687 0.906652
vt 0.032380 0.914288
vt 0.033505 0.899144
vt 0.034987 0.891992
vt 0.028108 0.985185
vt 0.027692 0.977846
vt 0.028092 0.970326
vt 0.028849 0.962752
vt 0.029613 0.954580
vt 0.030577 0.945961
vt 0.031220 0.938689
vt 0.031659 0.931201
vt 0.031956 0.922427
vt 0.017664 0.912578
vt 0.018065 0.920778
vt 0.017701 0.904937
vt 0.018341 0.895941
vt 0.019797 0.887655
vt 0.012415 0.987034
vt 0.012306 0.978667
vt 0.013008 0.969892
vt 0.014103 0.962386
vt 0.015736 0.954119
vt 0.016936 0.944626
vt 0.016957 0.938086
vt 0.017964 0.930799
s 1
usemtl initialShadingGroup
f 1/1/1 2/2/2 3/3/3
f 1/1/1 3/3/3 4/4/4
f 1/1/1 5/5/5 6/6/6
f 1/1/1 6/6/6 2/2/2
f 1/1/1 4/4/4 7/7/7
f 1/1/1 7/7/7 8/8/8
f 1/1/1 8/8/8 9/9/9
f 1/1/1 9/9/9 10/10/10
f 1/1/1 10/10/10 11/11/11
f 1/1/1 11/11/11 5/5/5
f 12/12/12 13/13/13 14/14/14
f 12/12/12 14/14/14 15/15/15
f 12/12/12 16/16/16 17/17/17
f 12/12/12 17/17/17 13/13/13
f 12/12/12 18/18/18 19/19/19
f 12/12/12 19/19/19 20/20/20
f 12/12/12 20/20/20 21/21/21
f 12/12/12 21/21/21 16/16/16
f 12/12/12 15/15/15 22/22/22
f 12/12/12 22/22/22 18/18/18
f 23/23/23 24/24/24 25/25/25
f 23/23/23 25/25/25 26/26/26
f 23/23/23 27/27/27 28/28/28
f 23/23/23 28/28/28 24/24/24
f 23/23/23 26/26/26 29/29/29
f 23/23/23 29/29/29 30/30/30
f 23/23/23 31/31/31 32/32/32
f 23/23/23 32/32/32 27/27/27
f 23/23/23 30/30/30 33/33/33
f 23/23/23 33/33/33 31/31/31
f 34/34/34 35/35/35 36/36/36
f 34/34/34 36/36/36 37/37/37
f 34/34/34 38/38/38 39/39/39
f 34/34/34 39/39/39 35/35/35
f 37/37/37 40/40/40 41/41/41
f 37/37/37 41/41/41 34/34/34
f 34/34/34 42/42/42 43/43/43
f 34/34/34 43/43/43 38/38/38
f 34/34/34 41/41/41 44/44/44
f 34/34/34 44/44/44 42/42/42
f 38/38/38 45/45/45 46/46/46
f 38/38/38 46/46/46 39/39/39
f 38/38/38 43/43/43 47/47/47
f 38/38/38 47/47/47 48/48/48
f 38/38/38 48/48/48 49/49/49
f 38/38/38 49/49/49 45/45/45
f 50/50/50 51/51/51 52/52/52
f 50/50/50 52/52/52 53/53/53
f 50/50/50 54/54/54 55/55/55
f 50/50/50 55/55/55 51/51/51
f 50/50/50 53/53/53 56/56/56
f 50/50/50 56/56/56 57/57/57
f 52/52/52 51/51/51 58/58/58
f 52/52/52 58/58/58 59/59/59
f 52/52/52 59/59/59 60/60/60
f 52/52/52 60/60/60 61/61/61
f 52/52/52 62/62/62 63/63/63
f 52/52/52 63/63/63 53/53/53
f 52/52/52 61/61/61 64/64/64
f 52/52/52 64/64/64 62/62/62
f 65/65/65 66/66/66 67/67/67
f 65/65/65 67/67/67 68/68/68
f 65/65/65 69/69/69 70/70/70
f 65/65/65 70/70/70 71/71/71
f 65/65/65 68/68/68 72/72/72
f 65/65/65 72/72/72 69/69/69
f 65/65/65 71/71/71 73/73/73
f 65/65/65 73/73/73 74/74/74
f 65/65/65 74/74/74 75/75/75
f 65/65/65 75/75/75 66/66/66
f 76/76/76 77/77/77 78/78/78
f 76/76/76 78/78/78 79/79/79
f 76/76/76 79/79/79 80/80/80
f 76/76/76 80/80/80 81/81/81
f 76/76/76 81/81/81 82/82/82
f 76/76/76 82/82/82 83/83/83
f 76/76/76 83/83/83 60/60/60
f 76/76/76 60/60/60 84/84/84
f 76/76/76 84/84/84 85/85/85
f 76/76/76 85/85/85 77/77/77
f 86/86/86 87/87/87 88/88/88
f 86/86/86 88/88/88 89/89/89
f 86/86/86 89/89/89 90/90/90
f 86/86/86 90/90/90 91/91/91
f 86/86/86 92/92/92 93/93/93
f 86/86/86 93/93/93 94/94/94
f 86/86/86 91/91/91 95/95/95
f 86/86/86 95/95/95 92/92/92
f 86/86/86 94/94/94 96/96/96
f 86/86/86 96/96/96 87/87/87
f 97/97/97 98/98/98 99/99/99
f 97/97/97 99/99/99 100/100/100
f 101/101/101 102/102/102 98/98/98
f 101/101/101 98/98/98 97/97/97
f 97/97/97 100/100/100 103/103/103
f 97/97/97 103/103/103 101/101/101
f 104/104/104 105/105/105 106/106/106
f 104/104/104 106/106/106 107/107/107
f 104/104/104 107/107/107 108/108/108
f 104/104/104 108/108/108 109/109/109
f 104/104/104 109/109/109 110/110/110
f 104/104/104 110/110/110 105/105/105
f 111/111/111 112/112/112 113/113/113
f 111/111/111 113/113/113 114/114/114
f 111/111/111 115/115/115 116/116/116
f 111/111/111 116/116/116 112/112/112
f 111/111/111 114/114/114 117/117/117
f 111/111/111 117/117/117 118/118/118
f 111/111/111 118/118/118 119/119/119
f 111/111/111 119/119/119 120/120/120
f 111/111/111 120/120/120 121/121/121
f 111/111/111 121/121/121 115/115/115
f 93/93/93 122/122/122 123/123/123
f 93/93/93 123/123/123 124/124/124
f 93/93/93 125/125/125 126/126/126
f 93/93/93 126/126/126 94/94/94
f 126/126/126 127/127/127 128/128/128
f 126/126/126 128/128/128 129/129/129
f 130/130/130 131/131/131 132/132/132
f 130/130/130 132/132/132 133/133/133
f 130/130/130 134/134/134 135/135/135
f 130/130/130 135/135/135 136/136/136
f 130/130/130 136/136/136 137/137/137
f 130/130/130 137/137/137 131/131/131
f 110/110/110 109/109/109 115/115/115
f 110/110/110 115/115/115 121/121/121
f 110/110/110 123/123/123 122/122/122
f 110/110/110 122/122/122 105/105/105
f 138/138/138 139/139/139 140/140/140
f 138/138/138 140/140/140 141/141/141
f 138/138/138 142/142/142 143/143/143
f 138/138/138 143/143/143 139/139/139
f 138/138/138 144/144/144 145/145/145
f 138/138/138 145/145/145 142/142/142
f 138/138/138 141/141/141 146/146/146
f 138/138/138 146/146/146 147/147/147
f 138/138/138 147/147/147 148/148/148
f 138/138/138 148/148/148 144/144/144
f 149/149/149 150/150/150 151/151/151
f 149/149/149 151/151/151 152/152/152
f 149/149/149 152/152/152 153/153/153
f 149/149/149 153/153/153 154/154/154
f 149/149/149 154/154/154 155/155/155
f 149/149/149 155/155/155 150/150/150
f 156/156/156 157/157/157 158/158/158
f 156/156/156 158/158/158 159/159/159
f 160/160/160 161/161/161 162/162/162
f 160/160/160 162/162/162 163/163/163
f 160/160/160 164/164/164 165/165/165
f 160/160/160 165/165/165 161/161/161
f 160/160/160 163/163/163 166/166/166
f 160/160/160 166/166/166 164/164/164
f 167/167/167 146/146/146 168/168/168
f 167/167/167 168/168/168 169/169/169
f 167/167/167 170/170/170 171/171/171
f 167/167/167 171/171/171 172/172/172
f 167/167/167 172/172/172 147/147/147
f 167/167/167 147/147/147 146/146/146
f 173/173/173 174/174/174 175/175/175
f 173/173/173 175/175/175 176/176/176
f 177/177/177 178/178/178 179/179/179
f 177/177/177 179/179/179 180/180/180
f 177/177/177 181/181/181 182/182/182
f 177/177/177 182/182/182 178/178/178
f 14/14/14 13/13/13 183/183/183
f 14/14/14 183/183/183 184/184/184
f 44/44/44 185/185/185 186/186/186
f 44/44/44 186/186/186 187/187/187
f 44/44/44 41/41/41 188/188/188
f 44/44/44 188/188/188 185/185/185
f 172/172/172 189/189/189 190/190/190
f 172/172/172 190/190/190 191/191/191
f 172/172/172 171/171/171 192/192/192
f 172/172/172 192/192/192 189/189/189
f 193/193/193 194/194/194 195/195/195
f 193/193/193 195/195/195 196/196/196
f 197/197/193 198/198/197 199/199/198
f 197/197/193 199/199/198 200/200/199
f 193/193/193 201/201/200 202/202/201
f 193/193/193 202/202/201 194/194/194
f 203/203/202 204/204/203 205/205/204
f 203/203/202 205/205/204 206/206/205
f 207/207/206 208/208/205 209/209/207
f 207/207/206 209/209/207 210/210/208
f 207/207/206 210/210/208 211/211/209
f 207/207/206 211/211/209 212/212/203
f 213/213/210 214/214/211 215/215/212
f 213/213/210 215/215/212 216/216/213
f 213/213/210 217/217/214 218/218/215
f 213/213/210 218/218/215 214/214/211
f 213/213/210 216/216/213 219/219/216
f 213/213/210 219/219/216 217/217/214
f 220/220/217 221/221/218 222/222/219
f 220/220/217 222/222/219 223/223/220
f 220/220/217 224/224/221 225/225/222
f 220/220/217 225/225/222 221/221/218
f 220/220/217 226/226/223 227/227/224
f 220/220/217 227/227/224 224/224/221
f 220/220/217 228/228/225 229/229/226
f 220/220/217 229/229/226 226/226/223
f 220/220/217 223/223/220 230/230/227
f 220/220/217 230/230/227 228/228/225
f 231/231/228 122/122/122 93/93/93
f 231/231/228 93/93/93 92/92/92
f 231/231/228 92/92/92 95/95/95
f 231/231/228 95/95/95 106/106/106
f 231/231/228 106/106/106 105/105/105
f 231/231/228 105/105/105 122/122/122
f 232/232/229 233/233/230 234/234/231
f 232/232/229 234/234/231 235/235/232
f 232/232/229 236/236/233 237/237/234
f 232/232/229 237/237/234 233/233/230
f 232/232/229 235/235/232 238/238/235
f 232/232/229 238/238/235 236/236/233
f 239/239/236 240/240/237 241/241/238
f 239/239/236 241/241/238 242/242/239
f 239/239/236 242/242/239 243/243/240
f 239/239/236 243/243/240 244/244/241
f 239/239/236 244/244/241 245/245/242
f 239/239/236 245/245/242 240/240/237
f 246/246/243 247/247/244 248/248/245
f 246/246/243 248/248/245 249/249/246
f 246/246/243 249/249/246 250/250/247
f 246/246/243 250/250/247 251/251/248
f 246/246/243 251/251/248 252/252/249
f 246/246/243 252/252/249 247/247/244
f 253/253/250 254/254/251 255/255/252
f 253/253/250 255/255/252 256/256/253
f 253/253/250 256/256/253 257/257/254
f 253/253/250 257/257/254 258/258/255
f 253/253/250 258/258/255 259/259/256
f 253/253/250 259/259/256 254/254/251
f 236/236/233 238/238/235 260/260/257
f 236/236/233 260/260/257 237/237/234
f 261/261/258 36/36/36 35/35/35
f 261/261/258 35/35/35 262/262/259
f 261/261/258 262/262/259 263/263/260
f 261/261/258 263/263/260 264/264/261
f 262/262/259 35/35/35 39/39/39
f 262/262/259 39/39/39 265/265/262
f 262/262/259 265/265/262 266/266/263
f 262/262/259 266/266/263 263/263/260
f 267/267/264 58/58/58 51/51/51
f 267/267/264 51/51/51 55/55/55
f 266/266/263 265/265/262 268/268/265
f 266/266/263 268/268/265 269/269/266
f 267/267/264 270/270/266 271/271/267
f 267/267/264 271/271/267 58/58/58
f 271/271/267 272/272/268 59/59/59
f 271/271/267 59/59/59 58/58/58
f 271/271/267 270/270/266 273/273/269
f 271/271/267 273/273/269 274/274/270
f 271/271/267 274/274/270 275/275/271
f 271/271/267 275/275/271 272/272/268
f 275/275/271 85/85/85 84/84/84
f 275/275/271 84/84/84 272/272/268
f 275/275/271 274/274/270 276/276/272
f 275/275/271 276/276/272 277/277/273
f 275/275/271 277/277/273 278/278/274
f 275/275/271 278/278/274 85/85/85
f 278/278/274 279/279/275 77/77/77
f 278/278/274 77/77/77 85/85/85
f 278/278/274 277/277/273 280/280/276
f 278/278/274 280/280/276 281/281/277
f 278/278/274 281/281/277 282/282/278
f 278/278/274 282/282/278 279/279/275
f 282/282/278 283/283/279 284/284/280
f 282/282/278 284/284/280 279/279/275
f 282/282/278 281/281/277 285/285/281
f 282/282/278 285/285/281 286/286/282
f 282/282/278 286/286/282 287/287/283
f 282/282/278 287/287/283 283/283/279
f 287/287/283 288/288/284 289/289/285
f 287/287/283 289/289/285 283/283/279
f 287/287/283 286/286/282 290/290/286
f 287/287/283 290/290/286 291/291/287
f 287/287/283 291/291/287 292/292/288
f 287/287/283 292/292/288 288/288/284
f 292/292/288 293/293/289 294/294/290
f 292/292/288 294/294/290 288/288/284
f 292/292/288 291/291/287 295/295/291
f 292/292/288 295/295/291 296/296/292
f 292/292/288 296/296/292 297/297/293
f 292/292/288 297/297/293 293/293/289
f 297/297/293 298/298/294 299/299/295
f 297/297/293 299/299/295 293/293/289
f 297/297/293 296/296/292 300/300/296
f 297/297/293 300/300/296 301/301/297
f 297/297/293 301/301/297 302/302/298
f 297/297/293 302/302/298 298/298/294
f 302/302/298 303/303/299 304/304/300
f 302/302/298 304/304/300 298/298/294
f 302/302/298 301/301/297 305/305/301
f 302/302/298 305/305/301 306/306/302
f 302/302/298 306/306/302 307/307/303
f 302/302/298 307/307/303 303/303/299
f 307/307/303 196/196/196 195/195/195
f 307/307/303 195/195/195 303/303/299
f 308/308/303 309/309/304 240/240/237
f 308/308/303 240/240/237 245/245/242
f 308/308/303 245/245/242 199/199/198
f 308/308/303 199/199/198 198/198/197
f 309/309/304 310/310/305 241/241/238
f 309/309/304 241/241/238 240/240/237
f 305/305/301 301/301/297 300/300/296
f 305/305/301 300/300/296 311/311/306
f 310/310/305 312/312/307 313/313/308
f 310/310/305 313/313/308 241/241/238
f 313/313/308 312/312/307 314/314/309
f 313/313/308 314/314/309 260/260/257
f 313/313/308 260/260/257 238/238/235
f 313/313/308 238/238/235 315/315/310
f 313/313/308 315/315/310 242/242/239
f 313/313/308 242/242/239 241/241/238
f 315/315/310 238/238/235 235/235/232
f 315/315/310 235/235/232 316/316/311
f 315/315/310 316/316/311 243/243/240
f 315/315/310 243/243/240 242/242/239
f 316/316/311 235/235/232 234/234/231
f 316/316/311 234/234/231 317/317/312
f 316/316/311 317/317/312 318/318/313
f 316/316/311 318/318/313 243/243/240
f 318/318/313 317/317/312 319/319/314
f 318/318/313 319/319/314 320/320/315
f 318/318/313 320/320/315 321/321/316
f 318/318/313 321/321/316 322/322/317
f 318/318/313 322/322/317 244/244/241
f 318/318/313 244/244/241 243/243/240
f 322/322/317 321/321/316 200/200/199
f 322/322/317 200/200/199 199/199/198
f 322/322/317 199/199/198 245/245/242
f 322/322/317 245/245/242 244/244/241
f 323/323/316 324/324/318 325/325/319
f 323/323/316 325/325/319 326/326/320
f 323/323/316 326/326/320 202/202/201
f 323/323/316 202/202/201 201/201/200
f 326/326/320 325/325/319 327/327/321
f 326/326/320 327/327/321 328/328/322
f 326/326/320 328/328/322 329/329/323
f 326/326/320 329/329/323 202/202/201
f 329/329/323 328/328/322 330/330/324
f 329/329/323 330/330/324 331/331/325
f 329/329/323 331/331/325 332/332/326
f 329/329/323 332/332/326 333/333/327
f 329/329/323 333/333/327 194/194/194
f 329/329/323 194/194/194 202/202/201
f 333/333/327 332/332/326 334/334/328
f 333/333/327 334/334/328 335/335/329
f 333/333/327 335/335/329 195/195/195
f 333/333/327 195/195/195 194/194/194
f 335/335/329 334/334/328 336/336/330
f 335/335/329 336/336/330 304/304/300
f 335/335/329 304/304/300 303/303/299
f 335/335/329 303/303/299 195/195/195
f 336/336/330 334/334/328 337/337/331
f 336/336/330 337/337/331 338/338/332
f 336/336/330 338/338/332 339/339/333
f 336/336/330 339/339/333 299/299/295
f 336/336/330 299/299/295 298/298/294
f 336/336/330 298/298/294 304/304/300
f 339/339/333 338/338/332 340/340/334
f 339/339/333 340/340/334 341/341/335
f 339/339/333 341/341/335 342/342/336
f 339/339/333 342/342/336 294/294/290
f 339/339/333 294/294/290 293/293/289
f 339/339/333 293/293/289 299/299/295
f 342/342/336 341/341/335 343/343/337
f 342/342/336 343/343/337 344/344/338
f 342/342/336 344/344/338 345/345/339
f 342/342/336 345/345/339 289/289/285
f 342/342/336 289/289/285 288/288/284
f 342/342/336 288/288/284 294/294/290
f 345/345/339 344/344/338 346/346/340
f 345/345/339 346/346/340 347/347/341
f 345/345/339 347/347/341 78/78/78
f 345/345/339 78/78/78 284/284/280
f 345/345/339 284/284/280 283/283/279
f 345/345/339 283/283/279 289/289/285
f 347/347/341 346/346/340 348/348/342
f 347/347/341 348/348/342 349/349/343
f 347/347/341 349/349/343 79/79/79
f 347/347/341 79/79/79 78/78/78
f 349/349/343 348/348/342 350/350/344
f 349/349/343 350/350/344 351/351/345
f 349/349/343 351/351/345 80/80/80
f 349/349/343 80/80/80 79/79/79
f 351/351/345 350/350/344 352/352/346
f 351/351/345 352/352/346 353/353/347
f 351/351/345 353/353/347 354/354/348
f 351/351/345 354/354/348 80/80/80
f 354/354/348 353/353/347 355/355/349
f 354/354/348 355/355/349 356/356/350
f 354/354/348 356/356/350 357/357/351
f 354/354/348 357/357/351 358/358/352
f 354/354/348 358/358/352 81/81/81
f 354/354/348 81/81/81 80/80/80
f 358/358/352 359/359/353 82/82/82
f 358/358/352 82/82/82 81/81/81
f 359/359/353 360/360/354 361/361/355
f 359/359/353 361/361/355 82/82/82
f 361/361/355 360/360/354 362/362/356
f 361/361/355 362/362/356 363/363/357
f 361/361/355 363/363/357 364/364/358
f 361/361/355 364/364/358 365/365/359
f 361/361/355 365/365/359 83/83/83
f 361/361/355 83/83/83 82/82/82
f 365/365/359 364/364/358 64/64/64
f 365/365/359 64/64/64 61/61/61
f 365/365/359 61/61/61 60/60/60
f 365/365/359 60/60/60 83/83/83
f 364/364/358 363/363/357 366/366/360
f 364/364/358 366/366/360 367/367/361
f 364/364/358 367/367/361 368/368/362
f 364/364/358 368/368/362 64/64/64
f 368/368/362 367/367/361 369/369/363
f 368/368/362 369/369/363 370/370/364
f 368/368/362 370/370/364 371/371/365
f 368/368/362 371/371/365 372/372/366
f 368/368/362 372/372/366 62/62/62
f 368/368/362 62/62/62 64/64/64
f 372/372/366 371/371/365 373/373/367
f 372/372/366 373/373/367 374/374/368
f 372/372/366 374/374/368 63/63/63
f 372/372/366 63/63/63 62/62/62
f 374/374/368 373/373/367 375/375/369
f 374/374/368 375/375/369 376/376/370
f 374/374/368 376/376/370 377/377/371
f 374/374/368 377/377/371 63/63/63
f 377/377/371 56/56/56 53/53/53
f 377/377/371 53/53/53 63/63/63
f 378/378/372 379/379/373 380/380/374
f 378/378/372 380/380/374 381/381/375
f 378/378/372 381/381/375 382/382/376
f 378/378/372 382/382/376 383/383/377
f 382/382/376 384/384/378 385/385/379
f 382/382/376 385/385/379 383/383/377
f 382/382/376 381/381/375 386/386/380
f 382/382/376 386/386/380 134/134/134
f 130/130/130 384/384/378 382/382/376
f 130/130/130 382/382/376 134/134/134
f 134/134/134 386/386/380 387/387/381
f 134/134/134 387/387/381 135/135/135
f 135/135/135 387/387/381 388/388/382
f 135/135/135 388/388/382 389/389/383
f 389/389/383 390/390/384 136/136/136
f 389/389/383 136/136/136 135/135/135
f 391/391/385 392/392/386 390/390/384
f 391/391/385 390/390/384 389/389/383
f 392/392/386 393/393/387 394/394/388
f 392/392/386 394/394/388 390/390/384
f 391/391/385 395/395/389 396/396/390
f 391/391/385 396/396/390 392/392/386
f 392/392/386 396/396/390 397/397/391
f 392/392/386 397/397/391 393/393/387
f 397/397/391 396/396/390 398/398/392
f 397/397/391 398/398/392 399/399/393
f 187/187/187 186/186/186 400/400/394
f 187/187/187 400/400/394 401/401/395
f 401/401/395 400/400/394 402/402/396
f 401/401/395 402/402/396 403/403/397
f 403/403/397 402/402/396 141/141/141
f 403/403/397 141/141/141 140/140/140
f 402/402/396 168/168/168 146/146/146
f 402/402/396 146/146/146 141/141/141
f 402/402/396 400/400/394 404/404/398
f 402/402/396 404/404/398 168/168/168
f 404/404/398 405/405/399 169/169/169
f 404/404/398 169/169/169 168/168/168
f 404/404/398 400/400/394 186/186/186
f 404/404/398 186/186/186 406/406/400
f 404/404/398 406/406/400 407/407/401
f 404/404/398 407/407/401 405/405/399
f 407/407/401 408/408/402 409/409/403
f 407/407/401 409/409/403 405/405/399
f 407/407/401 406/406/400 158/158/158
f 407/407/401 158/158/158 157/157/157
f 407/407/401 157/157/157 410/410/404
f 407/407/401 410/410/404 408/408/402
f 409/409/403 411/411/405 412/412/406
f 409/409/403 412/412/406 413/413/407
f 409/409/403 413/413/407 169/169/169
f 409/409/403 169/169/169 405/405/399
f 409/409/403 408/408/402 414/414/408
f 409/409/403 414/414/408 411/411/405
f 415/415/409 416/416/410 417/417/411
f 415/415/409 417/417/411 418/418/412
f 415/415/409 418/418/412 164/164/164
f 415/415/409 164/164/164 166/166/166
f 418/418/412 417/417/411 419/419/413
f 418/418/412 419/419/413 420/420/414
f 418/418/412 420/420/414 165/165/165
f 418/418/412 165/165/165 164/164/164
f 421/421/415 170/170/170 167/167/167
f 421/421/415 167/167/167 422/422/416
f 421/421/415 422/422/416 423/423/417
f 421/421/415 423/423/417 424/424/418
f 423/423/417 425/425/419 426/426/420
f 423/423/417 426/426/420 424/424/418
f 423/423/417 422/422/416 413/413/407
f 423/423/417 413/413/407 412/412/406
f 423/423/417 412/412/406 427/427/421
f 423/423/417 427/427/421 425/425/419
f 425/425/419 428/428/422 429/429/423
f 425/425/419 429/429/423 426/426/420
f 422/422/416 167/167/167 169/169/169
f 422/422/416 169/169/169 413/413/407
f 417/417/411 416/416/410 430/430/424
f 417/417/411 430/430/424 431/431/425
f 417/417/411 431/431/425 432/432/171
f 417/417/411 432/432/171 419/419/413
f 431/431/425 430/430/424 433/433/426
f 431/431/425 433/433/426 434/434/427
f 431/431/425 434/434/427 435/435/192
f 431/431/425 435/435/192 432/432/171
f 434/434/427 433/433/426 176/176/176
f 434/434/427 176/176/176 436/436/428
f 434/434/427 436/436/428 437/437/429
f 434/434/427 437/437/429 435/435/192
f 437/437/429 436/436/428 438/438/430
f 437/437/429 438/438/430 439/439/431
f 440/440/432 113/113/113 112/112/112
f 440/440/432 112/112/112 441/441/433
f 440/440/432 441/441/433 189/189/189
f 440/440/432 189/189/189 192/192/192
f 441/441/433 112/112/112 116/116/116
f 441/441/433 116/116/116 442/442/434
f 441/441/433 442/442/434 190/190/190
f 441/441/433 190/190/190 189/189/189
f 442/442/434 116/116/116 108/108/108
f 442/442/434 108/108/108 443/443/435
f 442/442/434 443/443/435 444/444/436
f 442/442/434 444/444/436 190/190/190
f 444/444/436 443/443/435 445/445/437
f 444/444/436 445/445/437 446/446/438
f 444/444/436 446/446/438 447/447/439
f 444/444/436 447/447/439 448/448/440
f 444/444/436 448/448/440 191/191/191
f 444/444/436 191/191/191 190/190/190
f 448/448/440 447/447/439 449/449/441
f 448/448/440 449/449/441 450/450/442
f 448/448/440 450/450/442 148/148/148
f 448/448/440 148/148/148 191/191/191
f 451/451/443 102/102/102 145/145/145
f 451/451/443 145/145/145 144/144/144
f 451/451/443 144/144/144 148/148/148
f 451/451/443 148/148/148 450/450/442
f 449/449/441 99/99/99 98/98/98
f 449/449/441 98/98/98 452/452/444
f 449/449/441 447/447/439 90/90/90
f 449/449/441 90/90/90 99/99/99
f 447/447/439 446/446/438 91/91/91
f 447/447/439 91/91/91 90/90/90
f 446/446/438 445/445/437 95/95/95
f 446/446/438 95/95/95 91/91/91
f 445/445/437 107/107/107 106/106/106
f 445/445/437 106/106/106 95/95/95
f 445/445/437 443/443/435 108/108/108
f 445/445/437 108/108/108 107/107/107
f 438/438/430 436/436/428 176/176/176
f 438/438/430 176/176/176 175/175/175
f 453/453/430 454/454/445 455/455/446
f 453/453/430 455/455/446 456/456/447
f 453/453/430 456/456/447 114/114/114
f 453/453/430 114/114/114 113/113/113
f 456/456/447 455/455/446 457/457/448
f 456/456/447 457/457/448 458/458/449
f 456/456/447 458/458/449 117/117/117
f 456/456/447 117/117/117 114/114/114
f 458/458/449 457/457/448 459/459/450
f 458/458/449 459/459/450 460/460/451
f 458/458/449 460/460/451 461/461/452
f 458/458/449 461/461/452 117/117/117
f 461/461/452 460/460/451 462/462/453
f 461/461/452 462/462/453 127/127/127
f 462/462/453 460/460/451 459/459/450
f 462/462/453 459/459/450 463/463/454
f 462/462/453 463/463/454 464/464/455
f 462/462/453 464/464/455 465/465/456
f 462/462/453 465/465/456 128/128/128
f 462/462/453 128/128/128 127/127/127
f 465/465/456 464/464/455 466/466/457
f 465/465/456 466/466/457 467/467/458
f 465/465/456 467/467/458 468/468/459
f 465/465/456 468/468/459 128/128/128
f 468/468/459 469/469/460 129/129/129
f 468/468/459 129/129/129 128/128/128
f 469/469/460 470/470/461 471/471/462
f 469/469/460 471/471/462 129/129/129
f 471/471/462 470/470/461 472/472/463
f 471/471/462 472/472/463 473/473/464
f 471/471/462 473/473/464 474/474/465
f 471/471/462 474/474/465 475/475/466
f 471/471/462 475/475/466 126/126/126
f 471/471/462 126/126/126 129/129/129
f 475/475/466 474/474/465 476/476/467
f 475/475/466 476/476/467 96/96/96
f 475/475/466 96/96/96 94/94/94
f 475/475/466 94/94/94 126/126/126
f 476/476/467 474/474/465 477/477/468
f 476/476/467 477/477/468 478/478/469
f 476/476/467 478/478/469 479/479/470
f 476/476/467 479/479/470 480/480/471
f 476/476/467 480/480/471 87/87/87
f 476/476/467 87/87/87 96/96/96
f 480/480/471 479/479/470 481/481/472
f 480/480/471 481/481/472 482/482/473
f 480/480/471 482/482/473 88/88/88
f 480/480/471 88/88/88 87/87/87
f 482/482/473 481/481/472 483/483/474
f 482/482/473 483/483/474 484/484/475
f 482/482/473 484/484/475 485/485/476
f 482/482/473 485/485/476 88/88/88
f 485/485/476 484/484/475 229/229/226
f 485/485/476 229/229/226 486/486/477
f 485/485/476 486/486/477 103/103/103
f 485/485/476 103/103/103 100/100/100
f 485/485/476 100/100/100 89/89/89
f 485/485/476 89/89/89 88/88/88
f 486/486/477 229/229/226 228/228/225
f 486/486/477 228/228/225 487/487/478
f 486/486/477 487/487/478 488/488/479
f 486/486/477 488/488/479 103/103/103
f 488/488/479 487/487/478 489/489/480
f 488/488/479 489/489/480 490/490/481
f 491/491/482 153/153/153 492/492/483
f 491/491/482 492/492/483 101/101/101
f 492/492/483 145/145/145 102/102/102
f 492/492/483 102/102/102 101/101/101
f 492/492/483 153/153/153 152/152/152
f 492/492/483 152/152/152 493/493/484
f 492/492/483 493/493/484 142/142/142
f 492/492/483 142/142/142 145/145/145
f 493/493/484 152/152/152 151/151/151
f 493/493/484 151/151/151 494/494/485
f 493/493/484 494/494/485 143/143/143
f 493/493/484 143/143/143 142/142/142
f 489/489/480 487/487/478 228/228/225
f 489/489/480 228/228/225 230/230/227
f 484/484/475 483/483/474 226/226/223
f 484/484/475 226/226/223 229/229/226
f 483/483/474 481/481/472 495/495/486
f 483/483/474 495/495/486 496/496/487
f 483/483/474 496/496/487 227/227/224
f 483/483/474 227/227/224 226/226/223
f 496/496/487 495/495/486 497/497/488
f 496/496/487 497/497/488 498/498/489
f 496/496/487 498/498/489 499/499/490
f 496/496/487 499/499/490 227/227/224
f 499/499/490 500/500/491 224/224/221
f 499/499/490 224/224/221 227/227/224
f 501/501/492 497/497/488 495/495/486
f 501/501/492 495/495/486 502/502/493
f 501/501/492 502/502/493 503/503/494
f 501/501/492 503/503/494 504/504/495
f 503/503/494 505/505/496 506/506/497
f 503/503/494 506/506/497 504/504/495
f 503/503/494 502/502/493 479/479/470
f 503/503/494 479/479/470 478/478/469
f 503/503/494 478/478/469 477/477/468
f 503/503/494 477/477/468 505/505/496
f 506/506/497 505/505/496 507/507/498
f 506/506/497 507/507/498 508/508/499
f 507/507/498 509/509/500 510/510/501
f 507/507/498 510/510/501 508/508/499
f 507/507/498 505/505/496 477/477/468
f 507/507/498 477/477/468 511/511/502
f 507/507/498 511/511/502 512/512/503
f 507/507/498 512/512/503 509/509/500
f 512/512/503 511/511/502 473/473/464
f 512/512/503 473/473/464 472/472/463
f 511/511/502 477/477/468 474/474/465
f 511/511/502 474/474/465 473/473/464
f 513/513/504 514/514/505 466/466/457
f 513/513/504 466/466/457 464/464/455
f 513/513/504 464/464/455 463/463/454
f 513/513/504 463/463/454 515/515/506
f 502/502/493 495/495/486 481/481/472
f 502/502/493 481/481/472 479/479/470
f 463/463/454 459/459/450 516/516/507
f 463/463/454 516/516/507 515/515/506
f 459/459/450 457/457/448 517/517/508
f 459/459/450 517/517/508 516/516/507
f 457/457/448 455/455/446 518/518/509
f 457/457/448 518/518/509 517/517/508
f 518/518/509 455/455/446 454/454/445
f 518/518/509 454/454/445 519/519/174
f 406/406/400 186/186/186 185/185/185
f 406/406/400 185/185/185 158/158/158
f 396/396/390 395/395/389 520/520/510
f 396/396/390 520/520/510 398/398/392
f 398/398/392 520/520/510 42/42/42
f 398/398/392 42/42/42 44/44/44
f 520/520/510 395/395/389 521/521/511
f 520/520/510 521/521/511 522/522/512
f 520/520/510 522/522/512 43/43/43
f 520/520/510 43/43/43 42/42/42
f 522/522/512 521/521/511 523/523/513
f 522/522/512 523/523/513 524/524/514
f 522/522/512 524/524/514 47/47/47
f 522/522/512 47/47/47 43/43/43
f 524/524/514 523/523/513 525/525/515
f 524/524/514 525/525/515 526/526/516
f 524/524/514 526/526/516 527/527/517
f 524/524/514 527/527/517 47/47/47
f 527/527/517 526/526/516 528/528/518
f 527/527/517 528/528/518 529/529/519
f 527/527/517 529/529/519 530/530/520
f 527/527/517 530/530/520 531/531/521
f 527/527/517 531/531/521 48/48/48
f 527/527/517 48/48/48 47/47/47
f 531/531/521 530/530/520 532/532/522
f 531/531/521 532/532/522 533/533/523
f 531/531/521 533/533/523 49/49/49
f 531/531/521 49/49/49 48/48/48
f 533/533/523 532/532/522 534/534/524
f 533/533/523 534/534/524 535/535/525
f 533/533/523 535/535/525 536/536/526
f 533/533/523 536/536/526 49/49/49
f 536/536/526 537/537/527 45/45/45
f 536/536/526 45/45/45 49/49/49
f 536/536/526 535/535/525 538/538/528
f 536/536/526 538/538/528 539/539/529
f 536/536/526 539/539/529 540/540/530
f 536/536/526 540/540/530 537/537/527
f 540/540/530 541/541/531 542/542/532
f 540/540/530 542/542/532 537/537/527
f 540/540/530 539/539/529 543/543/533
f 540/540/530 543/543/533 544/544/534
f 540/540/530 544/544/534 545/545/535
f 540/540/530 545/545/535 541/541/531
f 545/545/535 546/546/536 547/547/537
f 545/545/535 547/547/537 541/541/531
f 545/545/535 544/544/534 548/548/538
f 545/545/535 548/548/538 549/549/539
f 545/545/535 549/549/539 550/550/540
f 545/545/535 550/550/540 546/546/536
f 550/550/540 551/551/541 552/552/542
f 550/550/540 552/552/542 546/546/536
f 550/550/540 549/549/539 331/331/325
f 550/550/540 331/331/325 330/330/324
f 550/550/540 330/330/324 553/553/543
f 550/550/540 553/553/543 551/551/541
f 554/554/544 555/555/545 556/556/546
f 554/554/544 556/556/546 557/557/547
f 553/553/543 330/330/324 328/328/322
f 553/553/543 328/328/322 327/327/321
f 554/554/544 558/558/548 559/559/549
f 554/554/544 559/559/549 555/555/545
f 559/559/549 560/560/550 561/561/551
f 559/559/549 561/561/551 555/555/545
f 559/559/549 558/558/548 562/562/552
f 559/559/549 562/562/552 563/563/553
f 559/559/549 563/563/553 564/564/554
f 559/559/549 564/564/554 560/560/550
f 564/564/554 565/565/555 566/566/556
f 564/564/554 566/566/556 560/560/550
f 564/564/554 563/563/553 567/567/557
f 564/564/554 567/567/557 568/568/558
f 564/564/554 568/568/558 569/569/559
f 564/564/554 569/569/559 565/565/555
f 569/569/559 570/570/560 571/571/561
f 569/569/559 571/571/561 565/565/555
f 572/572/559 573/573/562 234/234/231
f 572/572/559 234/234/231 233/233/230
f 572/572/559 233/233/230 237/237/234
f 572/572/559 237/237/234 574/574/560
f 571/571/561 575/575/563 295/295/291
f 571/571/561 295/295/291 576/576/564
f 571/571/561 576/576/564 566/566/556
f 571/571/561 566/566/556 565/565/555
f 571/571/561 570/570/560 577/577/309
f 571/571/561 577/577/309 575/575/563
f 576/576/564 295/295/291 291/291/287
f 576/576/564 291/291/287 290/290/286
f 576/576/564 290/290/286 578/578/565
f 576/576/564 578/578/565 566/566/556
f 578/578/565 290/290/286 286/286/282
f 578/578/565 286/286/282 285/285/281
f 578/578/565 285/285/281 579/579/566
f 578/578/565 579/579/566 561/561/551
f 578/578/565 561/561/551 560/560/550
f 578/578/565 560/560/550 566/566/556
f 579/579/566 285/285/281 281/281/277
f 579/579/566 281/281/277 280/280/276
f 579/579/566 280/280/276 580/580/567
f 579/579/566 580/580/567 556/556/546
f 579/579/566 556/556/546 555/555/545
f 579/579/566 555/555/545 561/561/551
f 580/580/567 280/280/276 277/277/273
f 580/580/567 277/277/273 276/276/272
f 580/580/567 276/276/272 581/581/568
f 580/580/567 581/581/568 582/582/542
f 580/580/567 582/582/542 557/557/547
f 580/580/567 557/557/547 556/556/546
f 581/581/568 276/276/272 274/274/270
f 581/581/568 274/274/270 273/273/269
f 583/583/568 584/584/569 585/585/570
f 583/583/568 585/585/570 547/547/537
f 583/583/568 547/547/537 546/546/536
f 583/583/568 546/546/536 552/552/542
f 585/585/570 584/584/569 269/269/266
f 585/585/570 269/269/266 268/268/265
f 585/585/570 268/268/265 46/46/46
f 585/585/570 46/46/46 542/542/532
f 585/585/570 542/542/532 541/541/531
f 585/585/570 541/541/531 547/547/537
f 575/575/563 300/300/296 296/296/292
f 575/575/563 296/296/292 295/295/291
f 575/575/563 577/577/309 311/311/306
f 575/575/563 311/311/306 300/300/296
f 574/574/560 237/237/234 260/260/257
f 574/574/560 260/260/257 314/314/309
f 573/573/562 319/319/314 317/317/312
f 573/573/562 317/317/312 234/234/231
f 563/563/553 562/562/552 586/586/318
f 563/563/553 586/586/318 567/567/557
f 549/549/539 548/548/538 332/332/326
f 549/549/539 332/332/326 331/331/325
f 548/548/538 544/544/534 543/543/533
f 548/548/538 543/543/533 337/337/331
f 548/548/538 337/337/331 334/334/328
f 548/548/538 334/334/328 332/332/326
f 543/543/533 539/539/529 538/538/528
f 543/543/533 538/538/528 340/340/334
f 543/543/533 340/340/334 338/338/332
f 543/543/533 338/338/332 337/337/331
f 542/542/532 46/46/46 45/45/45
f 542/542/532 45/45/45 537/537/527
f 538/538/528 535/535/525 534/534/524
f 538/538/528 534/534/524 343/343/337
f 538/538/528 343/343/337 341/341/335
f 538/538/528 341/341/335 340/340/334
f 534/534/524 532/532/522 348/348/342
f 534/534/524 348/348/342 346/346/340
f 534/534/524 346/346/340 344/344/338
f 534/534/524 344/344/338 343/343/337
f 532/532/522 530/530/520 350/350/344
f 532/532/522 350/350/344 348/348/342
f 530/530/520 529/529/519 352/352/346
f 530/530/520 352/352/346 350/350/344
f 529/529/519 528/528/518 587/587/571
f 529/529/519 587/587/571 352/352/346
f 587/587/571 528/528/518 588/588/572
f 587/587/571 588/588/572 589/589/573
f 587/587/571 589/589/573 590/590/574
f 587/587/571 590/590/574 355/355/349
f 587/587/571 355/355/349 353/353/347
f 587/587/571 353/353/347 352/352/346
f 590/590/574 589/589/573 591/591/575
f 590/590/574 591/591/575 592/592/576
f 590/590/574 592/592/576 593/593/577
f 590/590/574 593/593/577 594/594/578
f 595/595/579 596/596/580 597/597/581
f 595/595/579 597/597/581 598/598/582
f 595/595/579 599/599/583 362/362/356
f 595/595/579 362/362/356 360/360/354
f 599/599/583 600/600/584 601/601/585
f 599/599/583 601/601/585 602/602/586
f 599/599/583 602/602/586 603/603/587
f 599/599/583 603/603/587 362/362/356
f 603/603/587 602/602/586 604/604/588
f 603/603/587 604/604/588 605/605/589
f 603/603/587 605/605/589 606/606/590
f 603/603/587 606/606/590 366/366/360
f 603/603/587 366/366/360 363/363/357
f 603/603/587 363/363/357 362/362/356
f 606/606/590 605/605/589 607/607/591
f 606/606/590 607/607/591 608/608/592
f 606/606/590 608/608/592 609/609/593
f 606/606/590 609/609/593 369/369/363
f 606/606/590 369/369/363 367/367/361
f 606/606/590 367/367/361 366/366/360
f 609/609/593 608/608/592 610/610/594
f 609/609/593 610/610/594 611/611/595
f 609/609/593 611/611/595 612/612/596
f 609/609/593 612/612/596 613/613/597
f 609/609/593 613/613/597 370/370/364
f 609/609/593 370/370/364 369/369/363
f 613/613/597 612/612/596 614/614/598
f 613/613/597 614/614/598 615/615/599
f 613/613/597 615/615/599 371/371/365
f 613/613/597 371/371/365 370/370/364
f 615/615/599 614/614/598 69/69/69
f 615/615/599 69/69/69 72/72/72
f 615/615/599 72/72/72 373/373/367
f 615/615/599 373/373/367 371/371/365
f 614/614/598 612/612/596 9/9/9
f 614/614/598 9/9/9 616/616/600
f 614/614/598 616/616/600 70/70/70
f 614/614/598 70/70/70 69/69/69
f 616/616/600 9/9/9 8/8/8
f 616/616/600 8/8/8 617/617/601
f 616/616/600 617/617/601 618/618/602
f 616/616/600 618/618/602 70/70/70
f 618/618/602 619/619/603 71/71/71
f 618/618/602 71/71/71 70/70/70
f 618/618/602 617/617/601 620/620/604
f 618/618/602 620/620/604 621/621/605
f 618/618/602 621/621/605 622/622/606
f 618/618/602 622/622/606 619/619/603
f 622/622/606 623/623/607 624/624/608
f 622/622/606 624/624/608 619/619/603
f 622/622/606 621/621/605 625/625/609
f 622/622/606 625/625/609 626/626/610
f 622/622/606 626/626/610 627/627/611
f 622/622/606 627/627/611 623/623/607
f 627/627/611 628/628/612 629/629/613
f 627/627/611 629/629/613 623/623/607
f 627/627/611 626/626/610 630/630/614
f 627/627/611 630/630/614 631/631/615
f 627/627/611 631/631/615 632/632/616
f 627/627/611 632/632/616 628/628/612
f 633/633/617 634/634/618 635/635/619
f 633/633/617 635/635/619 636/636/620
f 632/632/616 631/631/615 637/637/621
f 632/632/616 637/637/621 638/638/622
f 633/633/617 639/639/623 640/640/624
f 633/633/617 640/640/624 634/634/618
f 640/640/624 641/641/625 642/642/626
f 640/640/624 642/642/626 634/634/618
f 640/640/624 639/639/623 643/643/627
f 640/640/624 643/643/627 644/644/628
f 640/640/624 644/644/628 645/645/629
f 640/640/624 645/645/629 641/641/625
f 645/645/629 646/646/630 647/647/631
f 645/645/629 647/647/631 641/641/625
f 645/645/629 644/644/628 648/648/632
f 645/645/629 648/648/632 649/649/633
f 645/645/629 649/649/633 211/211/209
f 645/645/629 211/211/209 646/646/630
f 649/649/633 648/648/632 650/650/634
f 649/649/633 650/650/634 651/651/635
f 649/649/633 651/651/635 212/212/203
f 649/649/633 212/212/203 211/211/209
f 652/652/635 653/653/636 654/654/637
f 652/652/635 654/654/637 655/655/638
f 652/652/635 655/655/638 205/205/204
f 652/652/635 205/205/204 204/204/203
f 655/655/638 654/654/637 258/258/255
f 655/655/638 258/258/255 257/257/254
f 655/655/638 257/257/254 656/656/639
f 655/655/638 656/656/639 205/205/204
f 656/656/639 657/657/640 658/658/641
f 656/656/639 658/658/641 659/659/642
f 656/656/639 659/659/642 206/206/205
f 656/656/639 206/206/205 205/205/204
f 656/656/639 257/257/254 256/256/253
f 656/656/639 256/256/253 657/657/640
f 660/660/642 661/661/643 662/662/644
f 660/660/642 662/662/644 663/663/645
f 660/660/642 663/663/645 209/209/207
f 660/660/642 209/209/207 208/208/205
f 663/663/645 662/662/644 664/664/646
f 663/663/645 664/664/646 665/665/647
f 663/663/645 665/665/647 666/666/648
f 663/663/645 666/666/648 209/209/207
f 666/666/648 665/665/647 667/667/649
f 666/666/648 667/667/649 668/668/650
f 666/666/648 668/668/650 669/669/651
f 666/666/648 669/669/651 670/670/652
f 666/666/648 670/670/652 210/210/208
f 666/666/648 210/210/208 209/209/207
f 670/670/652 669/669/651 647/647/631
f 670/670/652 647/647/631 646/646/630
f 670/670/652 646/646/630 211/211/209
f 670/670/652 211/211/209 210/210/208
f 669/669/651 668/668/650 671/671/653
f 669/669/651 671/671/653 672/672/654
f 669/669/651 672/672/654 673/673/655
f 669/669/651 673/673/655 647/647/631
f 673/673/655 672/672/654 674/674/656
f 673/673/655 674/674/656 675/675/657
f 673/673/655 675/675/657 676/676/658
f 673/673/655 676/676/658 642/642/626
f 673/673/655 642/642/626 641/641/625
f 673/673/655 641/641/625 647/647/631
f 676/676/658 675/675/657 27/27/27
f 676/676/658 27/27/27 32/32/32
f 676/676/658 32/32/32 677/677/659
f 676/676/658 677/677/659 635/635/619
f 676/676/658 635/635/619 634/634/618
f 676/676/658 634/634/618 642/642/626
f 677/677/659 32/32/32 31/31/31
f 677/677/659 31/31/31 678/678/660
f 677/677/659 678/678/660 679/679/661
f 677/677/659 679/679/661 680/680/662
f 677/677/659 680/680/662 636/636/620
f 677/677/659 636/636/620 635/635/619
f 679/679/661 678/678/660 681/681/663
f 679/679/661 681/681/663 682/682/664
f 683/683/661 684/684/665 73/73/73
f 683/683/661 73/73/73 624/624/608
f 683/683/661 624/624/608 623/623/607
f 683/683/661 623/623/607 629/629/613
f 682/682/664 681/681/663 685/685/666
f 682/682/664 685/685/666 686/686/667
f 684/684/665 687/687/667 74/74/74
f 684/684/665 74/74/74 73/73/73
f 686/686/667 685/685/666 688/688/668
f 686/686/667 688/688/668 689/689/669
f 687/687/667 690/690/669 75/75/75
f 687/687/667 75/75/75 74/74/74
f 689/689/669 688/688/668 691/691/670
f 689/689/669 691/691/670 692/692/671
f 690/690/669 693/693/671 694/694/672
f 690/690/669 694/694/672 75/75/75
f 695/695/673 691/691/670 688/688/668
f 695/695/673 688/688/668 696/696/674
f 695/695/673 696/696/674 697/697/675
f 695/695/673 697/697/675 698/698/676
f 697/697/675 699/699/677 700/700/678
f 697/697/675 700/700/678 701/701/679
f 697/697/675 701/701/679 702/702/680
f 697/697/675 702/702/680 698/698/676
f 697/697/675 696/696/674 703/703/681
f 697/697/675 703/703/681 699/699/677
f 703/703/681 696/696/674 688/688/668
f 703/703/681 688/688/668 685/685/666
f 703/703/681 685/685/666 681/681/663
f 703/703/681 681/681/663 33/33/33
f 703/703/681 33/33/33 30/30/30
f 703/703/681 30/30/30 699/699/677
f 702/702/680 701/701/679 20/20/20
f 702/702/680 20/20/20 19/19/19
f 701/701/679 700/700/678 21/21/21
f 701/701/679 21/21/21 20/20/20
f 700/700/678 29/29/29 704/704/682
f 700/700/678 704/704/682 21/21/21
f 700/700/678 699/699/677 30/30/30
f 700/700/678 30/30/30 29/29/29
f 704/704/682 705/705/683 706/706/684
f 704/704/682 706/706/684 707/707/685
f 704/704/682 707/707/685 16/16/16
f 704/704/682 16/16/16 21/21/21
f 704/704/682 29/29/29 26/26/26
f 704/704/682 26/26/26 705/705/683
f 707/707/685 708/708/686 17/17/17
f 707/707/685 17/17/17 16/16/16
f 707/707/685 706/706/684 709/709/687
f 707/707/685 709/709/687 708/708/686
f 709/709/687 710/710/688 711/711/689
f 709/709/687 711/711/689 708/708/686
f 709/709/687 706/706/684 179/179/179
f 709/709/687 179/179/179 712/712/690
f 709/709/687 712/712/690 713/713/691
f 709/709/687 713/713/691 710/710/688
f 713/713/691 714/714/692 715/715/693
f 713/713/691 715/715/693 710/710/688
f 713/713/691 712/712/690 716/716/694
f 713/713/691 716/716/694 717/717/695
f 713/713/691 717/717/695 718/718/696
f 713/713/691 718/718/696 714/714/692
f 718/718/696 719/719/697 720/720/698
f 718/718/696 720/720/698 714/714/692
f 718/718/696 717/717/695 721/721/699
f 718/718/696 721/721/699 6/6/6
f 718/718/696 6/6/6 5/5/5
f 718/718/696 5/5/5 719/719/697
f 721/721/699 717/717/695 716/716/694
f 721/721/699 716/716/694 722/722/700
f 721/721/699 722/722/700 723/723/701
f 721/721/699 723/723/701 724/724/702
f 721/721/699 724/724/702 2/2/2
f 721/721/699 2/2/2 6/6/6
f 724/724/702 723/723/701 725/725/703
f 724/724/702 725/725/703 726/726/704
f 724/724/702 726/726/704 3/3/3
f 724/724/702 3/3/3 2/2/2
f 726/726/704 725/725/703 727/727/705
f 726/726/704 727/727/705 728/728/706
f 726/726/704 728/728/706 729/729/707
f 726/726/704 729/729/707 3/3/3
f 729/729/707 730/730/708 4/4/4
f 729/729/707 4/4/4 3/3/3
f 729/729/707 728/728/706 731/731/709
f 729/729/707 731/731/709 732/732/710
f 729/729/707 732/732/710 733/733/711
f 729/729/707 733/733/711 730/730/708
f 733/733/711 734/734/712 735/735/713
f 733/733/711 735/735/713 730/730/708
f 733/733/711 732/732/710 736/736/714
f 733/733/711 736/736/714 737/737/715
f 733/733/711 737/737/715 738/738/716
f 733/733/711 738/738/716 734/734/712
f 738/738/716 739/739/717 740/740/718
f 738/738/716 740/740/718 734/734/712
f 738/738/716 737/737/715 741/741/719
f 738/738/716 741/741/719 742/742/720
f 738/738/716 742/742/720 743/743/721
f 738/738/716 743/743/721 739/739/717
f 743/743/721 744/744/722 745/745/723
f 743/743/721 745/745/723 739/739/717
f 743/743/721 742/742/720 746/746/724
f 743/743/721 746/746/724 747/747/725
f 743/743/721 747/747/725 748/748/726
f 743/743/721 748/748/726 744/744/722
f 748/748/726 749/749/727 750/750/728
f 748/748/726 750/750/728 744/744/722
f 748/748/726 747/747/725 751/751/729
f 748/748/726 751/751/729 752/752/730
f 748/748/726 752/752/730 753/753/215
f 748/748/726 753/753/215 749/749/727
f 750/750/728 754/754/731 637/637/621
f 750/750/728 637/637/621 755/755/732
f 750/750/728 755/755/732 745/745/723
f 750/750/728 745/745/723 744/744/722
f 750/750/728 749/749/727 756/756/733
f 750/750/728 756/756/733 754/754/731
f 756/756/733 757/757/734 758/758/735
f 756/756/733 758/758/735 754/754/731
f 756/756/733 749/749/727 753/753/215
f 756/756/733 753/753/215 759/759/736
f 756/756/733 759/759/736 760/760/737
f 756/756/733 760/760/737 757/757/734
f 761/761/738 650/650/634 648/648/632
f 761/761/738 648/648/632 762/762/739
f 763/763/740 764/764/741 765/765/742
f 763/763/740 765/765/742 766/766/743
f 763/763/740 766/766/743 654/654/637
f 763/763/740 654/654/637 653/653/636
f 766/766/743 765/765/742 767/767/744
f 766/766/743 767/767/744 259/259/256
f 766/766/743 259/259/256 258/258/255
f 766/766/743 258/258/255 654/654/637
f 767/767/744 765/765/742 217/217/214
f 767/767/744 217/217/214 219/219/216
f 767/767/744 219/219/216 251/251/248
f 767/767/744 251/251/248 250/250/247
f 767/767/744 250/250/247 254/254/251
f 767/767/744 254/254/251 259/259/256
f 765/765/742 764/764/741 218/218/215
f 765/765/742 218/218/215 217/217/214
f 762/762/739 648/648/632 644/644/628
f 762/762/739 644/644/628 643/643/627
f 755/755/732 637/637/621 631/631/615
f 755/755/732 631/631/615 630/630/614
f 755/755/732 630/630/614 768/768/745
f 755/755/732 768/768/745 745/745/723
f 768/768/745 630/630/614 626/626/610
f 768/768/745 626/626/610 625/625/609
f 768/768/745 625/625/609 769/769/746
f 768/768/745 769/769/746 740/740/718
f 768/768/745 740/740/718 739/739/717
f 768/768/745 739/739/717 745/745/723
f 769/769/746 625/625/609 621/621/605
f 769/769/746 621/621/605 620/620/604
f 769/769/746 620/620/604 7/7/7
f 769/769/746 7/7/7 735/735/713
f 769/769/746 735/735/713 734/734/712
f 769/769/746 734/734/712 740/740/718
f 754/754/731 758/758/735 638/638/622
f 754/754/731 638/638/622 637/637/621
f 747/747/725 746/746/724 770/770/747
f 747/747/725 770/770/747 751/751/729
f 770/770/747 746/746/724 771/771/748
f 770/770/747 771/771/748 772/772/749
f 773/773/750 774/774/751 247/247/244
f 773/773/750 247/247/244 252/252/249
f 773/773/750 252/252/249 216/216/213
f 773/773/750 216/216/213 215/215/212
f 772/772/749 771/771/748 775/775/752
f 772/772/749 775/775/752 776/776/753
f 774/774/751 777/777/754 248/248/245
f 774/774/751 248/248/245 247/247/244
f 776/776/753 775/775/752 778/778/755
f 776/776/753 778/778/755 779/779/756
f 777/777/754 780/780/756 781/781/757
f 777/777/754 781/781/757 248/248/245
f 781/781/757 780/780/756 658/658/641
f 781/781/757 658/658/641 657/657/640
f 781/781/757 657/657/640 256/256/253
f 781/781/757 256/256/253 255/255/252
f 781/781/757 255/255/252 249/249/246
f 781/781/757 249/249/246 248/248/245
f 779/779/756 778/778/755 662/662/644
f 779/779/756 662/662/644 661/661/643
f 778/778/755 775/775/752 782/782/758
f 778/778/755 782/782/758 783/783/759
f 778/778/755 783/783/759 664/664/646
f 778/778/755 664/664/646 662/662/644
f 783/783/759 782/782/758 736/736/714
f 783/783/759 736/736/714 784/784/760
f 783/783/759 784/784/760 785/785/761
f 783/783/759 785/785/761 664/664/646
f 785/785/761 784/784/760 731/731/709
f 785/785/761 731/731/709 786/786/762
f 785/785/761 786/786/762 787/787/763
f 785/785/761 787/787/763 667/667/649
f 785/785/761 667/667/649 665/665/647
f 785/785/761 665/665/647 664/664/646
f 787/787/763 786/786/762 727/727/705
f 787/787/763 727/727/705 788/788/764
f 787/787/763 788/788/764 789/789/765
f 787/787/763 789/789/765 671/671/653
f 787/787/763 671/671/653 668/668/650
f 787/787/763 668/668/650 667/667/649
f 789/789/765 788/788/764 790/790/766
f 789/789/765 790/790/766 791/791/767
f 789/789/765 791/791/767 28/28/28
f 789/789/765 28/28/28 674/674/656
f 789/789/765 674/674/656 672/672/654
f 789/789/765 672/672/654 671/671/653
f 791/791/767 790/790/766 792/792/768
f 791/791/767 792/792/768 793/793/769
f 791/791/767 793/793/769 24/24/24
f 791/791/767 24/24/24 28/28/28
f 793/793/769 792/792/768 182/182/182
f 793/793/769 182/182/182 181/181/181
f 793/793/769 181/181/181 25/25/25
f 793/793/769 25/25/25 24/24/24
f 792/792/768 723/723/701 722/722/700
f 792/792/768 722/722/700 182/182/182
f 792/792/768 790/790/766 725/725/703
f 792/792/768 725/725/703 723/723/701
f 790/790/766 788/788/764 727/727/705
f 790/790/766 727/727/705 725/725/703
f 786/786/762 731/731/709 728/728/706
f 786/786/762 728/728/706 727/727/705
f 784/784/760 736/736/714 732/732/710
f 784/784/760 732/732/710 731/731/709
f 782/782/758 741/741/719 737/737/715
f 782/782/758 737/737/715 736/736/714
f 782/782/758 775/775/752 771/771/748
f 782/782/758 771/771/748 741/741/719
f 771/771/748 746/746/724 742/742/720
f 771/771/748 742/742/720 741/741/719
f 735/735/713 7/7/7 4/4/4
f 735/735/713 4/4/4 730/730/708
f 722/722/700 716/716/694 178/178/178
f 722/722/700 178/178/178 182/182/182
f 720/720/698 794/794/770 795/795/771
f 720/720/698 795/795/771 796/796/772
f 720/720/698 796/796/772 715/715/693
f 720/720/698 715/715/693 714/714/692
f 720/720/698 719/719/697 797/797/773
f 720/720/698 797/797/773 794/794/770
f 797/797/773 798/798/774 799/799/775
f 797/797/773 799/799/775 794/794/770
f 797/797/773 719/719/697 5/5/5
f 797/797/773 5/5/5 11/11/11
f 797/797/773 11/11/11 610/610/594
f 797/797/773 610/610/594 798/798/774
f 799/799/775 800/800/776 801/801/777
f 799/799/775 801/801/777 802/802/778
f 799/799/775 802/802/778 795/795/771
f 799/799/775 795/795/771 794/794/770
f 799/799/775 798/798/774 607/607/591
f 799/799/775 607/607/591 800/800/776
f 802/802/778 801/801/777 803/803/779
f 802/802/778 803/803/779 804/804/780
f 802/802/778 804/804/780 805/805/781
f 802/802/778 805/805/781 795/795/771
f 805/805/781 804/804/780 806/806/782
f 805/805/781 806/806/782 807/807/783
f 805/805/781 807/807/783 808/808/784
f 805/805/781 808/808/784 809/809/785
f 805/805/781 809/809/785 796/796/772
f 805/805/781 796/796/772 795/795/771
f 809/809/785 808/808/784 810/810/786
f 809/809/785 810/810/786 811/811/787
f 809/809/785 811/811/787 715/715/693
f 809/809/785 715/715/693 796/796/772
f 811/811/787 810/810/786 812/812/788
f 811/811/787 812/812/788 711/711/689
f 811/811/787 711/711/689 710/710/688
f 811/811/787 710/710/688 715/715/693
f 812/812/788 810/810/786 813/813/789
f 812/812/788 813/813/789 183/183/183
f 812/812/788 183/183/183 13/13/13
f 812/812/788 13/13/13 17/17/17
f 812/812/788 17/17/17 708/708/686
f 812/812/788 708/708/686 711/711/689
f 813/813/789 814/814/790 815/815/791
f 813/813/789 815/815/791 816/816/792
f 813/813/789 816/816/792 184/184/184
f 813/813/789 184/184/184 183/183/183
f 813/813/789 810/810/786 808/808/784
f 813/813/789 808/808/784 814/814/790
f 816/816/792 815/815/791 817/817/793
f 816/816/792 817/817/793 818/818/794
f 816/816/792 818/818/794 819/819/795
f 816/816/792 819/819/795 184/184/184
f 820/820/796 821/821/797 822/822/798
f 820/820/796 822/822/798 823/823/799
f 820/820/796 824/824/800 817/817/793
f 820/820/796 817/817/793 825/825/801
f 820/820/796 825/825/801 826/826/802
f 820/820/796 826/826/802 821/821/797
f 826/826/802 827/827/803 828/828/804
f 826/826/802 828/828/804 821/821/797
f 826/826/802 825/825/801 829/829/805
f 826/826/802 829/829/805 830/830/806
f 826/826/802 830/830/806 831/831/807
f 826/826/802 831/831/807 827/827/803
f 831/831/807 832/832/808 833/833/809
f 831/831/807 833/833/809 827/827/803
f 831/831/807 830/830/806 834/834/810
f 831/831/807 834/834/810 835/835/811
f 831/831/807 835/835/811 836/836/812
f 831/831/807 836/836/812 832/832/808
f 836/836/812 837/837/813 838/838/814
f 836/836/812 838/838/814 832/832/808
f 836/836/812 835/835/811 839/839/815
f 836/836/812 839/839/815 840/840/816
f 836/836/812 840/840/816 841/841/817
f 836/836/812 841/841/817 837/837/813
f 841/841/817 842/842/818 843/843/819
f 841/841/817 843/843/819 837/837/813
f 841/841/817 840/840/816 844/844/820
f 841/841/817 844/844/820 845/845/821
f 841/841/817 845/845/821 846/846/822
f 841/841/817 846/846/822 842/842/818
f 846/846/822 594/594/578 593/593/577
f 846/846/822 593/593/577 842/842/818
f 846/846/822 845/845/821 601/601/585
f 846/846/822 601/601/585 600/600/584
f 597/597/581 594/594/578 598/598/582
f 845/845/821 844/844/820 847/847/823
f 845/845/821 847/847/823 601/601/585
f 847/847/823 844/844/820 803/803/779
f 847/847/823 803/803/779 801/801/777
f 847/847/823 801/801/777 800/800/776
f 847/847/823 800/800/776 604/604/588
f 847/847/823 604/604/588 602/602/586
f 847/847/823 602/602/586 601/601/585
f 844/844/820 840/840/816 839/839/815
f 844/844/820 839/839/815 803/803/779
f 843/843/819 848/848/824 849/849/825
f 843/843/819 849/849/825 850/850/826
f 843/843/819 850/850/826 838/838/814
f 843/843/819 838/838/814 837/837/813
f 843/843/819 842/842/818 593/593/577
f 843/843/819 593/593/577 848/848/824
f 850/850/826 849/849/825 851/851/827
f 850/850/826 851/851/827 852/852/828
f 850/850/826 852/852/828 853/853/829
f 850/850/826 853/853/829 838/838/814
f 853/853/829 852/852/828 854/854/830
f 853/853/829 854/854/830 855/855/831
f 853/853/829 855/855/831 856/856/832
f 853/853/829 856/856/832 833/833/809
f 853/853/829 833/833/809 832/832/808
f 853/853/829 832/832/808 838/838/814
f 856/856/832 855/855/831 857/857/833
f 856/856/832 857/857/833 858/858/834
f 856/856/832 858/858/834 859/859/835
f 856/856/832 859/859/835 828/828/804
f 856/856/832 828/828/804 827/827/803
f 856/856/832 827/827/803 833/833/809
f 859/859/835 822/822/798 821/821/797
f 859/859/835 821/821/797 828/828/804
f 860/860/836 861/861/837 862/862/838
f 860/860/836 862/862/838 863/863/839
f 860/860/836 863/863/839 864/864/840
f 860/860/836 864/864/840 865/865/841
f 864/864/840 380/380/374 379/379/373
f 864/864/840 379/379/373 865/865/841
f 864/864/840 863/863/839 866/866/842
f 864/864/840 866/866/842 867/867/843
f 864/864/840 867/867/843 868/868/844
f 864/864/840 868/868/844 380/380/374
f 868/868/844 386/386/380 381/381/375
f 868/868/844 381/381/375 380/380/374
f 868/868/844 867/867/843 869/869/845
f 868/868/844 869/869/845 870/870/846
f 868/868/844 870/870/846 387/387/381
f 868/868/844 387/387/381 386/386/380
f 870/870/846 869/869/845 871/871/847
f 870/870/846 871/871/847 872/872/848
f 870/870/846 872/872/848 388/388/382
f 870/870/846 388/388/382 387/387/381
f 872/872/848 871/871/847 873/873/849
f 872/872/848 873/873/849 874/874/850
f 872/872/848 874/874/850 875/875/851
f 872/872/848 875/875/851 388/388/382
f 875/875/851 391/391/385 389/389/383
f 875/875/851 389/389/383 388/388/382
f 875/875/851 874/874/850 523/523/513
f 875/875/851 523/523/513 521/521/511
f 875/875/851 521/521/511 395/395/389
f 875/875/851 395/395/389 391/391/385
f 874/874/850 873/873/849 525/525/515
f 874/874/850 525/525/515 523/523/513
f 873/873/849 871/871/847 876/876/852
f 873/873/849 876/876/852 877/877/853
f 873/873/849 877/877/853 588/588/572
f 873/873/849 588/588/572 525/525/515
f 877/877/853 876/876/852 878/878/854
f 877/877/853 878/878/854 591/591/575
f 877/877/853 591/591/575 589/589/573
f 877/877/853 589/589/573 588/588/572
f 878/878/854 876/876/852 879/879/855
f 878/878/854 879/879/855 880/880/856
f 878/878/854 880/880/856 881/881/857
f 878/878/854 881/881/857 882/882/858
f 878/878/854 882/882/858 592/592/576
f 878/878/854 592/592/576 591/591/575
f 882/882/858 881/881/857 849/849/825
f 882/882/858 849/849/825 848/848/824
f 882/882/858 848/848/824 593/593/577
f 882/882/858 593/593/577 592/592/576
f 881/881/857 880/880/856 883/883/859
f 881/881/857 883/883/859 884/884/860
f 881/881/857 884/884/860 851/851/827
f 881/881/857 851/851/827 849/849/825
f 884/884/860 883/883/859 862/862/838
f 884/884/860 862/862/838 885/885/861
f 884/884/860 885/885/861 886/886/862
f 884/884/860 886/886/862 851/851/827
f 886/886/862 885/885/861 887/887/863
f 886/886/862 887/887/863 888/888/864
f 886/886/862 888/888/864 889/889/865
f 886/886/862 889/889/865 854/854/830
f 886/886/862 854/854/830 852/852/828
f 886/886/862 852/852/828 851/851/827
f 889/889/865 857/857/833 855/855/831
f 889/889/865 855/855/831 854/854/830
f 885/885/861 862/862/838 861/861/837
f 885/885/861 861/861/837 887/887/863
f 883/883/859 866/866/842 863/863/839
f 883/883/859 863/863/839 862/862/838
f 883/883/859 880/880/856 879/879/855
f 883/883/859 879/879/855 866/866/842
f 879/879/855 869/869/845 867/867/843
f 879/879/855 867/867/843 866/866/842
f 879/879/855 876/876/852 871/871/847
f 879/879/855 871/871/847 869/869/845
f 839/839/815 835/835/811 834/834/810
f 839/839/815 834/834/810 806/806/782
f 839/839/815 806/806/782 804/804/780
f 839/839/815 804/804/780 803/803/779
f 834/834/810 830/830/806 829/829/805
f 834/834/810 829/829/805 890/890/866
f 834/834/810 890/890/866 807/807/783
f 834/834/810 807/807/783 806/806/782
f 890/890/866 829/829/805 815/815/791
f 890/890/866 815/815/791 814/814/790
f 890/890/866 814/814/790 808/808/784
f 890/890/866 808/808/784 807/807/783
f 829/829/805 825/825/801 817/817/793
f 829/829/805 817/817/793 815/815/791
f 800/800/776 607/607/591 605/605/589
f 800/800/776 605/605/589 604/604/588
f 798/798/774 610/610/594 608/608/592
f 798/798/774 608/608/592 607/607/591
f 716/716/694 712/712/690 179/179/179
f 716/716/694 179/179/179 178/178/178
f 706/706/684 705/705/683 180/180/180
f 706/706/684 180/180/180 179/179/179
f 705/705/683 26/26/26 25/25/25
f 705/705/683 25/25/25 180/180/180
f 681/681/663 678/678/660 31/31/31
f 681/681/663 31/31/31 33/33/33
f 675/675/657 674/674/656 28/28/28
f 675/675/657 28/28/28 27/27/27
f 624/624/608 73/73/73 71/71/71
f 624/624/608 71/71/71 619/619/603
f 620/620/604 617/617/601 8/8/8
f 620/620/604 8/8/8 7/7/7
f 612/612/596 611/611/595 10/10/10
f 612/612/596 10/10/10 9/9/9
f 611/611/595 610/610/594 11/11/11
f 611/611/595 11/11/11 10/10/10
f 588/588/572 528/528/518 526/526/516
f 588/588/572 526/526/516 525/525/515
f 394/394/388 137/137/137 136/136/136
f 394/394/388 136/136/136 390/390/384
f 384/384/378 891/891/867 892/892/868
f 384/384/378 892/892/868 385/385/379
f 384/384/378 130/130/130 133/133/133
f 384/384/378 133/133/133 891/891/867
f 891/891/867 225/225/222 893/893/869
f 891/891/867 893/893/869 892/892/868
f 891/891/867 133/133/133 221/221/218
f 891/891/867 221/221/218 225/225/222
f 375/375/369 373/373/367 72/72/72
f 375/375/369 72/72/72 68/68/68
f 284/284/280 78/78/78 77/77/77
f 284/284/280 77/77/77 279/279/275
f 272/272/268 84/84/84 60/60/60
f 272/272/268 60/60/60 59/59/59
f 268/268/265 265/265/262 39/39/39
f 268/268/265 39/39/39 46/46/46
f 255/255/252 254/254/251 250/250/247
f 255/255/252 250/250/247 249/249/246
f 252/252/249 251/251/248 219/219/216
f 252/252/249 219/219/216 216/216/213
f 225/225/222 224/224/221 500/500/491
f 225/225/222 500/500/491 893/893/869
f 222/222/219 221/221/218 133/133/133
f 222/222/219 133/133/133 132/132/132
f 191/191/191 148/148/148 147/147/147
f 191/191/191 147/147/147 172/172/172
f 188/188/188 159/159/159 158/158/158
f 188/188/188 158/158/158 185/185/185
f 188/188/188 41/41/41 40/40/40
f 188/188/188 40/40/40 894/894/870
f 181/181/181 177/177/177 180/180/180
f 181/181/181 180/180/180 25/25/25
f 895/895/871 896/896/872 119/119/119
f 895/895/871 119/119/119 118/118/118
f 116/116/116 115/115/115 109/109/109
f 116/116/116 109/109/109 108/108/108
f 100/100/100 99/99/99 90/90/90
f 100/100/100 90/90/90 89/89/89
f 125/125/125 93/93/93 124/124/124
f 123/123/123 110/110/110 121/121/121
f 895/895/871 118/118/118 117/117/117
f 895/895/871 117/117/117 461/461/452
f 895/895/871 461/461/452 125/125/125
f 461/461/452 127/127/127 126/126/126
f 461/461/452 126/126/126 125/125/125
f 155/155/155 154/154/154 153/153/153
f 155/155/155 153/153/153 488/488/479
f 153/153/153 491/491/482 488/488/479
f 491/491/482 101/101/101 103/103/103
f 491/491/482 103/103/103 488/488/479
f 399/399/393 398/398/392 187/187/187
f 399/399/393 187/187/187 401/401/395
f 398/398/392 44/44/44 187/187/187
f 596/596/580 357/357/351 597/597/581
f 356/356/350 355/355/349 590/590/574
f 356/356/350 590/590/574 594/594/578
f 359/359/353 358/358/352 357/357/351
f 359/359/353 357/357/351 596/596/580
f 360/360/354 359/359/353 596/596/580
f 360/360/354 596/596/580 595/595/579
f 897/897/873 898/898/874 899/899/875
f 823/823/799 900/900/876 824/824/800
f 823/823/799 824/824/800 820/820/796
f 900/900/876 897/897/873 899/899/875
f 900/900/876 899/899/875 824/824/800
f 817/817/793 824/824/800 899/899/875
f 817/817/793 899/899/875 818/818/794
f 818/818/794 899/899/875 898/898/874
f 818/818/794 898/898/874 819/819/795
f 901/901/877 902/902/878 903/903/879
f 901/901/877 903/903/879 904/904/880
f 694/694/672 905/905/881 66/66/66
f 694/694/672 66/66/66 75/75/75
f 905/905/881 906/906/882 67/67/67
f 905/905/881 67/67/67 66/66/66
f 906/906/882 907/907/883 908/908/884
f 906/906/882 908/908/884 67/67/67
f 907/907/883 901/901/877 904/904/880
f 907/907/883 904/904/880 908/908/884
f 909/909/885 910/910/886 57/57/57
f 909/909/885 57/57/57 911/911/887
f 902/902/878 909/909/885 911/911/887
f 902/902/878 911/911/887 903/903/879
f 68/68/68 67/67/67 908/908/884
f 68/68/68 908/908/884 375/375/369
f 375/375/369 908/908/884 904/904/880
f 375/375/369 904/904/880 376/376/370
f 376/376/370 904/904/880 903/903/879
f 376/376/370 903/903/879 377/377/371
f 911/911/887 56/56/56 377/377/371
f 911/911/887 377/377/371 903/903/879
f 56/56/56 911/911/887 57/57/57
f 356/356/350 594/594/578 597/597/581
f 356/356/350 597/597/581 357/357/351
f 595/595/579 598/598/582 600/600/584
f 595/595/579 600/600/584 599/599/583
f 594/594/578 846/846/822 600/600/584
f 594/594/578 600/600/584 598/598/582
f 57/57/57 910/910/886 912/912/888
f 57/57/57 912/912/888 50/50/50
f 36/36/36 913/913/889 914/914/890
f 36/36/36 914/914/890 37/37/37
f 915/915/891 40/40/40 37/37/37
f 915/915/891 37/37/37 914/914/890
f 50/50/50 912/912/888 916/916/892
f 50/50/50 916/916/892 54/54/54
f 261/261/258 917/917/893 913/913/889
f 261/261/258 913/913/889 36/36/36
f 264/264/261 918/918/894 917/917/893
f 264/264/261 917/917/893 261/261/258
f 40/40/40 915/915/891 919/919/895
f 40/40/40 919/919/895 894/894/870
f 919/919/895 920/920/896 921/921/897
f 919/919/895 921/921/897 894/894/870
f 922/922/898 923/923/899 410/410/404
f 922/922/898 410/410/404 924/924/900
f 923/923/899 925/925/901 414/414/408
f 923/923/899 414/414/408 410/410/404
f 428/428/422 926/926/902 927/927/903
f 428/428/422 927/927/903 429/429/423
f 162/162/162 928/928/903 929/929/904
f 162/162/162 929/929/904 163/163/163
f 163/163/163 929/929/904 930/930/905
f 163/163/163 930/930/905 166/166/166
f 433/433/426 931/931/906 173/173/173
f 433/433/426 173/173/173 176/176/176
f 430/430/424 932/932/907 931/931/906
f 430/430/424 931/931/906 433/433/426
f 166/166/166 930/930/905 933/933/908
f 166/166/166 933/933/908 415/415/409
f 415/415/409 933/933/908 934/934/909
f 415/415/409 934/934/909 416/416/410
f 416/416/410 934/934/909 932/932/907
f 416/416/410 932/932/907 430/430/424
f 935/935/910 926/926/902 428/428/422
f 935/935/910 428/428/422 936/936/911
f 925/925/901 935/935/910 936/936/911
f 925/925/901 936/936/911 414/414/408
f 937/937/912 427/427/421 412/412/406
f 937/937/912 412/412/406 411/411/405
f 936/936/911 937/937/912 411/411/405
f 936/936/911 411/411/405 414/414/408
f 920/920/896 922/922/898 924/924/900
f 920/920/896 924/924/900 921/921/897
f 188/188/188 894/894/870 921/921/897
f 188/188/188 921/921/897 159/159/159
f 159/159/159 921/921/897 924/924/900
f 159/159/159 924/924/900 156/156/156
f 157/157/157 156/156/156 924/924/900
f 157/157/157 924/924/900 410/410/404
f 408/408/402 410/410/404 414/414/408
f 937/937/912 936/936/911 428/428/422
f 427/427/421 937/937/912 428/428/422
f 425/425/419 427/427/421 428/428/422
f 98/98/98 102/102/102 451/451/443
f 98/98/98 451/451/443 452/452/444
f 452/452/444 451/451/443 450/450/442
f 452/452/444 450/450/442 449/449/441
f 14/14/14 938/938/913 22/22/22
f 14/14/14 22/22/22 15/15/15
f 184/184/184 819/819/795 939/939/914
f 184/184/184 939/939/914 14/14/14
f 14/14/14 939/939/914 940/940/915
f 14/14/14 940/940/915 938/938/913
f 941/941/916 942/942/917 943/943/918
f 941/941/916 943/943/918 944/944/919
f 945/945/920 946/946/921 947/947/922
f 945/945/920 947/947/922 948/948/923
f 945/945/920 949/949/924 950/950/925
f 945/945/920 950/950/925 946/946/921
f 950/950/925 951/951/926 952/952/927
f 950/950/925 952/952/927 946/946/921
f 952/952/927 953/953/928 954/954/929
f 952/952/927 954/954/929 955/955/930
f 952/952/927 955/955/930 947/947/922
f 952/952/927 947/947/922 946/946/921
f 952/952/927 951/951/926 956/956/931
f 952/952/927 956/956/931 953/953/928
f 956/956/931 957/957/932 958/958/933
f 956/956/931 958/958/933 953/953/928
f 958/958/933 959/959/934 960/960/935
f 958/958/933 960/960/935 961/961/936
f 958/958/933 961/961/936 954/954/929
f 958/958/933 954/954/929 953/953/928
f 958/958/933 957/957/932 962/962/937
f 958/958/933 962/962/937 959/959/934
f 962/962/937 963/963/938 964/964/939
f 962/962/937 964/964/939 959/959/934
f 964/964/939 943/943/918 965/965/940
f 964/964/939 965/965/940 966/966/941
f 964/964/939 966/966/941 960/960/935
f 964/964/939 960/960/935 959/959/934
f 964/964/939 963/963/938 944/944/919
f 964/964/939 944/944/919 943/943/918
f 966/966/941 965/965/940 967/967/942
f 966/966/941 967/967/942 968/968/943
f 966/966/941 968/968/943 969/969/944
f 966/966/941 969/969/944 960/960/935
f 969/969/944 968/968/943 970/970/945
f 969/969/944 970/970/945 971/971/946
f 969/969/944 971/971/946 972/972/947
f 969/969/944 972/972/947 973/973/948
f 969/969/944 973/973/948 961/961/936
f 969/969/944 961/961/936 960/960/935
f 973/973/948 972/972/947 974/974/949
f 973/973/948 974/974/949 975/975/950
f 973/973/948 975/975/950 954/954/929
f 973/973/948 954/954/929 961/961/936
f 975/975/950 974/974/949 976/976/951
f 975/975/950 976/976/951 977/977/952
f 975/975/950 977/977/952 955/955/930
f 975/975/950 955/955/930 954/954/929
f 977/977/952 976/976/951 978/978/953
f 977/977/952 978/978/953 979/979/954
f 977/977/952 979/979/954 947/947/922
f 977/977/952 947/947/922 955/955/930
f 979/979/954 978/978/953 980/980/955
f 979/979/954 980/980/955 981/981/956
f 979/979/954 981/981/956 948/948/923
f 979/979/954 948/948/923 947/947/922
f 982/982/957 983/983/958 984/984/959
f 982/982/957 984/984/959 967/967/942
f 982/982/957 967/967/942 965/965/940
f 982/982/957 965/965/940 985/985/960
f 984/984/959 983/983/958 986/986/961
f 984/984/959 986/986/961 987/987/962
f 984/984/959 987/987/962 988/988/963
f 984/984/959 988/988/963 970/970/945
f 984/984/959 970/970/945 968/968/943
f 984/984/959 968/968/943 967/967/942
f 988/988/963 987/987/962 989/989/964
f 988/988/963 989/989/964 990/990/965
f 988/988/963 990/990/965 991/991/966
f 988/988/963 991/991/966 992/992/967
f 988/988/963 992/992/967 971/971/946
f 988/988/963 971/971/946 970/970/945
f 992/992/967 991/991/966 993/993/968
f 992/992/967 993/993/968 994/994/969
f 992/992/967 994/994/969 972/972/947
f 992/992/967 972/972/947 971/971/946
f 994/994/969 993/993/968 995/995/970
f 994/994/969 995/995/970 996/996/971
f 994/994/969 996/996/971 974/974/949
f 994/994/969 974/974/949 972/972/947
f 996/996/971 995/995/970 997/997/972
f 996/996/971 997/997/972 998/998/973
f 996/996/971 998/998/973 976/976/951
f 996/996/971 976/976/951 974/974/949
f 998/998/973 997/997/972 999/999/974
f 998/998/973 999/999/974 1000/1000/975
f 998/998/973 1000/1000/975 978/978/953
f 998/998/973 978/978/953 976/976/951
f 1000/1000/975 999/999/974 1001/1001/976
f 1000/1000/975 1001/1001/976 1002/1002/977
f 1000/1000/975 1002/1002/977 980/980/955
f 1000/1000/975 980/980/955 978/978/953
f 1003/1003/978 1004/1004/979 1005/1005/980
f 1003/1003/978 1005/1005/980 989/989/964
f 1003/1003/978 989/989/964 987/987/962
f 1003/1003/978 987/987/962 986/986/961
f 1005/1005/980 1006/1006/981 990/990/965
f 1005/1005/980 990/990/965 989/989/964
f 1006/1006/981 1007/1007/982 991/991/966
f 1006/1006/981 991/991/966 990/990/965
f 1007/1007/982 1008/1008/983 993/993/968
f 1007/1007/982 993/993/968 991/991/966
f 1008/1008/983 1009/1009/984 995/995/970
f 1008/1008/983 995/995/970 993/993/968
f 1009/1009/984 1010/1010/985 997/997/972
f 1009/1009/984 997/997/972 995/995/970
f 1010/1010/985 1011/1011/986 999/999/974
f 1010/1010/985 999/999/974 997/997/972
f 1011/1011/986 1012/1012/987 1001/1001/976
f 1011/1011/986 1001/1001/976 999/999/974
f 965/965/940 943/943/918 942/942/917
f 965/965/940 942/942/917 985/985/960
f 949/949/924 510/510/501 509/509/500
f 949/949/924 509/509/500 950/950/925
f 950/950/925 509/509/500 512/512/503
f 950/950/925 512/512/503 951/951/926
f 951/951/926 512/512/503 472/472/463
f 951/951/926 472/472/463 956/956/931
f 956/956/931 472/472/463 470/470/461
f 956/956/931 470/470/461 957/957/932
f 957/957/932 470/470/461 469/469/460
f 957/957/932 469/469/460 962/962/937
f 962/962/937 469/469/460 468/468/459
f 962/962/937 468/468/459 963/963/938
f 963/963/938 468/468/459 467/467/458
f 963/963/938 467/467/458 944/944/919
f 944/944/919 467/467/458 466/466/457
f 944/944/919 466/466/457 941/941/916
f 941/941/916 1013/1013/988 1014/1014/989
f 941/941/916 1014/1014/989 942/942/917
f 942/942/917 1014/1014/989 1015/1015/990
f 942/942/917 1015/1015/990 985/985/960
f 982/982/957 1016/1016/991 1017/1017/992
f 982/982/957 1017/1017/992 983/983/958
f 985/985/960 1015/1015/990 1016/1016/991
f 985/985/960 1016/1016/991 982/982/957
f 983/983/958 1017/1017/992 1018/1018/993
f 983/983/958 1018/1018/993 986/986/961
f 986/986/961 1018/1018/993 1019/1019/994
f 986/986/961 1019/1019/994 1003/1003/978
f 1003/1003/978 1019/1019/994 1020/1020/995
f 1003/1003/978 1020/1020/995 1004/1004/979
f 514/514/505 1013/1013/988 941/941/916
f 514/514/505 941/941/916 466/466/457
f 1004/1004/979 1021/1021/996 1022/1022/997
f 1004/1004/979 1022/1022/997 1005/1005/980
f 1005/1005/980 1022/1022/997 1023/1023/998
f 1005/1005/980 1023/1023/998 1006/1006/981
f 1006/1006/981 1023/1023/998 1024/1024/999
f 1006/1006/981 1024/1024/999 1007/1007/982
f 1007/1007/982 1024/1024/999 1025/1025/1000
f 1007/1007/982 1025/1025/1000 1008/1008/983
f 1008/1008/983 1025/1025/1000 1026/1026/1001
f 1008/1008/983 1026/1026/1001 1009/1009/984
f 1009/1009/984 1026/1026/1001 1027/1027/1002
f 1009/1009/984 1027/1027/1002 1010/1010/985
f 1010/1010/985 1027/1027/1002 1028/1028/1003
f 1010/1010/985 1028/1028/1003 1011/1011/986
f 1011/1011/986 1028/1028/1003 1029/1029/1004
f 1011/1011/986 1029/1029/1004 1012/1012/987
f 1020/1020/995 1030/1030/1005 1021/1021/996
f 1020/1020/995 1021/1021/996 1004/1004/979
f 1021/1021/996 1031/1031/1006 1032/1032/1007
f 1021/1021/996 1032/1032/1007 1022/1022/997
f 1022/1022/997 1032/1032/1007 1033/1033/1008
f 1022/1022/997 1033/1033/1008 1023/1023/998
f 1023/1023/998 1033/1033/1008 1034/1034/1009
f 1023/1023/998 1034/1034/1009 1024/1024/999
f 1024/1024/999 1034/1034/1009 1035/1035/1010
f 1024/1024/999 1035/1035/1010 1025/1025/1000
f 1025/1025/1000 1035/1035/1010 1036/1036/1011
f 1025/1025/1000 1036/1036/1011 1026/1026/1001
f 1026/1026/1001 1036/1036/1011 1037/1037/1012
f 1026/1026/1001 1037/1037/1012 1027/1027/1002
f 1027/1027/1002 1037/1037/1012 1038/1038/1013
f 1027/1027/1002 1038/1038/1013 1028/1028/1003
f 1028/1028/1003 1038/1038/1013 1039/1039/672
f 1028/1028/1003 1039/1039/672 1029/1029/1004
f 1030/1030/1005 1040/1040/1014 1031/1031/1006
f 1030/1030/1005 1031/1031/1006 1021/1021/996
f 1031/1031/1006 1041/1041/1015 1042/1042/1016
f 1031/1031/1006 1042/1042/1016 1032/1032/1007
f 1032/1032/1007 1042/1042/1016 1043/1043/1017
f 1032/1032/1007 1043/1043/1017 1033/1033/1008
f 1033/1033/1008 1043/1043/1017 1044/1044/1018
f 1033/1033/1008 1044/1044/1018 1034/1034/1009
f 1034/1034/1009 1044/1044/1018 1045/1045/1019
f 1034/1034/1009 1045/1045/1019 1035/1035/1010
f 1035/1035/1010 1045/1045/1019 1046/1046/1020
f 1035/1035/1010 1046/1046/1020 1036/1036/1011
f 1036/1036/1011 1046/1046/1020 1047/1047/1021
f 1036/1036/1011 1047/1047/1021 1037/1037/1012
f 1037/1037/1012 1047/1047/1021 1048/1048/1022
f 1037/1037/1012 1048/1048/1022 1038/1038/1013
f 1038/1038/1013 1048/1048/1022 1049/1049/1023
f 1038/1038/1013 1049/1049/1023 1039/1039/672
f 1040/1040/1014 1050/1050/1024 1041/1041/1015
f 1040/1040/1014 1041/1041/1015 1031/1031/1006
f 1041/1041/1015 1051/1051/1025 1052/1052/1026
f 1041/1041/1015 1052/1052/1026 1042/1042/1016
f 1042/1042/1016 1052/1052/1026 1053/1053/1027
f 1042/1042/1016 1053/1053/1027 1043/1043/1017
f 1043/1043/1017 1053/1053/1027 1054/1054/1028
f 1043/1043/1017 1054/1054/1028 1044/1044/1018
f 1044/1044/1018 1054/1054/1028 1055/1055/1029
f 1044/1044/1018 1055/1055/1029 1045/1045/1019
f 1045/1045/1019 1055/1055/1029 1056/1056/1030
f 1045/1045/1019 1056/1056/1030 1046/1046/1020
f 1046/1046/1020 1056/1056/1030 1057/1057/1031
f 1046/1046/1020 1057/1057/1031 1047/1047/1021
f 1047/1047/1021 1057/1057/1031 1058/1058/1032
f 1047/1047/1021 1058/1058/1032 1048/1048/1022
f 1048/1048/1022 1058/1058/1032 1059/1059/1033
f 1048/1048/1022 1059/1059/1033 1049/1049/1023
f 1050/1050/1024 1060/1060/1034 1051/1051/1025
f 1050/1050/1024 1051/1051/1025 1041/1041/1015
f 1051/1051/1025 1061/1061/1035 1062/1062/1036
f 1051/1051/1025 1062/1062/1036 1052/1052/1026
f 1052/1052/1026 1062/1062/1036 1063/1063/1037
f 1052/1052/1026 1063/1063/1037 1053/1053/1027
f 1053/1053/1027 1063/1063/1037 1064/1064/1038
f 1053/1053/1027 1064/1064/1038 1054/1054/1028
f 1054/1054/1028 1064/1064/1038 1065/1065/1039
f 1054/1054/1028 1065/1065/1039 1055/1055/1029
f 1055/1055/1029 1065/1065/1039 1066/1066/1040
f 1055/1055/1029 1066/1066/1040 1056/1056/1030
f 1056/1056/1030 1066/1066/1040 1067/1067/1041
f 1056/1056/1030 1067/1067/1041 1057/1057/1031
f 1057/1057/1031 1067/1067/1041 1068/1068/1042
f 1057/1057/1031 1068/1068/1042 1058/1058/1032
f 1058/1058/1032 1068/1068/1042 1069/1069/1043
f 1058/1058/1032 1069/1069/1043 1059/1059/1033
f 1060/1060/1034 1070/1070/1044 1061/1061/1035
f 1060/1060/1034 1061/1061/1035 1051/1051/1025
f 1066/1066/1040 1071/1071/1045 1072/1072/1046
f 1066/1066/1040 1072/1072/1046 1067/1067/1041
f 1067/1067/1041 1072/1072/1046 1073/1073/1047
f 1067/1067/1041 1073/1073/1047 1068/1068/1042
f 1068/1068/1042 1073/1073/1047 1074/1074/1048
f 1068/1068/1042 1074/1074/1048 1069/1069/1043
f 1071/1071/1045 1075/1075/1049 1076/1076/1050
f 1071/1071/1045 1076/1076/1050 1072/1072/1046
f 1072/1072/1046 1076/1076/1050 1077/1077/1051
f 1072/1072/1046 1077/1077/1051 1073/1073/1047
f 1073/1073/1047 1077/1077/1051 1078/1078/1052
f 1073/1073/1047 1078/1078/1052 1074/1074/1048
f 1065/1065/1039 1075/1075/1049 1071/1071/1045
f 1065/1065/1039 1071/1071/1045 1066/1066/1040
f 898/898/874 1079/1079/1053 1080/1080/1054
f 898/898/874 1080/1080/1054 819/819/795
f 819/819/795 1080/1080/1054 1081/1081/1055
f 819/819/795 1081/1081/1055 939/939/914
f 939/939/914 1081/1081/1055 1082/1082/1056
f 939/939/914 1082/1082/1056 940/940/915
f 1079/1079/1053 1083/1083/1057 1084/1084/1058
f 1079/1079/1053 1084/1084/1058 1080/1080/1054
f 1080/1080/1054 1084/1084/1058 1085/1085/1059
f 1080/1080/1054 1085/1085/1059 1081/1081/1055
f 1081/1081/1055 1085/1085/1059 1086/1086/1060
f 1081/1081/1055 1086/1086/1060 1082/1082/1056
f 1083/1083/1057 1087/1087/1061 1088/1088/1062
f 1083/1083/1057 1088/1088/1062 1084/1084/1058
f 1084/1084/1058 1088/1088/1062 1089/1089/1063
f 1084/1084/1058 1089/1089/1063 1085/1085/1059
f 1085/1085/1059 1089/1089/1063 1090/1090/1064
f 1085/1085/1059 1090/1090/1064 1086/1086/1060
f 1091/1091/1065 1092/1092/1066 1093/1093/1067
f 1091/1091/1065 1093/1093/1067 1094/1094/1068
f 1095/1095/1069 1096/1096/1070 1092/1092/1066
f 1095/1095/1069 1092/1092/1066 1091/1091/1065
f 1097/1097/1071 1098/1098/1072 1096/1096/1070
f 1097/1097/1071 1096/1096/1070 1095/1095/1069
f 1099/1099/1073 1091/1091/1065 1094/1094/1068
f 1099/1099/1073 1094/1094/1068 1100/1100/1074
f 1101/1101/1075 1095/1095/1069 1091/1091/1065
f 1101/1101/1075 1091/1091/1065 1099/1099/1073
f 1102/1102/1076 1097/1097/1071 1095/1095/1069
f 1102/1102/1076 1095/1095/1069 1101/1101/1075
f 1103/1103/1077 1099/1099/1073 1100/1100/1074
f 1103/1103/1077 1100/1100/1074 1104/1104/1078
f 1105/1105/1079 1101/1101/1075 1099/1099/1073
f 1105/1105/1079 1099/1099/1073 1103/1103/1077
f 1106/1106/1080 1102/1102/1076 1101/1101/1075
f 1106/1106/1080 1101/1101/1075 1105/1105/1079
f 1089/1089/1063 1103/1103/1077 1104/1104/1078
f 1089/1089/1063 1104/1104/1078 1090/1090/1064
f 1088/1088/1062 1105/1105/1079 1103/1103/1077
f 1088/1088/1062 1103/1103/1077 1089/1089/1063
f 1087/1087/1061 1106/1106/1080 1105/1105/1079
f 1087/1087/1061 1105/1105/1079 1088/1088/1062
f 490/490/481 155/155/155 488/488/479
f 1107/1107/1081 1108/1108/1082 1109/1109/1083
f 1107/1107/1081 1109/1109/1083 1110/1110/1084
f 1111/1111/1085 1112/1112/1086 1108/1108/1082
f 1111/1111/1085 1108/1108/1082 1107/1107/1081
f 1113/1113/1087 1114/1114/1088 1115/1115/1089
f 1113/1113/1087 1115/1115/1089 1116/1116/220
f 1116/1116/220 1115/1115/1089 1117/1117/1090
f 1116/1116/220 1117/1117/1090 1118/1118/227
f 1119/1119/1091 1120/1120/1092 1121/1121/1093
f 1119/1119/1091 1121/1121/1093 1122/1122/481
f 1118/1118/227 1117/1117/1090 1120/1120/1092
f 1118/1118/227 1120/1120/1092 1119/1119/1091
f 1110/1110/1084 1109/1109/1083 1123/1123/1088
f 1110/1110/1084 1123/1123/1088 1124/1124/1087
f 1122/1122/481 1121/1121/1093 1125/1125/1094
f 1126/1126/1095 1127/1127/1096 1128/1128/1097
f 1126/1126/1095 1128/1128/1097 1129/1129/1098
f 1130/1130/143 1131/1131/1099 1127/1127/1096
f 1130/1130/143 1127/1127/1096 1126/1126/1095
f 1132/1132/387 1133/1133/1100 1134/1134/1101
f 1132/1132/387 1134/1134/1101 1135/1135/1102
f 1136/1136/1103 1137/1137/1104 1133/1133/1100
f 1136/1136/1103 1133/1133/1100 1132/1132/387
f 1138/1138/1105 1139/1139/1106 1137/1137/1104
f 1138/1138/1105 1137/1137/1104 1136/1136/1103
f 1140/1140/1107 1128/1128/1097 1141/1141/1108
f 1140/1140/1107 1141/1141/1108 1142/1142/1109
f 1129/1129/1098 1128/1128/1097 1140/1140/1107
f 1143/1143/1110 1144/1144/1111 1145/1145/1112
f 1143/1143/1110 1145/1145/1112 1146/1146/1113
f 1146/1146/1113 1145/1145/1112 1131/1131/1099
f 1146/1146/1113 1131/1131/1099 1130/1130/143
f 1142/1142/1109 1141/1141/1108 1147/1147/1106
f 1142/1142/1109 1147/1147/1106 1148/1148/393
f 1127/1127/1096 1149/1149/1114 1150/1150/1115
f 1127/1127/1096 1150/1150/1115 1128/1128/1097
f 1131/1131/1099 1151/1151/1116 1149/1149/1114
f 1131/1131/1099 1149/1149/1114 1127/1127/1096
f 1133/1133/1100 1152/1152/1117 1153/1153/1118
f 1133/1133/1100 1153/1153/1118 1134/1134/1101
f 1137/1137/1104 1154/1154/1119 1152/1152/1117
f 1137/1137/1104 1152/1152/1117 1133/1133/1100
f 1139/1139/1106 1155/1155/1120 1154/1154/1119
f 1139/1139/1106 1154/1154/1119 1137/1137/1104
f 1128/1128/1097 1150/1150/1115 1156/1156/1121
f 1128/1128/1097 1156/1156/1121 1141/1141/1108
f 1144/1144/1111 1157/1157/1122 1158/1158/1123
f 1144/1144/1111 1158/1158/1123 1145/1145/1112
f 1145/1145/1112 1158/1158/1123 1151/1151/1116
f 1145/1145/1112 1151/1151/1116 1131/1131/1099
f 1141/1141/1108 1156/1156/1121 1159/1159/1120
f 1141/1141/1108 1159/1159/1120 1147/1147/1106
f 1149/1149/1114 1160/1160/1124 1161/1161/1125
f 1149/1149/1114 1161/1161/1125 1150/1150/1115
f 1151/1151/1116 1162/1162/1126 1160/1160/1124
f 1151/1151/1116 1160/1160/1124 1149/1149/1114
f 1152/1152/1117 1163/1163/1127 1164/1164/1128
f 1152/1152/1117 1164/1164/1128 1153/1153/1118
f 1154/1154/1119 1165/1165/1129 1163/1163/1127
f 1154/1154/1119 1163/1163/1127 1152/1152/1117
f 1155/1155/1120 1166/1166/1130 1165/1165/1129
f 1155/1155/1120 1165/1165/1129 1154/1154/1119
f 1150/1150/1115 1161/1161/1125 1167/1167/1131
f 1150/1150/1115 1167/1167/1131 1156/1156/1121
f 1157/1157/1122 1168/1168/1132 1169/1169/1133
f 1157/1157/1122 1169/1169/1133 1158/1158/1123
f 1158/1158/1123 1169/1169/1133 1162/1162/1126
f 1158/1158/1123 1162/1162/1126 1151/1151/1116
f 1159/1159/1120 1156/1156/1121 1167/1167/1131
f 1159/1159/1120 1167/1167/1131 1170/1170/1130
f 1166/1166/1130 1171/1171/1134 1172/1172/1135
f 1166/1166/1130 1172/1172/1135 1165/1165/1129
f 1161/1161/1125 1173/1173/1136 1174/1174/1137
f 1161/1161/1125 1174/1174/1137 1167/1167/1131
f 1172/1172/1135 1175/1175/1138 1176/1176/1139
f 1172/1172/1135 1176/1176/1139 1165/1165/1129
f 1161/1161/1125 1177/1177/1140 1178/1178/1141
f 1161/1161/1125 1178/1178/1141 1173/1173/1136
f 1175/1175/1138 1179/1179/1142 1180/1180/1143
f 1175/1175/1138 1180/1180/1143 1176/1176/1139
f 1177/1177/1140 1181/1181/1144 1182/1182/1145
f 1177/1177/1140 1182/1182/1145 1178/1178/1141
f 1179/1179/1142 1183/1183/1146 1184/1184/1147
f 1179/1179/1142 1184/1184/1147 1180/1180/1143
f 1181/1181/1144 1185/1185/1148 1186/1186/1149
f 1181/1181/1144 1186/1186/1149 1182/1182/1145
f 1183/1183/1146 1187/1187/1150 1188/1188/1151
f 1183/1183/1146 1188/1188/1151 1184/1184/1147
f 1185/1185/1148 1189/1189/1152 1190/1190/1153
f 1185/1185/1148 1190/1190/1153 1186/1186/1149
f 1187/1187/1150 1191/1191/1154 1192/1192/1155
f 1187/1187/1150 1192/1192/1155 1188/1188/1151
f 1189/1189/1152 1193/1193/1156 1194/1194/1157
f 1189/1189/1152 1194/1194/1157 1190/1190/1153
f 1191/1191/1154 1195/1195/1158 1196/1196/1159
f 1191/1191/1154 1196/1196/1159 1192/1192/1155
f 1193/1193/1156 1197/1197/1160 1198/1198/1161
f 1193/1193/1156 1198/1198/1161 1194/1194/1157
f 1195/1195/1158 1199/1199/1162 1200/1200/1163
f 1195/1195/1158 1200/1200/1163 1196/1196/1159
f 1197/1197/1160 1201/1201/1164 1202/1202/1165
f 1197/1197/1160 1202/1202/1165 1198/1198/1161
f 1199/1199/1162 1203/1203/1166 1204/1204/1167
f 1199/1199/1162 1204/1204/1167 1200/1200/1163
f 1201/1201/1164 1205/1205/1168 1206/1206/1169
f 1201/1201/1164 1206/1206/1169 1202/1202/1165
f 1120/1120/1092 1207/1207/1170 1208/1208/1171
f 1120/1120/1092 1208/1208/1171 1121/1121/1093
f 1121/1121/1093 1208/1208/1171 1209/1209/1172
f 1121/1121/1093 1209/1209/1172 1125/1125/1094
f 1208/1208/1171 1210/1210/1173 1209/1209/1172
f 1207/1207/1170 1211/1211/1174 1210/1210/1173
f 1207/1207/1170 1210/1210/1173 1208/1208/1171
f 1212/1212/1175 1213/1213/1176 1144/1144/1111
f 1212/1212/1175 1144/1144/1111 1143/1143/1110
f 1125/1125/1094 1209/1209/1172 1213/1213/1176
f 1125/1125/1094 1213/1213/1176 1212/1212/1175
f 1211/1211/1174 1206/1206/1169 1205/1205/1168
f 1211/1211/1174 1205/1205/1168 1210/1210/1173
f 1214/1214/1177 1108/1108/1082 1112/1112/1086
f 1214/1214/1177 1112/1112/1086 1215/1215/1178
f 1203/1203/1166 1214/1214/1177 1215/1215/1178
f 1203/1203/1166 1215/1215/1178 1204/1204/1167
f 1211/1211/1174 1216/1216/1179 1217/1217/1180
f 1211/1211/1174 1217/1217/1180 1206/1206/1169
f 1218/1218/1181 1202/1202/1165 1206/1206/1169
f 1218/1218/1181 1206/1206/1169 1217/1217/1180
f 1202/1202/1165 1218/1218/1181 1219/1219/1182
f 1202/1202/1165 1219/1219/1182 1198/1198/1161
f 1220/1220/1183 1194/1194/1157 1198/1198/1161
f 1220/1220/1183 1198/1198/1161 1219/1219/1182
f 1187/1187/1150 1190/1190/1153 1194/1194/1157
f 1187/1187/1150 1194/1194/1157 1220/1220/1183
f 1183/1183/1146 1186/1186/1149 1190/1190/1153
f 1183/1183/1146 1190/1190/1153 1187/1187/1150
f 1179/1179/1142 1182/1182/1145 1186/1186/1149
f 1179/1179/1142 1186/1186/1149 1183/1183/1146
f 1175/1175/1138 1178/1178/1141 1182/1182/1145
f 1175/1175/1138 1182/1182/1145 1179/1179/1142
f 1172/1172/1135 1173/1173/1136 1178/1178/1141
f 1172/1172/1135 1178/1178/1141 1175/1175/1138
f 1170/1170/1130 1167/1167/1131 1174/1174/1137
f 1170/1170/1130 1174/1174/1137 1171/1171/1134
f 1171/1171/1134 1174/1174/1137 1173/1173/1136
f 1171/1171/1134 1173/1173/1136 1172/1172/1135
f 1210/1210/1173 1221/1221/1184 1213/1213/1176
f 1210/1210/1173 1213/1213/1176 1209/1209/1172
f 1221/1221/1184 1157/1157/1122 1144/1144/1111
f 1221/1221/1184 1144/1144/1111 1213/1213/1176
f 1222/1222/1185 1168/1168/1132 1157/1157/1122
f 1222/1222/1185 1157/1157/1122 1221/1221/1184
f 1205/1205/1168 1222/1222/1185 1221/1221/1184
f 1205/1205/1168 1221/1221/1184 1210/1210/1173
f 1160/1160/1124 1177/1177/1140 1161/1161/1125
f 1223/1223/1186 1201/1201/1164 1197/1197/1160
f 1223/1223/1186 1197/1197/1160 1224/1224/1187
f 1225/1225/1188 1223/1223/1186 1224/1224/1187
f 1225/1225/1188 1224/1224/1187 1226/1226/1189
f 1226/1226/1189 1227/1227/1190 1228/1228/1191
f 1226/1226/1189 1228/1228/1191 1225/1225/1188
f 1205/1205/1168 1201/1201/1164 1223/1223/1186
f 1205/1205/1168 1223/1223/1186 1222/1222/1185
f 1222/1222/1185 1223/1223/1186 1225/1225/1188
f 1222/1222/1185 1225/1225/1188 1168/1168/1132
f 1168/1168/1132 1225/1225/1188 1228/1228/1191
f 1168/1168/1132 1228/1228/1191 1169/1169/1133
f 1197/1197/1160 1193/1193/1156 1189/1189/1152
f 1197/1197/1160 1189/1189/1152 1224/1224/1187
f 1224/1224/1187 1189/1189/1152 1185/1185/1148
f 1224/1224/1187 1185/1185/1148 1226/1226/1189
f 1227/1227/1190 1181/1181/1144 1229/1229/1192
f 1227/1227/1190 1229/1229/1192 1228/1228/1191
f 1185/1185/1148 1181/1181/1144 1227/1227/1190
f 1185/1185/1148 1227/1227/1190 1226/1226/1189
f 1162/1162/1126 1169/1169/1133 1228/1228/1191
f 1162/1162/1126 1228/1228/1191 1229/1229/1192
f 1160/1160/1124 1162/1162/1126 1229/1229/1192
f 1160/1160/1124 1229/1229/1192 1177/1177/1140
f 1181/1181/1144 1177/1177/1140 1229/1229/1192
f 1111/1111/1085 1135/1135/1102 1134/1134/1101
f 1111/1111/1085 1134/1134/1101 1112/1112/1086
f 1165/1165/1129 1176/1176/1139 1163/1163/1127
f 1180/1180/1143 1163/1163/1127 1176/1176/1139
f 1184/1184/1147 1230/1230/1193 1180/1180/1143
f 1164/1164/1128 1204/1204/1167 1215/1215/1178
f 1164/1164/1128 1215/1215/1178 1153/1153/1118
f 1153/1153/1118 1215/1215/1178 1112/1112/1086
f 1153/1153/1118 1112/1112/1086 1134/1134/1101
f 1184/1184/1147 1196/1196/1159 1200/1200/1163
f 1184/1184/1147 1200/1200/1163 1230/1230/1193
f 1184/1184/1147 1188/1188/1151 1192/1192/1155
f 1184/1184/1147 1192/1192/1155 1196/1196/1159
f 1230/1230/1193 1164/1164/1128 1163/1163/1127
f 1230/1230/1193 1163/1163/1127 1180/1180/1143
f 1200/1200/1163 1204/1204/1167 1164/1164/1128
f 1200/1200/1163 1164/1164/1128 1230/1230/1193
f 1115/1115/1089 1211/1211/1174 1207/1207/1170
f 1115/1115/1089 1207/1207/1170 1117/1117/1090
f 1120/1120/1092 1117/1117/1090 1207/1207/1170
f 1214/1214/1177 1109/1109/1083 1108/1108/1082
f 1214/1214/1177 1123/1123/1088 1109/1109/1083
f 1115/1115/1089 1114/1114/1088 1216/1216/1179
f 1115/1115/1089 1216/1216/1179 1211/1211/1174
f 124/124/124 896/896/872 895/895/871
f 124/124/124 895/895/871 125/125/125
f 124/124/124 120/120/120 119/119/119
f 124/124/124 119/119/119 896/896/872
f 123/123/123 121/121/121 120/120/120
f 123/123/123 120/120/120 124/124/124
f 1231/1231/1194 1232/1232/1195 1233/1233/1196
f 1231/1231/1194 1234/1234/1197 1232/1232/1195
f 1234/1234/1197 1235/1235/1198 1232/1232/1195
f 1235/1235/1198 1236/1236/1199 1232/1232/1195
f 1236/1236/1199 1237/1237/1200 1232/1232/1195
f 1238/1238/1201 1239/1239/1202 1232/1232/1195
f 1239/1239/1202 1240/1240/1203 1232/1232/1195
f 1240/1240/1203 1241/1241/1204 1232/1232/1195
f 1241/1241/1204 1242/1242/1205 1232/1232/1195
f 1242/1242/1205 1243/1243/1206 1232/1232/1195
f 1243/1243/1206 1244/1244/1207 1232/1232/1195
f 1232/1232/1195 1244/1244/1207 1233/1233/1196
f 1245/1245/1208 1233/1233/1196 1244/1244/1207
f 1245/1245/1208 1244/1244/1207 1246/1246/1209
f 1245/1245/1208 1247/1247/1210 1231/1231/1194
f 1245/1245/1208 1231/1231/1194 1233/1233/1196
f 1247/1247/1210 1248/1248/1211 1234/1234/1197
f 1247/1247/1210 1234/1234/1197 1231/1231/1194
f 1248/1248/1211 1249/1249/1212 1235/1235/1198
f 1248/1248/1211 1235/1235/1198 1234/1234/1197
f 1249/1249/1212 1250/1250/1213 1236/1236/1199
f 1249/1249/1212 1236/1236/1199 1235/1235/1198
f 1250/1250/1213 1251/1251/1214 1237/1237/1200
f 1250/1250/1213 1237/1237/1200 1236/1236/1199
f 1252/1252/1215 1253/1253/1216 1239/1239/1202
f 1252/1252/1215 1239/1239/1202 1238/1238/1201
f 1253/1253/1216 1254/1254/1217 1240/1240/1203
f 1253/1253/1216 1240/1240/1203 1239/1239/1202
f 1254/1254/1217 1255/1255/1218 1241/1241/1204
f 1254/1254/1217 1241/1241/1204 1240/1240/1203
f 1255/1255/1218 1256/1256/1219 1242/1242/1205
f 1255/1255/1218 1242/1242/1205 1241/1241/1204
f 1256/1256/1219 1257/1257/1220 1243/1243/1206
f 1256/1256/1219 1243/1243/1206 1242/1242/1205
f 1244/1244/1207 1243/1243/1206 1257/1257/1220
f 1244/1244/1207 1257/1257/1220 1246/1246/1209
f 1258/1258/1221 1246/1246/1209 1257/1257/1220
f 1258/1258/1221 1257/1257/1220 1259/1259/1222
f 1258/1258/1221 1260/1260/1223 1245/1245/1208
f 1258/1258/1221 1245/1245/1208 1246/1246/1209
f 1260/1260/1223 1261/1261/1224 1247/1247/1210
f 1260/1260/1223 1247/1247/1210 1245/1245/1208
f 1261/1261/1224 1262/1262/1225 1248/1248/1211
f 1261/1261/1224 1248/1248/1211 1247/1247/1210
f 1262/1262/1225 1263/1263/1226 1249/1249/1212
f 1262/1262/1225 1249/1249/1212 1248/1248/1211
f 1263/1263/1226 1264/1264/1227 1250/1250/1213
f 1263/1263/1226 1250/1250/1213 1249/1249/1212
f 1264/1264/1227 1265/1265/1228 1251/1251/1214
f 1264/1264/1227 1251/1251/1214 1250/1250/1213
f 1266/1266/1229 1267/1267/1230 1253/1253/1216
f 1266/1266/1229 1253/1253/1216 1252/1252/1215
f 1267/1267/1230 1268/1268/1231 1254/1254/1217
f 1267/1267/1230 1254/1254/1217 1253/1253/1216
f 1268/1268/1231 1269/1269/1232 1255/1255/1218
f 1268/1268/1231 1255/1255/1218 1254/1254/1217
f 1269/1269/1232 1270/1270/1233 1256/1256/1219
f 1269/1269/1232 1256/1256/1219 1255/1255/1218
f 1257/1257/1220 1256/1256/1219 1270/1270/1233
f 1257/1257/1220 1270/1270/1233 1259/1259/1222
f 1271/1271/1234 1259/1259/1222 1270/1270/1233
f 1271/1271/1234 1270/1270/1233 1272/1272/1235
f 1271/1271/1234 1273/1273/1236 1258/1258/1221
f 1271/1271/1234 1258/1258/1221 1259/1259/1222
f 1273/1273/1236 1274/1274/1237 1260/1260/1223
f 1273/1273/1236 1260/1260/1223 1258/1258/1221
f 1274/1274/1237 1275/1275/1238 1261/1261/1224
f 1274/1274/1237 1261/1261/1224 1260/1260/1223
f 1275/1275/1238 1276/1276/1239 1262/1262/1225
f 1275/1275/1238 1262/1262/1225 1261/1261/1224
f 1276/1276/1239 1277/1277/1240 1263/1263/1226
f 1276/1276/1239 1263/1263/1226 1262/1262/1225
f 1277/1277/1240 1278/1278/1241 1264/1264/1227
f 1277/1277/1240 1264/1264/1227 1263/1263/1226
f 1278/1278/1241 1279/1279/1242 1265/1265/1228
f 1278/1278/1241 1265/1265/1228 1264/1264/1227
f 1280/1280/1242 1281/1281/1243 1267/1267/1230
f 1280/1280/1242 1267/1267/1230 1266/1266/1229
f 1281/1281/1243 1282/1282/1244 1268/1268/1231
f 1281/1281/1243 1268/1268/1231 1267/1267/1230
f 1282/1282/1244 1283/1283/1245 1269/1269/1232
f 1282/1282/1244 1269/1269/1232 1268/1268/1231
f 1270/1270/1233 1269/1269/1232 1283/1283/1245
f 1270/1270/1233 1283/1283/1245 1272/1272/1235
f 1284/1284/1246 1272/1272/1235 1283/1283/1245
f 1284/1284/1246 1283/1283/1245 1285/1285/1247
f 1284/1284/1246 1286/1286/1248 1271/1271/1234
f 1284/1284/1246 1271/1271/1234 1272/1272/1235
f 1286/1286/1248 1287/1287/1249 1273/1273/1236
f 1286/1286/1248 1273/1273/1236 1271/1271/1234
f 1287/1287/1249 1288/1288/1250 1274/1274/1237
f 1287/1287/1249 1274/1274/1237 1273/1273/1236
f 1288/1288/1250 1289/1289/1251 1275/1275/1238
f 1288/1288/1250 1275/1275/1238 1274/1274/1237
f 1289/1289/1251 1290/1290/1252 1276/1276/1239
f 1289/1289/1251 1276/1276/1239 1275/1275/1238
f 1290/1290/1252 1291/1291/1253 1277/1277/1240
f 1290/1290/1252 1277/1277/1240 1276/1276/1239
f 1291/1291/1253 1292/1292/1254 1278/1278/1241
f 1291/1291/1253 1278/1278/1241 1277/1277/1240
f 1292/1292/1254 1293/1293/1255 1279/1279/1242
f 1292/1292/1254 1279/1279/1242 1278/1278/1241
f 1294/1294/1256 1295/1295/1257 1281/1281/1243
f 1294/1294/1256 1281/1281/1243 1280/1280/1242
f 1295/1295/1257 1296/1296/1258 1282/1282/1244
f 1295/1295/1257 1282/1282/1244 1281/1281/1243
f 1283/1283/1245 1282/1282/1244 1296/1296/1258
f 1283/1283/1245 1296/1296/1258 1285/1285/1247
f 1297/1297/1259 1285/1285/1247 1296/1296/1258
f 1297/1297/1259 1296/1296/1258 1298/1298/1260
f 1297/1297/1259 1299/1299/1261 1284/1284/1246
f 1297/1297/1259 1284/1284/1246 1285/1285/1247
f 1299/1299/1261 1300/1300/1262 1286/1286/1248
f 1299/1299/1261 1286/1286/1248 1284/1284/1246
f 1300/1300/1262 1301/1301/1263 1287/1287/1249
f 1300/1300/1262 1287/1287/1249 1286/1286/1248
f 1301/1301/1263 1302/1302/1264 1288/1288/1250
f 1301/1301/1263 1288/1288/1250 1287/1287/1249
f 1302/1302/1264 1303/1303/1265 1289/1289/1251
f 1302/1302/1264 1289/1289/1251 1288/1288/1250
f 1303/1303/1265 1304/1304/1266 1290/1290/1252
f 1303/1303/1265 1290/1290/1252 1289/1289/1251
f 1304/1304/1266 1305/1305/1267 1291/1291/1253
f 1304/1304/1266 1291/1291/1253 1290/1290/1252
f 1305/1305/1267 1306/1306/1268 1292/1292/1254
f 1305/1305/1267 1292/1292/1254 1291/1291/1253
f 1306/1306/1268 1307/1307/1269 1293/1293/1255
f 1306/1306/1268 1293/1293/1255 1292/1292/1254
f 1308/1308/1269 1309/1309/1270 1295/1295/1257
f 1308/1308/1269 1295/1295/1257 1294/1294/1256
f 1296/1296/1258 1295/1295/1257 1309/1309/1270
f 1296/1296/1258 1309/1309/1270 1298/1298/1260
f 1310/1310/1271 1298/1298/1260 1309/1309/1270
f 1310/1310/1271 1309/1309/1270 1311/1311/1272
f 1310/1310/1271 1312/1312/1273 1297/1297/1259
f 1310/1310/1271 1297/1297/1259 1298/1298/1260
f 1312/1312/1273 1313/1313/1274 1299/1299/1261
f 1312/1312/1273 1299/1299/1261 1297/1297/1259
f 1313/1313/1274 1314/1314/1275 1300/1300/1262
f 1313/1313/1274 1300/1300/1262 1299/1299/1261
f 1314/1314/1275 1315/1315/1276 1301/1301/1263
f 1314/1314/1275 1301/1301/1263 1300/1300/1262
f 1315/1315/1276 1316/1316/1277 1302/1302/1264
f 1315/1315/1276 1302/1302/1264 1301/1301/1263
f 1316/1316/1277 1317/1317/1278 1303/1303/1265
f 1316/1316/1277 1303/1303/1265 1302/1302/1264
f 1317/1317/1278 1318/1318/1279 1304/1304/1266
f 1317/1317/1278 1304/1304/1266 1303/1303/1265
f 1318/1318/1279 1319/1319/1280 1305/1305/1267
f 1318/1318/1279 1305/1305/1267 1304/1304/1266
f 1319/1319/1280 1320/1320/1281 1306/1306/1268
f 1319/1319/1280 1306/1306/1268 1305/1305/1267
f 1320/1320/1281 1321/1321/1282 1307/1307/1269
f 1320/1320/1281 1307/1307/1269 1306/1306/1268
f 1309/1309/1270 1308/1308/1269 1322/1322/1283
f 1309/1309/1270 1322/1322/1283 1311/1311/1272
f 1323/1323/1284 1311/1311/1272 1322/1322/1283
f 1323/1323/1284 1322/1322/1283 1324/1324/1285
f 1323/1323/1284 1325/1325/1286 1310/1310/1271
f 1323/1323/1284 1310/1310/1271 1311/1311/1272
f 1325/1325/1286 1326/1326/1287 1312/1312/1273
f 1325/1325/1286 1312/1312/1273 1310/1310/1271
f 1326/1326/1287 1327/1327/1288 1313/1313/1274
f 1326/1326/1287 1313/1313/1274 1312/1312/1273
f 1327/1327/1288 1328/1328/1289 1314/1314/1275
f 1327/1327/1288 1314/1314/1275 1313/1313/1274
f 1328/1328/1289 1329/1329/1290 1315/1315/1276
f 1328/1328/1289 1315/1315/1276 1314/1314/1275
f 1329/1329/1290 1330/1330/1291 1316/1316/1277
f 1329/1329/1290 1316/1316/1277 1315/1315/1276
f 1330/1330/1291 1331/1331/1292 1317/1317/1278
f 1330/1330/1291 1317/1317/1278 1316/1316/1277
f 1331/1331/1292 1332/1332/1293 1318/1318/1279
f 1331/1331/1292 1318/1318/1279 1317/1317/1278
f 1332/1332/1293 1333/1333/1294 1319/1319/1280
f 1332/1332/1293 1319/1319/1280 1318/1318/1279
f 1333/1333/1294 1334/1334/1295 1320/1320/1281
f 1333/1333/1294 1320/1320/1281 1319/1319/1280
f 1321/1321/1282 1320/1320/1281 1334/1334/1295
f 1321/1321/1282 1334/1334/1295 1335/1335/1296
f 1336/1336/1297 1335/1335/1296 1334/1334/1295
f 1336/1336/1297 1334/1334/1295 1337/1337/1298
f 1338/1338/1299 1339/1339/1300 1323/1323/1284
f 1338/1338/1299 1323/1323/1284 1324/1324/1285
f 1339/1339/1300 1340/1340/1301 1325/1325/1286
f 1339/1339/1300 1325/1325/1286 1323/1323/1284
f 1340/1340/1301 1341/1341/1302 1326/1326/1287
f 1340/1340/1301 1326/1326/1287 1325/1325/1286
f 1341/1341/1302 1342/1342/1303 1327/1327/1288
f 1341/1341/1302 1327/1327/1288 1326/1326/1287
f 1342/1342/1303 1343/1343/1304 1328/1328/1289
f 1342/1342/1303 1328/1328/1289 1327/1327/1288
f 1343/1343/1304 1344/1344/1305 1329/1329/1290
f 1343/1343/1304 1329/1329/1290 1328/1328/1289
f 1344/1344/1305 1345/1345/1306 1330/1330/1291
f 1344/1344/1305 1330/1330/1291 1329/1329/1290
f 1345/1345/1306 1346/1346/1307 1331/1331/1292
f 1345/1345/1306 1331/1331/1292 1330/1330/1291
f 1346/1346/1307 1347/1347/1308 1332/1332/1293
f 1346/1346/1307 1332/1332/1293 1331/1331/1292
f 1347/1347/1308 1348/1348/1309 1333/1333/1294
f 1347/1347/1308 1333/1333/1294 1332/1332/1293
f 1334/1334/1295 1333/1333/1294 1348/1348/1309
f 1334/1334/1295 1348/1348/1309 1337/1337/1298
f 1349/1349/1310 1337/1337/1298 1348/1348/1309
f 1349/1349/1310 1348/1348/1309 1350/1350/1311
f 1349/1349/1310 1351/1351/1312 1336/1336/1297
f 1349/1349/1310 1336/1336/1297 1337/1337/1298
f 1352/1352/1313 1353/1353/1314 1339/1339/1300
f 1352/1352/1313 1339/1339/1300 1338/1338/1299
f 1353/1353/1314 1354/1354/1315 1340/1340/1301
f 1353/1353/1314 1340/1340/1301 1339/1339/1300
f 1354/1354/1315 1355/1355/1316 1341/1341/1302
f 1354/1354/1315 1341/1341/1302 1340/1340/1301
f 1355/1355/1316 1356/1356/1317 1342/1342/1303
f 1355/1355/1316 1342/1342/1303 1341/1341/1302
f 1356/1356/1317 1357/1357/1318 1343/1343/1304
f 1356/1356/1317 1343/1343/1304 1342/1342/1303
f 1357/1357/1318 1358/1358/1319 1344/1344/1305
f 1357/1357/1318 1344/1344/1305 1343/1343/1304
f 1358/1358/1319 1359/1359/1320 1345/1345/1306
f 1358/1358/1319 1345/1345/1306 1344/1344/1305
f 1359/1359/1320 1360/1360/1321 1346/1346/1307
f 1359/1359/1320 1346/1346/1307 1345/1345/1306
f 1360/1360/1321 1361/1361/1322 1347/1347/1308
f 1360/1360/1321 1347/1347/1308 1346/1346/1307
f 1348/1348/1309 1347/1347/1308 1361/1361/1322
f 1348/1348/1309 1361/1361/1322 1350/1350/1311
f 1362/1362/1323 1350/1350/1311 1361/1361/1322
f 1362/1362/1323 1361/1361/1322 1363/1363/1324
f 1362/1362/1323 1364/1364/1325 1349/1349/1310
f 1362/1362/1323 1349/1349/1310 1350/1350/1311
f 1364/1364/1325 1365/1365/1326 1351/1351/1312
f 1364/1364/1325 1351/1351/1312 1349/1349/1310
f 1366/1366/1327 1367/1367/1328 1353/1353/1314
f 1366/1366/1327 1353/1353/1314 1352/1352/1313
f 1367/1367/1328 1368/1368/1329 1354/1354/1315
f 1367/1367/1328 1354/1354/1315 1353/1353/1314
f 1368/1368/1329 1369/1369/1330 1355/1355/1316
f 1368/1368/1329 1355/1355/1316 1354/1354/1315
f 1369/1369/1330 1370/1370/1331 1356/1356/1317
f 1369/1369/1330 1356/1356/1317 1355/1355/1316
f 1370/1370/1331 1371/1371/1332 1357/1357/1318
f 1370/1370/1331 1357/1357/1318 1356/1356/1317
f 1371/1371/1332 1372/1372/1333 1358/1358/1319
f 1371/1371/1332 1358/1358/1319 1357/1357/1318
f 1372/1372/1333 1373/1373/1334 1359/1359/1320
f 1372/1372/1333 1359/1359/1320 1358/1358/1319
f 1373/1373/1334 1374/1374/1335 1360/1360/1321
f 1373/1373/1334 1360/1360/1321 1359/1359/1320
f 1361/1361/1322 1360/1360/1321 1374/1374/1335
f 1361/1361/1322 1374/1374/1335 1363/1363/1324
f 1375/1375/1336 1363/1363/1324 1374/1374/1335
f 1375/1375/1336 1374/1374/1335 1376/1376/1337
f 1375/1375/1336 1377/1377/1338 1362/1362/1323
f 1375/1375/1336 1362/1362/1323 1363/1363/1324
f 1377/1377/1338 1378/1378/1339 1364/1364/1325
f 1377/1377/1338 1364/1364/1325 1362/1362/1323
f 1378/1378/1339 1379/1379/1340 1365/1365/1326
f 1378/1378/1339 1365/1365/1326 1364/1364/1325
f 1380/1380/1341 1381/1381/1342 1367/1367/1328
f 1380/1380/1341 1367/1367/1328 1366/1366/1327
f 1381/1381/1342 1382/1382/1343 1368/1368/1329
f 1381/1381/1342 1368/1368/1329 1367/1367/1328
f 1382/1382/1343 1383/1383/1344 1369/1369/1330
f 1382/1382/1343 1369/1369/1330 1368/1368/1329
f 1383/1383/1344 1384/1384/1345 1370/1370/1331
f 1383/1383/1344 1370/1370/1331 1369/1369/1330
f 1384/1384/1345 1385/1385/1346 1371/1371/1332
f 1384/1384/1345 1371/1371/1332 1370/1370/1331
f 1385/1385/1346 1386/1386/1347 1372/1372/1333
f 1385/1385/1346 1372/1372/1333 1371/1371/1332
f 1386/1386/1347 1387/1387/1348 1373/1373/1334
f 1386/1386/1347 1373/1373/1334 1372/1372/1333
f 1374/1374/1335 1373/1373/1334 1387/1387/1348
f 1374/1374/1335 1387/1387/1348 1376/1376/1337
f 1388/1/1349 1389/4/1350 1390/3/1351
f 1388/1/1349 1390/3/1351 1391/2/1352
f 1388/1/1349 1391/2/1352 1392/6/1353
f 1388/1/1349 1392/6/1353 1393/5/1354
f 1388/1/1349 1394/8/1355 1395/7/1356
f 1388/1/1349 1395/7/1356 1389/4/1350
f 1388/1/1349 1396/10/1357 1397/9/1358
f 1388/1/1349 1397/9/1358 1394/8/1355
f 1388/1/1349 1393/5/1354 1398/11/1359
f 1388/1/1349 1398/11/1359 1396/10/1357
f 1399/12/1360 1400/15/1361 1401/14/1362
f 1399/12/1360 1401/14/1362 1402/13/1363
f 1399/12/1360 1402/13/1363 1403/17/1364
f 1399/12/1360 1403/17/1364 1404/16/1365
f 1399/12/1360 1405/20/1366 19/19/19
f 1399/12/1360 19/19/19 18/18/18
f 1399/12/1360 1404/16/1365 1406/21/1367
f 1399/12/1360 1406/21/1367 1405/20/1366
f 1399/12/1360 18/18/18 22/22/22
f 1399/12/1360 22/22/22 1400/15/1361
f 1407/23/1368 1408/26/1369 1409/25/1370
f 1407/23/1368 1409/25/1370 1410/24/1371
f 1407/23/1368 1410/24/1371 1411/28/1372
f 1407/23/1368 1411/28/1372 1412/27/1373
f 1407/23/1368 1413/30/1374 1414/29/1375
f 1407/23/1368 1414/29/1375 1408/26/1369
f 1407/23/1368 1412/27/1373 1415/32/1376
f 1407/23/1368 1415/32/1376 1416/31/1377
f 1407/23/1368 1416/31/1377 1417/33/1378
f 1407/23/1368 1417/33/1378 1413/30/1374
f 1418/34/1379 1419/37/1380 1420/36/1381
f 1418/34/1379 1420/36/1381 1421/35/1382
f 1418/34/1379 1421/35/1382 1422/39/1383
f 1418/34/1379 1422/39/1383 1423/38/1384
f 1419/37/1380 1418/34/1379 1424/41/1385
f 1419/37/1380 1424/41/1385 1425/40/1386
f 1418/34/1379 1423/38/1384 1426/43/1387
f 1418/34/1379 1426/43/1387 1427/42/1388
f 1418/34/1379 1427/42/1388 1428/44/1389
f 1418/34/1379 1428/44/1389 1424/41/1385
f 1423/38/1384 1422/39/1383 1429/46/1390
f 1423/38/1384 1429/46/1390 1430/45/1391
f 1423/38/1384 1431/48/1392 1432/47/1393
f 1423/38/1384 1432/47/1393 1426/43/1387
f 1423/38/1384 1430/45/1391 1433/49/1394
f 1423/38/1384 1433/49/1394 1431/48/1392
f 1434/50/1395 1435/53/1396 1436/52/1397
f 1434/50/1395 1436/52/1397 1437/51/1398
f 1434/50/1395 1437/51/1398 1438/55/1399
f 1434/50/1395 1438/55/1399 1439/54/1400
f 1434/50/1395 1440/57/1401 1441/56/1402
f 1434/50/1395 1441/56/1402 1435/53/1396
f 1436/52/1397 1442/59/1403 1443/58/1404
f 1436/52/1397 1443/58/1404 1437/51/1398
f 1436/52/1397 1444/61/1405 1445/60/1406
f 1436/52/1397 1445/60/1406 1442/59/1403
f 1436/52/1397 1435/53/1396 1446/63/1407
f 1436/52/1397 1446/63/1407 1447/62/1408
f 1436/52/1397 1447/62/1408 1448/64/1409
f 1436/52/1397 1448/64/1409 1444/61/1405
f 1449/65/1410 1450/68/1411 1451/67/1412
f 1449/65/1410 1451/67/1412 1452/66/1413
f 1449/65/1410 1453/71/1414 1454/70/1415
f 1449/65/1410 1454/70/1415 1455/69/1416
f 1449/65/1410 1455/69/1416 1456/72/1417
f 1449/65/1410 1456/72/1417 1450/68/1411
f 1449/65/1410 1457/74/1418 1458/73/1419
f 1449/65/1410 1458/73/1419 1453/71/1414
f 1449/65/1410 1452/66/1413 1459/75/1420
f 1449/65/1410 1459/75/1420 1457/74/1418
f 1460/76/1421 1461/79/1422 1462/78/1423
f 1460/76/1421 1462/78/1423 1463/77/1424
f 1460/76/1421 1464/81/1425 1465/80/1426
f 1460/76/1421 1465/80/1426 1461/79/1422
f 1460/76/1421 1466/83/1427 1467/82/1428
f 1460/76/1421 1467/82/1428 1464/81/1425
f 1460/76/1421 1468/84/1429 1445/60/1406
f 1460/76/1421 1445/60/1406 1466/83/1427
f 1460/76/1421 1463/77/1424 1469/85/1430
f 1460/76/1421 1469/85/1430 1468/84/1429
f 1470/86/1431 1471/89/1432 1472/88/1433
f 1470/86/1431 1472/88/1433 1473/87/1434
f 1470/86/1431 1474/91/1435 1475/90/1436
f 1470/86/1431 1475/90/1436 1471/89/1432
f 1470/86/1431 1476/94/1437 1477/93/1438
f 1470/86/1431 1477/93/1438 1478/92/1439
f 1470/86/1431 1478/92/1439 1479/95/1440
f 1470/86/1431 1479/95/1440 1474/91/1435
f 1470/86/1431 1473/87/1434 1480/96/1441
f 1470/86/1431 1480/96/1441 1476/94/1437
f 1481/97/1442 1482/100/1443 1483/99/1444
f 1481/97/1442 1483/99/1444 1484/98/1445
f 1485/101/1446 1481/97/1442 1484/98/1445
f 1485/101/1446 1484/98/1445 1486/102/1447
f 1481/97/1442 1485/101/1446 1487/103/1448
f 1481/97/1442 1487/103/1448 1482/100/1443
f 1488/104/1449 1489/107/1450 1490/106/1451
f 1488/104/1449 1490/106/1451 1491/105/1452
f 1488/104/1449 1492/109/1453 1493/108/1454
f 1488/104/1449 1493/108/1454 1489/107/1450
f 1488/104/1449 1491/105/1452 1494/110/1455
f 1488/104/1449 1494/110/1455 1492/109/1453
f 1495/111/1456 1496/114/1457 1497/113/1458
f 1495/111/1456 1497/113/1458 1498/112/1459
f 1495/111/1456 1498/112/1459 1499/116/1460
f 1495/111/1456 1499/116/1460 1500/115/1461
f 1495/111/1456 1501/118/1462 1502/117/1463
f 1495/111/1456 1502/117/1463 1496/114/1457
f 1495/111/1456 1503/120/1464 1504/119/1465
f 1495/111/1456 1504/119/1465 1501/118/1462
f 1495/111/1456 1500/115/1461 1505/121/1466
f 1495/111/1456 1505/121/1466 1503/120/1464
f 1477/93/1438 1506/124/1467 1507/123/1468
f 1477/93/1438 1507/123/1468 1508/122/1469
f 1477/93/1438 1476/94/1437 1509/126/1470
f 1477/93/1438 1509/126/1470 1510/125/1471
f 1509/126/1470 1511/129/1472 1512/128/1473
f 1509/126/1470 1512/128/1473 1513/127/1474
f 1514/130/1475 1515/133/1476 1516/132/1477
f 1514/130/1475 1516/132/1477 1517/131/1478
f 1514/130/1475 1518/136/1479 1519/135/1480
f 1514/130/1475 1519/135/1480 1520/134/1481
f 1514/130/1475 1517/131/1478 1521/137/1482
f 1514/130/1475 1521/137/1482 1518/136/1479
f 1494/110/1455 1505/121/1466 1500/115/1461
f 1494/110/1455 1500/115/1461 1492/109/1453
f 1494/110/1455 1491/105/1452 1508/122/1469
f 1494/110/1455 1508/122/1469 1507/123/1468
f 1522/138/1483 1523/141/1484 1524/140/1485
f 1522/138/1483 1524/140/1485 1525/139/1486
f 1522/138/1483 1525/139/1486 1526/143/1487
f 1522/138/1483 1526/143/1487 1527/142/1488
f 1522/138/1483 1527/142/1488 1528/145/1489
f 1522/138/1483 1528/145/1489 1529/144/1490
f 1522/138/1483 1530/147/1491 1531/146/1492
f 1522/138/1483 1531/146/1492 1523/141/1484
f 1522/138/1483 1529/144/1490 1532/148/1493
f 1522/138/1483 1532/148/1493 1530/147/1491
f 1533/149/1494 1534/152/1495 1535/151/1496
f 1533/149/1494 1535/151/1496 1536/150/1497
f 1533/149/1494 1537/154/1498 1538/153/1499
f 1533/149/1494 1538/153/1499 1534/152/1495
f 1533/149/1494 1536/150/1497 1539/155/1500
f 1533/149/1494 1539/155/1500 1537/154/1498
f 1540/156/1501 1541/159/1502 1542/158/1503
f 1540/156/1501 1542/158/1503 1543/157/1504
f 1544/160/1505 1545/163/1506 1546/162/1507
f 1544/160/1505 1546/162/1507 1547/161/1508
f 1544/160/1505 1547/161/1508 1548/165/1509
f 1544/160/1505 1548/165/1509 1549/164/1510
f 1544/160/1505 1549/164/1510 1550/166/1511
f 1544/160/1505 1550/166/1511 1545/163/1506
f 1551/167/1512 1552/169/1513 1553/168/1514
f 1551/167/1512 1553/168/1514 1531/146/1492
f 1551/167/1512 1554/172/1515 1555/171/1516
f 1551/167/1512 1555/171/1516 1556/170/1517
f 1551/167/1512 1531/146/1492 1530/147/1491
f 1551/167/1512 1530/147/1491 1554/172/1515
f 173/173/173 1557/176/1518 1558/175/1519
f 173/173/173 1558/175/1519 174/174/174
f 1559/177/1520 1560/180/1521 1561/179/1522
f 1559/177/1520 1561/179/1522 1562/178/1523
f 1559/177/1520 1562/178/1523 1563/182/1524
f 1559/177/1520 1563/182/1524 1564/181/1525
f 1401/14/1362 1565/184/1526 1566/183/1527
f 1401/14/1362 1566/183/1527 1402/13/1363
f 1428/44/1389 1567/187/1528 1568/186/1529
f 1428/44/1389 1568/186/1529 1569/185/1530
f 1428/44/1389 1569/185/1530 1570/188/1531
f 1428/44/1389 1570/188/1531 1424/41/1385
f 1554/172/1515 1571/191/1532 1572/190/1533
f 1554/172/1515 1572/190/1533 1573/189/1534
f 1554/172/1515 1573/189/1534 1574/192/1535
f 1554/172/1515 1574/192/1535 1555/171/1516
f 1575/193/1536 1576/196/1537 1577/195/1538
f 1575/193/1536 1577/195/1538 1578/194/1539
f 1579/197/1536 1580/200/1540 1581/199/1541
f 1579/197/1536 1581/199/1541 1582/198/1542
f 1575/193/1536 1578/194/1539 1583/202/1543
f 1575/193/1536 1583/202/1543 1584/201/1544
f 1585/203/1545 1586/206/1546 1587/205/1547
f 1585/203/1545 1587/205/1547 1588/204/1548
f 1589/207/1549 1590/210/1550 1591/209/1551
f 1589/207/1549 1591/209/1551 1592/208/1546
f 1589/207/1549 1593/212/1548 1594/211/1552
f 1589/207/1549 1594/211/1552 1590/210/1550
f 1595/213/1553 1596/216/1554 1597/215/1555
f 1595/213/1553 1597/215/1555 1598/214/1556
f 1595/213/1553 1598/214/1556 1599/218/1557
f 1595/213/1553 1599/218/1557 1600/217/1558
f 1595/213/1553 1600/217/1558 1601/219/1559
f 1595/213/1553 1601/219/1559 1596/216/1554
f 1602/220/1560 1603/223/1561 1604/222/1562
f 1602/220/1560 1604/222/1562 1605/221/1563
f 1602/220/1560 1605/221/1563 1606/225/1564
f 1602/220/1560 1606/225/1564 1607/224/1565
f 1602/220/1560 1607/224/1565 1608/227/1566
f 1602/220/1560 1608/227/1566 1609/226/1567
f 1602/220/1560 1609/226/1567 1610/229/1568
f 1602/220/1560 1610/229/1568 1611/228/1569
f 1602/220/1560 1611/228/1569 1612/230/1570
f 1602/220/1560 1612/230/1570 1603/223/1561
f 1613/231/1571 1478/92/1439 1477/93/1438
f 1613/231/1571 1477/93/1438 1508/122/1469
f 1613/231/1571 1490/106/1451 1479/95/1440
f 1613/231/1571 1479/95/1440 1478/92/1439
f 1613/231/1571 1508/122/1469 1491/105/1452
f 1613/231/1571 1491/105/1452 1490/106/1451
f 1614/232/1572 1615/235/1573 1616/234/1574
f 1614/232/1572 1616/234/1574 1617/233/1575
f 1614/232/1572 1617/233/1575 1618/237/1576
f 1614/232/1572 1618/237/1576 1619/236/1577
f 1614/232/1572 1619/236/1577 1620/238/1578
f 1614/232/1572 1620/238/1578 1615/235/1573
f 1621/239/1579 1622/242/1580 1623/241/1581
f 1621/239/1579 1623/241/1581 1624/240/1582
f 1621/239/1579 1625/244/1583 1626/243/1584
f 1621/239/1579 1626/243/1584 1622/242/1580
f 1621/239/1579 1624/240/1582 1627/245/1585
f 1621/239/1579 1627/245/1585 1625/244/1583
f 1628/246/1586 1629/249/1587 1630/248/1588
f 1628/246/1586 1630/248/1588 1631/247/1589
f 1628/246/1586 1632/251/1590 1633/250/1591
f 1628/246/1586 1633/250/1591 1629/249/1587
f 1628/246/1586 1631/247/1589 1634/252/1592
f 1628/246/1586 1634/252/1592 1632/251/1590
f 1635/253/1593 1636/256/1594 1637/255/1595
f 1635/253/1593 1637/255/1595 1638/254/1596
f 1635/253/1593 1639/258/1597 1640/257/1598
f 1635/253/1593 1640/257/1598 1636/256/1594
f 1635/253/1593 1638/254/1596 1641/259/1599
f 1635/253/1593 1641/259/1599 1639/258/1597
f 1619/236/1577 1618/237/1576 1642/260/1600
f 1619/236/1577 1642/260/1600 1620/238/1578
f 1643/261/1601 1644/262/1602 1421/35/1382
f 1643/261/1601 1421/35/1382 1420/36/1381
f 1643/261/1601 1645/264/1400 1646/263/1603
f 1643/261/1601 1646/263/1603 1644/262/1602
f 1644/262/1602 1647/265/1604 1422/39/1383
f 1644/262/1602 1422/39/1383 1421/35/1382
f 1644/262/1602 1646/263/1603 1648/266/1605
f 1644/262/1602 1648/266/1605 1647/265/1604
f 1649/267/1605 1438/55/1399 1437/51/1398
f 1649/267/1605 1437/51/1398 1443/58/1404
f 1648/266/1605 1650/269/1606 1651/268/1607
f 1648/266/1605 1651/268/1607 1647/265/1604
f 1649/267/1605 1443/58/1404 1652/271/1608
f 1649/267/1605 1652/271/1608 1653/270/1606
f 1652/271/1608 1443/58/1404 1442/59/1403
f 1652/271/1608 1442/59/1403 1654/272/1609
f 1652/271/1608 1655/274/1610 1656/273/1611
f 1652/271/1608 1656/273/1611 1653/270/1606
f 1652/271/1608 1654/272/1609 1657/275/1612
f 1652/271/1608 1657/275/1612 1655/274/1610
f 1657/275/1612 1654/272/1609 1468/84/1429
f 1657/275/1612 1468/84/1429 1469/85/1430
f 1657/275/1612 1658/277/1613 1659/276/1614
f 1657/275/1612 1659/276/1614 1655/274/1610
f 1657/275/1612 1469/85/1430 1660/278/1615
f 1657/275/1612 1660/278/1615 1658/277/1613
f 1660/278/1615 1469/85/1430 1463/77/1424
f 1660/278/1615 1463/77/1424 1661/279/1616
f 1660/278/1615 1662/281/1617 1663/280/1618
f 1660/278/1615 1663/280/1618 1658/277/1613
f 1660/278/1615 1661/279/1616 1664/282/1619
f 1660/278/1615 1664/282/1619 1662/281/1617
f 1664/282/1619 1661/279/1616 1665/284/1620
f 1664/282/1619 1665/284/1620 1666/283/1621
f 1664/282/1619 1667/286/1622 1668/285/1623
f 1664/282/1619 1668/285/1623 1662/281/1617
f 1664/282/1619 1666/283/1621 1669/287/1624
f 1664/282/1619 1669/287/1624 1667/286/1622
f 1669/287/1624 1666/283/1621 1670/289/1625
f 1669/287/1624 1670/289/1625 1671/288/1626
f 1669/287/1624 1672/291/1627 1673/290/1628
f 1669/287/1624 1673/290/1628 1667/286/1622
f 1669/287/1624 1671/288/1626 1674/292/1629
f 1669/287/1624 1674/292/1629 1672/291/1627
f 1674/292/1629 1671/288/1626 1675/294/1630
f 1674/292/1629 1675/294/1630 1676/293/1631
f 1674/292/1629 1677/296/1632 1678/295/1633
f 1674/292/1629 1678/295/1633 1672/291/1627
f 1674/292/1629 1676/293/1631 1679/297/1634
f 1674/292/1629 1679/297/1634 1677/296/1632
f 1679/297/1634 1676/293/1631 1680/299/1635
f 1679/297/1634 1680/299/1635 1681/298/1636
f 1679/297/1634 1682/301/1637 1683/300/1638
f 1679/297/1634 1683/300/1638 1677/296/1632
f 1679/297/1634 1681/298/1636 1684/302/1639
f 1679/297/1634 1684/302/1639 1682/301/1637
f 1684/302/1639 1681/298/1636 1685/304/1640
f 1684/302/1639 1685/304/1640 1686/303/1641
f 1684/302/1639 1687/306/1642 1688/305/1643
f 1684/302/1639 1688/305/1643 1682/301/1637
f 1684/302/1639 1686/303/1641 1689/307/1644
f 1684/302/1639 1689/307/1644 1687/306/1642
f 1689/307/1644 1686/303/1641 1577/195/1538
f 1689/307/1644 1577/195/1538 1576/196/1537
f 1690/308/1644 1627/245/1585 1624/240/1582
f 1690/308/1644 1624/240/1582 1691/309/1645
f 1690/308/1644 1582/198/1542 1581/199/1541
f 1690/308/1644 1581/199/1541 1627/245/1585
f 1691/309/1645 1624/240/1582 1623/241/1581
f 1691/309/1645 1623/241/1581 1692/310/1646
f 1688/305/1643 1693/311/1647 1683/300/1638
f 1688/305/1643 1683/300/1638 1682/301/1637
f 1692/310/1646 1623/241/1581 1694/313/1648
f 1692/310/1646 1694/313/1648 1695/312/1649
f 1694/313/1648 1642/260/1600 1696/314/1650
f 1694/313/1648 1696/314/1650 1695/312/1649
f 1694/313/1648 1697/315/1651 1620/238/1578
f 1694/313/1648 1620/238/1578 1642/260/1600
f 1694/313/1648 1623/241/1581 1622/242/1580
f 1694/313/1648 1622/242/1580 1697/315/1651
f 1697/315/1651 1698/316/1652 1615/235/1573
f 1697/315/1651 1615/235/1573 1620/238/1578
f 1697/315/1651 1622/242/1580 1626/243/1584
f 1697/315/1651 1626/243/1584 1698/316/1652
f 1698/316/1652 1699/317/1653 1616/234/1574
f 1698/316/1652 1616/234/1574 1615/235/1573
f 1698/316/1652 1626/243/1584 1700/318/1654
f 1698/316/1652 1700/318/1654 1699/317/1653
f 1700/318/1654 1701/320/1655 1702/319/1656
f 1700/318/1654 1702/319/1656 1699/317/1653
f 1700/318/1654 1703/322/1657 1704/321/1658
f 1700/318/1654 1704/321/1658 1701/320/1655
f 1700/318/1654 1626/243/1584 1625/244/1583
f 1700/318/1654 1625/244/1583 1703/322/1657
f 1703/322/1657 1581/199/1541 1580/200/1540
f 1703/322/1657 1580/200/1540 1704/321/1658
f 1703/322/1657 1625/244/1583 1627/245/1585
f 1703/322/1657 1627/245/1585 1581/199/1541
f 1705/323/1658 1706/326/1659 1707/325/1660
f 1705/323/1658 1707/325/1660 1708/324/1661
f 1705/323/1658 1584/201/1544 1583/202/1543
f 1705/323/1658 1583/202/1543 1706/326/1659
f 1706/326/1659 1709/328/1662 1710/327/1663
f 1706/326/1659 1710/327/1663 1707/325/1660
f 1706/326/1659 1583/202/1543 1711/329/1664
f 1706/326/1659 1711/329/1664 1709/328/1662
f 1711/329/1664 1712/331/1665 1713/330/1666
f 1711/329/1664 1713/330/1666 1709/328/1662
f 1711/329/1664 1714/333/1667 1715/332/1668
f 1711/329/1664 1715/332/1668 1712/331/1665
f 1711/329/1664 1583/202/1543 1578/194/1539
f 1711/329/1664 1578/194/1539 1714/333/1667
f 1714/333/1667 1716/335/1669 1717/334/1670
f 1714/333/1667 1717/334/1670 1715/332/1668
f 1714/333/1667 1578/194/1539 1577/195/1538
f 1714/333/1667 1577/195/1538 1716/335/1669
f 1716/335/1669 1685/304/1640 1718/336/1671
f 1716/335/1669 1718/336/1671 1717/334/1670
f 1716/335/1669 1577/195/1538 1686/303/1641
f 1716/335/1669 1686/303/1641 1685/304/1640
f 1718/336/1671 1719/338/1672 1720/337/1673
f 1718/336/1671 1720/337/1673 1717/334/1670
f 1718/336/1671 1680/299/1635 1721/339/1674
f 1718/336/1671 1721/339/1674 1719/338/1672
f 1718/336/1671 1685/304/1640 1681/298/1636
f 1718/336/1671 1681/298/1636 1680/299/1635
f 1721/339/1674 1722/341/1675 1723/340/1676
f 1721/339/1674 1723/340/1676 1719/338/1672
f 1721/339/1674 1675/294/1630 1724/342/1677
f 1721/339/1674 1724/342/1677 1722/341/1675
f 1721/339/1674 1680/299/1635 1676/293/1631
f 1721/339/1674 1676/293/1631 1675/294/1630
f 1724/342/1677 1725/344/1678 1726/343/1679
f 1724/342/1677 1726/343/1679 1722/341/1675
f 1724/342/1677 1670/289/1625 1727/345/1680
f 1724/342/1677 1727/345/1680 1725/344/1678
f 1724/342/1677 1675/294/1630 1671/288/1626
f 1724/342/1677 1671/288/1626 1670/289/1625
f 1727/345/1680 1728/347/1681 1729/346/1682
f 1727/345/1680 1729/346/1682 1725/344/1678
f 1727/345/1680 1665/284/1620 1462/78/1423
f 1727/345/1680 1462/78/1423 1728/347/1681
f 1727/345/1680 1670/289/1625 1666/283/1621
f 1727/345/1680 1666/283/1621 1665/284/1620
f 1728/347/1681 1730/349/1683 1731/348/1684
f 1728/347/1681 1731/348/1684 1729/346/1682
f 1728/347/1681 1462/78/1423 1461/79/1422
f 1728/347/1681 1461/79/1422 1730/349/1683
f 1730/349/1683 1732/351/1685 1733/350/1686
f 1730/349/1683 1733/350/1686 1731/348/1684
f 1730/349/1683 1461/79/1422 1465/80/1426
f 1730/349/1683 1465/80/1426 1732/351/1685
f 1732/351/1685 1734/353/1687 1735/352/1688
f 1732/351/1685 1735/352/1688 1733/350/1686
f 1732/351/1685 1465/80/1426 1736/354/1689
f 1732/351/1685 1736/354/1689 1734/353/1687
f 1736/354/1689 1737/356/1690 1738/355/1691
f 1736/354/1689 1738/355/1691 1734/353/1687
f 1736/354/1689 1739/358/1692 1740/357/1693
f 1736/354/1689 1740/357/1693 1737/356/1690
f 1736/354/1689 1465/80/1426 1464/81/1425
f 1736/354/1689 1464/81/1425 1739/358/1692
f 1739/358/1692 1464/81/1425 1467/82/1428
f 1739/358/1692 1467/82/1428 1741/359/1694
f 1741/359/1694 1467/82/1428 1742/361/1695
f 1741/359/1694 1742/361/1695 1743/360/1696
f 1742/361/1695 1744/363/1697 1745/362/1698
f 1742/361/1695 1745/362/1698 1743/360/1696
f 1742/361/1695 1746/365/1699 1747/364/1700
f 1742/361/1695 1747/364/1700 1744/363/1697
f 1742/361/1695 1467/82/1428 1466/83/1427
f 1742/361/1695 1466/83/1427 1746/365/1699
f 1746/365/1699 1444/61/1405 1448/64/1409
f 1746/365/1699 1448/64/1409 1747/364/1700
f 1746/365/1699 1466/83/1427 1445/60/1406
f 1746/365/1699 1445/60/1406 1444/61/1405
f 1747/364/1700 1748/367/1701 1749/366/1702
f 1747/364/1700 1749/366/1702 1744/363/1697
f 1747/364/1700 1448/64/1409 1750/368/1703
f 1747/364/1700 1750/368/1703 1748/367/1701
f 1750/368/1703 1751/370/1704 1752/369/1705
f 1750/368/1703 1752/369/1705 1748/367/1701
f 1750/368/1703 1753/372/1706 1754/371/1707
f 1750/368/1703 1754/371/1707 1751/370/1704
f 1750/368/1703 1448/64/1409 1447/62/1408
f 1750/368/1703 1447/62/1408 1753/372/1706
f 1753/372/1706 1755/374/1708 1756/373/1709
f 1753/372/1706 1756/373/1709 1754/371/1707
f 1753/372/1706 1447/62/1408 1446/63/1407
f 1753/372/1706 1446/63/1407 1755/374/1708
f 1755/374/1708 1757/376/1710 1758/375/1711
f 1755/374/1708 1758/375/1711 1756/373/1709
f 1755/374/1708 1446/63/1407 1759/377/1712
f 1755/374/1708 1759/377/1712 1757/376/1710
f 1759/377/1712 1446/63/1407 1435/53/1396
f 1759/377/1712 1435/53/1396 1441/56/1402
f 378/378/372 1760/381/1713 1761/380/1714
f 378/378/372 1761/380/1714 379/379/373
f 378/378/372 383/383/377 1762/382/1715
f 378/378/372 1762/382/1715 1760/381/1713
f 1762/382/1715 383/383/377 385/385/379
f 1762/382/1715 385/385/379 1763/384/1716
f 1762/382/1715 1520/134/1481 1764/386/1717
f 1762/382/1715 1764/386/1717 1760/381/1713
f 1514/130/1475 1520/134/1481 1762/382/1715
f 1514/130/1475 1762/382/1715 1763/384/1716
f 1520/134/1481 1519/135/1480 1765/387/1718
f 1520/134/1481 1765/387/1718 1764/386/1717
f 1519/135/1480 1766/389/1719 1767/388/1720
f 1519/135/1480 1767/388/1720 1765/387/1718
f 1766/389/1719 1519/135/1480 1518/136/1479
f 1766/389/1719 1518/136/1479 1768/390/1721
f 1769/391/1722 1766/389/1719 1768/390/1721
f 1769/391/1722 1768/390/1721 1770/392/1723
f 1770/392/1723 1768/390/1721 1771/394/1724
f 1770/392/1723 1771/394/1724 1772/393/1725
f 1769/391/1722 1770/392/1723 1773/396/1726
f 1769/391/1722 1773/396/1726 1774/395/1727
f 1770/392/1723 1772/393/1725 1775/397/1728
f 1770/392/1723 1775/397/1728 1773/396/1726
f 1775/397/1728 1776/399/1729 1777/398/1730
f 1775/397/1728 1777/398/1730 1773/396/1726
f 1567/187/1528 1778/401/1731 1779/400/1732
f 1567/187/1528 1779/400/1732 1568/186/1529
f 1778/401/1731 1780/403/1733 1781/402/1734
f 1778/401/1731 1781/402/1734 1779/400/1732
f 1780/403/1733 1524/140/1485 1523/141/1484
f 1780/403/1733 1523/141/1484 1781/402/1734
f 1781/402/1734 1523/141/1484 1531/146/1492
f 1781/402/1734 1531/146/1492 1553/168/1514
f 1781/402/1734 1553/168/1514 1782/404/1735
f 1781/402/1734 1782/404/1735 1779/400/1732
f 1782/404/1735 1553/168/1514 1552/169/1513
f 1782/404/1735 1552/169/1513 1783/405/1736
f 1782/404/1735 1784/406/1737 1568/186/1529
f 1782/404/1735 1568/186/1529 1779/400/1732
f 1782/404/1735 1783/405/1736 1785/407/1738
f 1782/404/1735 1785/407/1738 1784/406/1737
f 1785/407/1738 1783/405/1736 1786/409/1739
f 1785/407/1738 1786/409/1739 1787/408/1740
f 1785/407/1738 1543/157/1504 1542/158/1503
f 1785/407/1738 1542/158/1503 1784/406/1737
f 1785/407/1738 1787/408/1740 1788/410/1741
f 1785/407/1738 1788/410/1741 1543/157/1504
f 1786/409/1739 1789/413/1742 1790/412/1743
f 1786/409/1739 1790/412/1743 1791/411/1744
f 1786/409/1739 1783/405/1736 1552/169/1513
f 1786/409/1739 1552/169/1513 1789/413/1742
f 1786/409/1739 1791/411/1744 1792/414/1745
f 1786/409/1739 1792/414/1745 1787/408/1740
f 1793/415/1746 1794/418/1747 1795/417/1748
f 1793/415/1746 1795/417/1748 1796/416/1749
f 1793/415/1746 1550/166/1511 1549/164/1510
f 1793/415/1746 1549/164/1510 1794/418/1747
f 1794/418/1747 1797/420/1750 1798/419/1751
f 1794/418/1747 1798/419/1751 1795/417/1748
f 1794/418/1747 1549/164/1510 1548/165/1509
f 1794/418/1747 1548/165/1509 1797/420/1750
f 1799/421/1750 1800/422/1752 1551/167/1512
f 1799/421/1750 1551/167/1512 1556/170/1517
f 1799/421/1750 1801/424/1753 1802/423/1754
f 1799/421/1750 1802/423/1754 1800/422/1752
f 1802/423/1754 1801/424/1753 1803/426/1508
f 1802/423/1754 1803/426/1508 1804/425/1755
f 1802/423/1754 1790/412/1743 1789/413/1742
f 1802/423/1754 1789/413/1742 1800/422/1752
f 1802/423/1754 1804/425/1755 1805/427/1756
f 1802/423/1754 1805/427/1756 1790/412/1743
f 1804/425/1755 1803/426/1508 1806/429/1757
f 1804/425/1755 1806/429/1757 1807/428/1758
f 1800/422/1752 1789/413/1742 1552/169/1513
f 1800/422/1752 1552/169/1513 1551/167/1512
f 1795/417/1748 1808/431/1759 1809/430/1760
f 1795/417/1748 1809/430/1760 1796/416/1749
f 1795/417/1748 1798/419/1751 1810/432/1516
f 1795/417/1748 1810/432/1516 1808/431/1759
f 1808/431/1759 1811/434/1761 1812/433/1762
f 1808/431/1759 1812/433/1762 1809/430/1760
f 1808/431/1759 1810/432/1516 1813/435/1535
f 1808/431/1759 1813/435/1535 1811/434/1761
f 1811/434/1761 1814/436/1763 1557/176/1518
f 1811/434/1761 1557/176/1518 1812/433/1762
f 1811/434/1761 1813/435/1535 1815/437/1764
f 1811/434/1761 1815/437/1764 1814/436/1763
f 1815/437/1764 1816/439/1765 1817/438/1766
f 1815/437/1764 1817/438/1766 1814/436/1763
f 1818/440/1767 1819/441/1768 1498/112/1459
f 1818/440/1767 1498/112/1459 1497/113/1458
f 1818/440/1767 1574/192/1535 1573/189/1534
f 1818/440/1767 1573/189/1534 1819/441/1768
f 1819/441/1768 1820/442/1769 1499/116/1460
f 1819/441/1768 1499/116/1460 1498/112/1459
f 1819/441/1768 1573/189/1534 1572/190/1533
f 1819/441/1768 1572/190/1533 1820/442/1769
f 1820/442/1769 1821/443/1770 1493/108/1454
f 1820/442/1769 1493/108/1454 1499/116/1460
f 1820/442/1769 1572/190/1533 1822/444/1771
f 1820/442/1769 1822/444/1771 1821/443/1770
f 1822/444/1771 1823/446/1772 1824/445/1773
f 1822/444/1771 1824/445/1773 1821/443/1770
f 1822/444/1771 1825/448/1774 1826/447/1775
f 1822/444/1771 1826/447/1775 1823/446/1772
f 1822/444/1771 1572/190/1533 1571/191/1532
f 1822/444/1771 1571/191/1532 1825/448/1774
f 1825/448/1774 1827/450/1776 1828/449/1777
f 1825/448/1774 1828/449/1777 1826/447/1775
f 1825/448/1774 1571/191/1532 1532/148/1493
f 1825/448/1774 1532/148/1493 1827/450/1776
f 1829/451/1778 1529/144/1490 1528/145/1489
f 1829/451/1778 1528/145/1489 1486/102/1447
f 1829/451/1778 1827/450/1776 1532/148/1493
f 1829/451/1778 1532/148/1493 1529/144/1490
f 1828/449/1777 1830/452/1779 1484/98/1445
f 1828/449/1777 1484/98/1445 1483/99/1444
f 1828/449/1777 1483/99/1444 1475/90/1436
f 1828/449/1777 1475/90/1436 1826/447/1775
f 1826/447/1775 1475/90/1436 1474/91/1435
f 1826/447/1775 1474/91/1435 1823/446/1772
f 1823/446/1772 1474/91/1435 1479/95/1440
f 1823/446/1772 1479/95/1440 1824/445/1773
f 1824/445/1773 1479/95/1440 1490/106/1451
f 1824/445/1773 1490/106/1451 1489/107/1450
f 1824/445/1773 1489/107/1450 1493/108/1454
f 1824/445/1773 1493/108/1454 1821/443/1770
f 1817/438/1766 1558/175/1519 1557/176/1518
f 1817/438/1766 1557/176/1518 1814/436/1763
f 1831/453/1766 1832/456/1780 1833/455/1781
f 1831/453/1766 1833/455/1781 1834/454/1782
f 1831/453/1766 1497/113/1458 1496/114/1457
f 1831/453/1766 1496/114/1457 1832/456/1780
f 1832/456/1780 1835/458/1783 1836/457/1784
f 1832/456/1780 1836/457/1784 1833/455/1781
f 1832/456/1780 1496/114/1457 1502/117/1463
f 1832/456/1780 1502/117/1463 1835/458/1783
f 1835/458/1783 1837/460/1785 1838/459/1786
f 1835/458/1783 1838/459/1786 1836/457/1784
f 1835/458/1783 1502/117/1463 1839/461/1787
f 1835/458/1783 1839/461/1787 1837/460/1785
f 1839/461/1787 1513/127/1474 1840/462/1788
f 1839/461/1787 1840/462/1788 1837/460/1785
f 1840/462/1788 1841/463/1789 1838/459/1786
f 1840/462/1788 1838/459/1786 1837/460/1785
f 1840/462/1788 1842/465/1790 1843/464/1791
f 1840/462/1788 1843/464/1791 1841/463/1789
f 1840/462/1788 1513/127/1474 1512/128/1473
f 1840/462/1788 1512/128/1473 1842/465/1790
f 1842/465/1790 1844/467/1792 1845/466/1793
f 1842/465/1790 1845/466/1793 1843/464/1791
f 1842/465/1790 1512/128/1473 1846/468/1794
f 1842/465/1790 1846/468/1794 1844/467/1792
f 1846/468/1794 1512/128/1473 1511/129/1472
f 1846/468/1794 1511/129/1472 1847/469/1795
f 1847/469/1795 1511/129/1472 1848/471/1796
f 1847/469/1795 1848/471/1796 1849/470/1797
f 1848/471/1796 1850/473/1798 1851/472/1799
f 1848/471/1796 1851/472/1799 1849/470/1797
f 1848/471/1796 1852/475/1800 1853/474/1801
f 1848/471/1796 1853/474/1801 1850/473/1798
f 1848/471/1796 1511/129/1472 1509/126/1470
f 1848/471/1796 1509/126/1470 1852/475/1800
f 1852/475/1800 1480/96/1441 1854/476/1802
f 1852/475/1800 1854/476/1802 1853/474/1801
f 1852/475/1800 1509/126/1470 1476/94/1437
f 1852/475/1800 1476/94/1437 1480/96/1441
f 1854/476/1802 1855/478/1803 1856/477/1804
f 1854/476/1802 1856/477/1804 1853/474/1801
f 1854/476/1802 1857/480/1805 1858/479/1806
f 1854/476/1802 1858/479/1806 1855/478/1803
f 1854/476/1802 1480/96/1441 1473/87/1434
f 1854/476/1802 1473/87/1434 1857/480/1805
f 1857/480/1805 1859/482/1807 1860/481/1808
f 1857/480/1805 1860/481/1808 1858/479/1806
f 1857/480/1805 1473/87/1434 1472/88/1433
f 1857/480/1805 1472/88/1433 1859/482/1807
f 1859/482/1807 1861/484/1809 1862/483/1810
f 1859/482/1807 1862/483/1810 1860/481/1808
f 1859/482/1807 1472/88/1433 1863/485/1811
f 1859/482/1807 1863/485/1811 1861/484/1809
f 1863/485/1811 1864/486/1812 1610/229/1568
f 1863/485/1811 1610/229/1568 1861/484/1809
f 1863/485/1811 1482/100/1443 1487/103/1448
f 1863/485/1811 1487/103/1448 1864/486/1812
f 1863/485/1811 1472/88/1433 1471/89/1432
f 1863/485/1811 1471/89/1432 1482/100/1443
f 1864/486/1812 1865/487/1813 1611/228/1569
f 1864/486/1812 1611/228/1569 1610/229/1568
f 1864/486/1812 1487/103/1448 1866/488/1814
f 1864/486/1812 1866/488/1814 1865/487/1813
f 1866/488/1814 1867/490/1815 1868/489/1816
f 1866/488/1814 1868/489/1816 1865/487/1813
f 1869/491/1817 1485/101/1446 1870/492/1818
f 1869/491/1817 1870/492/1818 1538/153/1499
f 1870/492/1818 1485/101/1446 1486/102/1447
f 1870/492/1818 1486/102/1447 1528/145/1489
f 1870/492/1818 1871/493/1819 1534/152/1495
f 1870/492/1818 1534/152/1495 1538/153/1499
f 1870/492/1818 1528/145/1489 1527/142/1488
f 1870/492/1818 1527/142/1488 1871/493/1819
f 1871/493/1819 1872/494/1820 1535/151/1496
f 1871/493/1819 1535/151/1496 1534/152/1495
f 1871/493/1819 1527/142/1488 1526/143/1487
f 1871/493/1819 1526/143/1487 1872/494/1820
f 1868/489/1816 1612/230/1570 1611/228/1569
f 1868/489/1816 1611/228/1569 1865/487/1813
f 1861/484/1809 1610/229/1568 1609/226/1567
f 1861/484/1809 1609/226/1567 1862/483/1810
f 1862/483/1810 1873/496/1821 1874/495/1822
f 1862/483/1810 1874/495/1822 1860/481/1808
f 1862/483/1810 1609/226/1567 1608/227/1566
f 1862/483/1810 1608/227/1566 1873/496/1821
f 1873/496/1821 498/498/489 497/497/488
f 1873/496/1821 497/497/488 1874/495/1822
f 1873/496/1821 1608/227/1566 499/499/490
f 1873/496/1821 499/499/490 498/498/489
f 499/499/490 1608/227/1566 1607/224/1565
f 499/499/490 1607/224/1565 500/500/491
f 501/501/492 1875/502/1823 1874/495/1822
f 501/501/492 1874/495/1822 497/497/488
f 501/501/492 504/504/495 1876/503/1824
f 501/501/492 1876/503/1824 1875/502/1823
f 1876/503/1824 504/504/495 506/506/497
f 1876/503/1824 506/506/497 1877/505/1825
f 1876/503/1824 1855/478/1803 1858/479/1806
f 1876/503/1824 1858/479/1806 1875/502/1823
f 1876/503/1824 1877/505/1825 1856/477/1804
f 1876/503/1824 1856/477/1804 1855/478/1803
f 506/506/497 508/508/499 1878/507/1826
f 506/506/497 1878/507/1826 1877/505/1825
f 1878/507/1826 508/508/499 510/510/501
f 1878/507/1826 510/510/501 1879/509/1827
f 1878/507/1826 1880/511/1828 1856/477/1804
f 1878/507/1826 1856/477/1804 1877/505/1825
f 1878/507/1826 1879/509/1827 1881/512/1829
f 1878/507/1826 1881/512/1829 1880/511/1828
f 1881/512/1829 1851/472/1799 1850/473/1798
f 1881/512/1829 1850/473/1798 1880/511/1828
f 1880/511/1828 1850/473/1798 1853/474/1801
f 1880/511/1828 1853/474/1801 1856/477/1804
f 513/513/504 1843/464/1791 1845/466/1793
f 513/513/504 1845/466/1793 514/514/505
f 513/513/504 515/515/506 1841/463/1789
f 513/513/504 1841/463/1789 1843/464/1791
f 1875/502/1823 1858/479/1806 1860/481/1808
f 1875/502/1823 1860/481/1808 1874/495/1822
f 1841/463/1789 515/515/506 516/516/507
f 1841/463/1789 516/516/507 1838/459/1786
f 1838/459/1786 516/516/507 517/517/508
f 1838/459/1786 517/517/508 1836/457/1784
f 1836/457/1784 517/517/508 518/518/509
f 1836/457/1784 518/518/509 1833/455/1781
f 518/518/509 519/519/174 1834/454/1782
f 518/518/509 1834/454/1782 1833/455/1781
f 1784/406/1737 1542/158/1503 1569/185/1530
f 1784/406/1737 1569/185/1530 1568/186/1529
f 1773/396/1726 1777/398/1730 1882/520/1830
f 1773/396/1726 1882/520/1830 1774/395/1727
f 1777/398/1730 1428/44/1389 1427/42/1388
f 1777/398/1730 1427/42/1388 1882/520/1830
f 1882/520/1830 1883/522/1831 1884/521/1832
f 1882/520/1830 1884/521/1832 1774/395/1727
f 1882/520/1830 1427/42/1388 1426/43/1387
f 1882/520/1830 1426/43/1387 1883/522/1831
f 1883/522/1831 1885/524/1833 1886/523/1834
f 1883/522/1831 1886/523/1834 1884/521/1832
f 1883/522/1831 1426/43/1387 1432/47/1393
f 1883/522/1831 1432/47/1393 1885/524/1833
f 1885/524/1833 1887/526/1835 1888/525/1836
f 1885/524/1833 1888/525/1836 1886/523/1834
f 1885/524/1833 1432/47/1393 1889/527/1837
f 1885/524/1833 1889/527/1837 1887/526/1835
f 1889/527/1837 1890/529/1838 1891/528/1839
f 1889/527/1837 1891/528/1839 1887/526/1835
f 1889/527/1837 1892/531/1840 1893/530/1841
f 1889/527/1837 1893/530/1841 1890/529/1838
f 1889/527/1837 1432/47/1393 1431/48/1392
f 1889/527/1837 1431/48/1392 1892/531/1840
f 1892/531/1840 1894/533/1842 1895/532/1843
f 1892/531/1840 1895/532/1843 1893/530/1841
f 1892/531/1840 1431/48/1392 1433/49/1394
f 1892/531/1840 1433/49/1394 1894/533/1842
f 1894/533/1842 1896/535/1844 1897/534/1845
f 1894/533/1842 1897/534/1845 1895/532/1843
f 1894/533/1842 1433/49/1394 1898/536/1846
f 1894/533/1842 1898/536/1846 1896/535/1844
f 1898/536/1846 1433/49/1394 1430/45/1391
f 1898/536/1846 1430/45/1391 1899/537/1847
f 1898/536/1846 1900/539/1848 1901/538/1849
f 1898/536/1846 1901/538/1849 1896/535/1844
f 1898/536/1846 1899/537/1847 1902/540/1850
f 1898/536/1846 1902/540/1850 1900/539/1848
f 1902/540/1850 1899/537/1847 1903/542/1851
f 1902/540/1850 1903/542/1851 1904/541/1852
f 1902/540/1850 1905/544/1853 1906/543/1854
f 1902/540/1850 1906/543/1854 1900/539/1848
f 1902/540/1850 1904/541/1852 1907/545/1855
f 1902/540/1850 1907/545/1855 1905/544/1853
f 1907/545/1855 1904/541/1852 1908/547/1856
f 1907/545/1855 1908/547/1856 1909/546/1857
f 1907/545/1855 1910/549/1858 1911/548/1859
f 1907/545/1855 1911/548/1859 1905/544/1853
f 1907/545/1855 1909/546/1857 1912/550/1860
f 1907/545/1855 1912/550/1860 1910/549/1858
f 1912/550/1860 1909/546/1857 1913/552/1861
f 1912/550/1860 1913/552/1861 1914/551/1862
f 1912/550/1860 1713/330/1666 1712/331/1665
f 1912/550/1860 1712/331/1665 1910/549/1858
f 1912/550/1860 1914/551/1862 1915/553/1863
f 1912/550/1860 1915/553/1863 1713/330/1666
f 1916/554/1864 1917/557/1865 1918/556/1866
f 1916/554/1864 1918/556/1866 1919/555/1867
f 1915/553/1863 1710/327/1663 1709/328/1662
f 1915/553/1863 1709/328/1662 1713/330/1666
f 1916/554/1864 1919/555/1867 1920/559/1868
f 1916/554/1864 1920/559/1868 1921/558/1869
f 1920/559/1868 1919/555/1867 1922/561/1870
f 1920/559/1868 1922/561/1870 1923/560/1871
f 1920/559/1868 1924/563/1872 1925/562/1873
f 1920/559/1868 1925/562/1873 1921/558/1869
f 1920/559/1868 1923/560/1871 1926/564/1874
f 1920/559/1868 1926/564/1874 1924/563/1872
f 1926/564/1874 1923/560/1871 1927/566/1875
f 1926/564/1874 1927/566/1875 1928/565/1876
f 1926/564/1874 1929/568/1877 1930/567/1878
f 1926/564/1874 1930/567/1878 1924/563/1872
f 1926/564/1874 1928/565/1876 1931/569/1879
f 1926/564/1874 1931/569/1879 1929/568/1877
f 1931/569/1879 1928/565/1876 1932/571/1880
f 1931/569/1879 1932/571/1880 1933/570/1881
f 1934/572/1879 1617/233/1575 1616/234/1574
f 1934/572/1879 1616/234/1574 1935/573/1882
f 1934/572/1879 1936/574/1881 1618/237/1576
f 1934/572/1879 1618/237/1576 1617/233/1575
f 1932/571/1880 1937/576/1883 1678/295/1633
f 1932/571/1880 1678/295/1633 1938/575/1884
f 1932/571/1880 1928/565/1876 1927/566/1875
f 1932/571/1880 1927/566/1875 1937/576/1883
f 1932/571/1880 1938/575/1884 1939/577/1650
f 1932/571/1880 1939/577/1650 1933/570/1881
f 1937/576/1883 1673/290/1628 1672/291/1627
f 1937/576/1883 1672/291/1627 1678/295/1633
f 1937/576/1883 1927/566/1875 1940/578/1885
f 1937/576/1883 1940/578/1885 1673/290/1628
f 1940/578/1885 1668/285/1623 1667/286/1622
f 1940/578/1885 1667/286/1622 1673/290/1628
f 1940/578/1885 1922/561/1870 1941/579/1886
f 1940/578/1885 1941/579/1886 1668/285/1623
f 1940/578/1885 1927/566/1875 1923/560/1871
f 1940/578/1885 1923/560/1871 1922/561/1870
f 1941/579/1886 1663/280/1618 1662/281/1617
f 1941/579/1886 1662/281/1617 1668/285/1623
f 1941/579/1886 1918/556/1866 1942/580/1887
f 1941/579/1886 1942/580/1887 1663/280/1618
f 1941/579/1886 1922/561/1870 1919/555/1867
f 1941/579/1886 1919/555/1867 1918/556/1866
f 1942/580/1887 1659/276/1614 1658/277/1613
f 1942/580/1887 1658/277/1613 1663/280/1618
f 1942/580/1887 1943/582/1861 1944/581/1888
f 1942/580/1887 1944/581/1888 1659/276/1614
f 1942/580/1887 1918/556/1866 1917/557/1865
f 1942/580/1887 1917/557/1865 1943/582/1861
f 1944/581/1888 1656/273/1611 1655/274/1610
f 1944/581/1888 1655/274/1610 1659/276/1614
f 1945/583/1888 1908/547/1856 1946/585/1889
f 1945/583/1888 1946/585/1889 1947/584/1890
f 1945/583/1888 1913/552/1861 1909/546/1857
f 1945/583/1888 1909/546/1857 1908/547/1856
f 1946/585/1889 1651/268/1607 1650/269/1606
f 1946/585/1889 1650/269/1606 1947/584/1890
f 1946/585/1889 1903/542/1851 1429/46/1390
f 1946/585/1889 1429/46/1390 1651/268/1607
f 1946/585/1889 1908/547/1856 1904/541/1852
f 1946/585/1889 1904/541/1852 1903/542/1851
f 1938/575/1884 1678/295/1633 1677/296/1632
f 1938/575/1884 1677/296/1632 1683/300/1638
f 1938/575/1884 1683/300/1638 1693/311/1647
f 1938/575/1884 1693/311/1647 1939/577/1650
f 1936/574/1881 1696/314/1650 1642/260/1600
f 1936/574/1881 1642/260/1600 1618/237/1576
f 1935/573/1882 1616/234/1574 1699/317/1653
f 1935/573/1882 1699/317/1653 1702/319/1656
f 1924/563/1872 1930/567/1878 1948/586/1661
f 1924/563/1872 1948/586/1661 1925/562/1873
f 1910/549/1858 1712/331/1665 1715/332/1668
f 1910/549/1858 1715/332/1668 1911/548/1859
f 1911/548/1859 1720/337/1673 1906/543/1854
f 1911/548/1859 1906/543/1854 1905/544/1853
f 1911/548/1859 1715/332/1668 1717/334/1670
f 1911/548/1859 1717/334/1670 1720/337/1673
f 1906/543/1854 1723/340/1676 1901/538/1849
f 1906/543/1854 1901/538/1849 1900/539/1848
f 1906/543/1854 1720/337/1673 1719/338/1672
f 1906/543/1854 1719/338/1672 1723/340/1676
f 1903/542/1851 1899/537/1847 1430/45/1391
f 1903/542/1851 1430/45/1391 1429/46/1390
f 1901/538/1849 1726/343/1679 1897/534/1845
f 1901/538/1849 1897/534/1845 1896/535/1844
f 1901/538/1849 1723/340/1676 1722/341/1675
f 1901/538/1849 1722/341/1675 1726/343/1679
f 1897/534/1845 1729/346/1682 1731/348/1684
f 1897/534/1845 1731/348/1684 1895/532/1843
f 1897/534/1845 1726/343/1679 1725/344/1678
f 1897/534/1845 1725/344/1678 1729/346/1682
f 1895/532/1843 1731/348/1684 1733/350/1686
f 1895/532/1843 1733/350/1686 1893/530/1841
f 1893/530/1841 1733/350/1686 1735/352/1688
f 1893/530/1841 1735/352/1688 1890/529/1838
f 1890/529/1838 1735/352/1688 1949/587/1891
f 1890/529/1838 1949/587/1891 1891/528/1839
f 1949/587/1891 1950/589/1892 1951/588/1893
f 1949/587/1891 1951/588/1893 1891/528/1839
f 1949/587/1891 1738/355/1691 1952/590/1894
f 1949/587/1891 1952/590/1894 1950/589/1892
f 1949/587/1891 1735/352/1688 1734/353/1687
f 1949/587/1891 1734/353/1687 1738/355/1691
f 1952/590/1894 1953/592/1895 1954/591/1896
f 1952/590/1894 1954/591/1896 1950/589/1892
f 1952/590/1894 1955/594/1897 1956/593/1898
f 1952/590/1894 1956/593/1898 1953/592/1895
f 1957/595/1899 1958/598/1900 1959/597/1901
f 1957/595/1899 1959/597/1901 1960/596/1902
f 1957/595/1899 1743/360/1696 1745/362/1698
f 1957/595/1899 1745/362/1698 1961/599/1903
f 1961/599/1903 1962/602/1904 1963/601/1905
f 1961/599/1903 1963/601/1905 1964/600/1906
f 1961/599/1903 1745/362/1698 1965/603/1907
f 1961/599/1903 1965/603/1907 1962/602/1904
f 1965/603/1907 1966/605/1908 1967/604/1909
f 1965/603/1907 1967/604/1909 1962/602/1904
f 1965/603/1907 1749/366/1702 1968/606/1910
f 1965/603/1907 1968/606/1910 1966/605/1908
f 1965/603/1907 1745/362/1698 1744/363/1697
f 1965/603/1907 1744/363/1697 1749/366/1702
f 1968/606/1910 1969/608/1911 1970/607/1912
f 1968/606/1910 1970/607/1912 1966/605/1908
f 1968/606/1910 1752/369/1705 1971/609/1913
f 1968/606/1910 1971/609/1913 1969/608/1911
f 1968/606/1910 1749/366/1702 1748/367/1701
f 1968/606/1910 1748/367/1701 1752/369/1705
f 1971/609/1913 1972/611/1914 1973/610/1915
f 1971/609/1913 1973/610/1915 1969/608/1911
f 1971/609/1913 1974/613/1916 1975/612/1917
f 1971/609/1913 1975/612/1917 1972/611/1914
f 1971/609/1913 1752/369/1705 1751/370/1704
f 1971/609/1913 1751/370/1704 1974/613/1916
f 1974/613/1916 1976/615/1918 1977/614/1919
f 1974/613/1916 1977/614/1919 1975/612/1917
f 1974/613/1916 1751/370/1704 1754/371/1707
f 1974/613/1916 1754/371/1707 1976/615/1918
f 1976/615/1918 1456/72/1417 1455/69/1416
f 1976/615/1918 1455/69/1416 1977/614/1919
f 1976/615/1918 1754/371/1707 1756/373/1709
f 1976/615/1918 1756/373/1709 1456/72/1417
f 1977/614/1919 1978/616/1920 1397/9/1358
f 1977/614/1919 1397/9/1358 1975/612/1917
f 1977/614/1919 1455/69/1416 1454/70/1415
f 1977/614/1919 1454/70/1415 1978/616/1920
f 1978/616/1920 1979/617/1921 1394/8/1355
f 1978/616/1920 1394/8/1355 1397/9/1358
f 1978/616/1920 1454/70/1415 1980/618/1922
f 1978/616/1920 1980/618/1922 1979/617/1921
f 1980/618/1922 1454/70/1415 1453/71/1414
f 1980/618/1922 1453/71/1414 1981/619/1923
f 1980/618/1922 1982/621/1924 1983/620/1925
f 1980/618/1922 1983/620/1925 1979/617/1921
f 1980/618/1922 1981/619/1923 1984/622/1926
f 1980/618/1922 1984/622/1926 1982/621/1924
f 1984/622/1926 1981/619/1923 1985/624/1927
f 1984/622/1926 1985/624/1927 1986/623/1928
f 1984/622/1926 1987/626/1929 1988/625/1930
f 1984/622/1926 1988/625/1930 1982/621/1924
f 1984/622/1926 1986/623/1928 1989/627/1931
f 1984/622/1926 1989/627/1931 1987/626/1929
f 1989/627/1931 1986/623/1928 1990/629/1932
f 1989/627/1931 1990/629/1932 1991/628/1933
f 1989/627/1931 1992/631/1934 1993/630/1935
f 1989/627/1931 1993/630/1935 1987/626/1929
f 1989/627/1931 1991/628/1933 1994/632/1936
f 1989/627/1931 1994/632/1936 1992/631/1934
f 1995/633/1937 1996/636/1938 1997/635/1939
f 1995/633/1937 1997/635/1939 1998/634/1940
f 1994/632/1936 1999/638/1941 2000/637/1942
f 1994/632/1936 2000/637/1942 1992/631/1934
f 1995/633/1937 1998/634/1940 2001/640/1943
f 1995/633/1937 2001/640/1943 2002/639/1944
f 2001/640/1943 1998/634/1940 2003/642/1945
f 2001/640/1943 2003/642/1945 2004/641/1946
f 2001/640/1943 2005/644/1947 2006/643/1948
f 2001/640/1943 2006/643/1948 2002/639/1944
f 2001/640/1943 2004/641/1946 2007/645/1949
f 2001/640/1943 2007/645/1949 2005/644/1947
f 2007/645/1949 2004/641/1946 2008/647/1950
f 2007/645/1949 2008/647/1950 2009/646/1951
f 2007/645/1949 2010/649/1952 2011/648/1953
f 2007/645/1949 2011/648/1953 2005/644/1947
f 2007/645/1949 2009/646/1951 1594/211/1552
f 2007/645/1949 1594/211/1552 2010/649/1952
f 2010/649/1952 2012/651/1954 2013/650/1955
f 2010/649/1952 2013/650/1955 2011/648/1953
f 2010/649/1952 1594/211/1552 1593/212/1548
f 2010/649/1952 1593/212/1548 2012/651/1954
f 2014/652/1954 2015/655/1956 2016/654/1957
f 2014/652/1954 2016/654/1957 2017/653/1958
f 2014/652/1954 1588/204/1548 1587/205/1547
f 2014/652/1954 1587/205/1547 2015/655/1956
f 2015/655/1956 1640/257/1598 1639/258/1597
f 2015/655/1956 1639/258/1597 2016/654/1957
f 2015/655/1956 1587/205/1547 2018/656/1959
f 2015/655/1956 2018/656/1959 1640/257/1598
f 2018/656/1959 2019/659/1960 2020/658/1961
f 2018/656/1959 2020/658/1961 2021/657/1962
f 2018/656/1959 1587/205/1547 1586/206/1546
f 2018/656/1959 1586/206/1546 2019/659/1960
f 2018/656/1959 2021/657/1962 1636/256/1594
f 2018/656/1959 1636/256/1594 1640/257/1598
f 2022/660/1960 2023/663/1963 2024/662/1964
f 2022/660/1960 2024/662/1964 2025/661/1965
f 2022/660/1960 1592/208/1546 1591/209/1551
f 2022/660/1960 1591/209/1551 2023/663/1963
f 2023/663/1963 2026/665/1966 2027/664/1967
f 2023/663/1963 2027/664/1967 2024/662/1964
f 2023/663/1963 1591/209/1551 2028/666/1968
f 2023/663/1963 2028/666/1968 2026/665/1966
f 2028/666/1968 2029/668/1969 2030/667/1970
f 2028/666/1968 2030/667/1970 2026/665/1966
f 2028/666/1968 2031/670/1971 2032/669/1972
f 2028/666/1968 2032/669/1972 2029/668/1969
f 2028/666/1968 1591/209/1551 1590/210/1550
f 2028/666/1968 1590/210/1550 2031/670/1971
f 2031/670/1971 2009/646/1951 2008/647/1950
f 2031/670/1971 2008/647/1950 2032/669/1972
f 2031/670/1971 1590/210/1550 1594/211/1552
f 2031/670/1971 1594/211/1552 2009/646/1951
f 2032/669/1972 2033/672/1973 2034/671/1974
f 2032/669/1972 2034/671/1974 2029/668/1969
f 2032/669/1972 2008/647/1950 2035/673/1975
f 2032/669/1972 2035/673/1975 2033/672/1973
f 2035/673/1975 2036/675/1976 2037/674/1977
f 2035/673/1975 2037/674/1977 2033/672/1973
f 2035/673/1975 2003/642/1945 2038/676/1978
f 2035/673/1975 2038/676/1978 2036/675/1976
f 2035/673/1975 2008/647/1950 2004/641/1946
f 2035/673/1975 2004/641/1946 2003/642/1945
f 2038/676/1978 1415/32/1376 1412/27/1373
f 2038/676/1978 1412/27/1373 2036/675/1976
f 2038/676/1978 1997/635/1939 2039/677/1979
f 2038/676/1978 2039/677/1979 1415/32/1376
f 2038/676/1978 2003/642/1945 1998/634/1940
f 2038/676/1978 1998/634/1940 1997/635/1939
f 2039/677/1979 2040/678/1980 1416/31/1377
f 2039/677/1979 1416/31/1377 1415/32/1376
f 2039/677/1979 2041/680/1981 2042/679/1982
f 2039/677/1979 2042/679/1982 2040/678/1980
f 2039/677/1979 1997/635/1939 1996/636/1938
f 2039/677/1979 1996/636/1938 2041/680/1981
f 2042/679/1982 2043/682/1983 2044/681/1984
f 2042/679/1982 2044/681/1984 2040/678/1980
f 2045/683/1982 1985/624/1927 1458/73/1419
f 2045/683/1982 1458/73/1419 2046/684/1985
f 2045/683/1982 1990/629/1932 1986/623/1928
f 2045/683/1982 1986/623/1928 1985/624/1927
f 2043/682/1983 2047/686/1986 2048/685/1987
f 2043/682/1983 2048/685/1987 2044/681/1984
f 2046/684/1985 1458/73/1419 1457/74/1418
f 2046/684/1985 1457/74/1418 2049/687/1986
f 2047/686/1986 2050/689/1988 2051/688/1989
f 2047/686/1986 2051/688/1989 2048/685/1987
f 2049/687/1986 1457/74/1418 1459/75/1420
f 2049/687/1986 1459/75/1420 2052/690/1988
f 2050/689/1988 692/692/671 691/691/670
f 2050/689/1988 691/691/670 2051/688/1989
f 2052/690/1988 1459/75/1420 694/694/672
f 2052/690/1988 694/694/672 693/693/671
f 695/695/673 2053/696/1990 2051/688/1989
f 695/695/673 2051/688/1989 691/691/670
f 695/695/673 698/698/676 2054/697/1991
f 695/695/673 2054/697/1991 2053/696/1990
f 2054/697/1991 2055/701/1992 2056/700/1993
f 2054/697/1991 2056/700/1993 2057/699/1994
f 2054/697/1991 698/698/676 702/702/680
f 2054/697/1991 702/702/680 2055/701/1992
f 2054/697/1991 2057/699/1994 2058/703/1995
f 2054/697/1991 2058/703/1995 2053/696/1990
f 2058/703/1995 2048/685/1987 2051/688/1989
f 2058/703/1995 2051/688/1989 2053/696/1990
f 2058/703/1995 1417/33/1378 2044/681/1984
f 2058/703/1995 2044/681/1984 2048/685/1987
f 2058/703/1995 2057/699/1994 1413/30/1374
f 2058/703/1995 1413/30/1374 1417/33/1378
f 702/702/680 19/19/19 1405/20/1366
f 702/702/680 1405/20/1366 2055/701/1992
f 2055/701/1992 1405/20/1366 1406/21/1367
f 2055/701/1992 1406/21/1367 2056/700/1993
f 2056/700/1993 1406/21/1367 2059/704/1996
f 2056/700/1993 2059/704/1996 1414/29/1375
f 2056/700/1993 1414/29/1375 1413/30/1374
f 2056/700/1993 1413/30/1374 2057/699/1994
f 2059/704/1996 2060/707/1997 2061/706/1998
f 2059/704/1996 2061/706/1998 2062/705/1999
f 2059/704/1996 1406/21/1367 1404/16/1365
f 2059/704/1996 1404/16/1365 2060/707/1997
f 2059/704/1996 2062/705/1999 1408/26/1369
f 2059/704/1996 1408/26/1369 1414/29/1375
f 2060/707/1997 1404/16/1365 1403/17/1364
f 2060/707/1997 1403/17/1364 2063/708/2000
f 2060/707/1997 2063/708/2000 2064/709/2001
f 2060/707/1997 2064/709/2001 2061/706/1998
f 2064/709/2001 2063/708/2000 2065/711/2002
f 2064/709/2001 2065/711/2002 2066/710/2003
f 2064/709/2001 2067/712/2004 1561/179/1522
f 2064/709/2001 1561/179/1522 2061/706/1998
f 2064/709/2001 2066/710/2003 2068/713/2005
f 2064/709/2001 2068/713/2005 2067/712/2004
f 2068/713/2005 2066/710/2003 2069/715/2006
f 2068/713/2005 2069/715/2006 2070/714/2007
f 2068/713/2005 2071/717/2008 2072/716/2009
f 2068/713/2005 2072/716/2009 2067/712/2004
f 2068/713/2005 2070/714/2007 2073/718/2010
f 2068/713/2005 2073/718/2010 2071/717/2008
f 2073/718/2010 2070/714/2007 2074/720/2011
f 2073/718/2010 2074/720/2011 2075/719/2012
f 2073/718/2010 1392/6/1353 2076/721/2013
f 2073/718/2010 2076/721/2013 2071/717/2008
f 2073/718/2010 2075/719/2012 1393/5/1354
f 2073/718/2010 1393/5/1354 1392/6/1353
f 2076/721/2013 2077/722/2014 2072/716/2009
f 2076/721/2013 2072/716/2009 2071/717/2008
f 2076/721/2013 2078/724/2015 2079/723/2016
f 2076/721/2013 2079/723/2016 2077/722/2014
f 2076/721/2013 1392/6/1353 1391/2/1352
f 2076/721/2013 1391/2/1352 2078/724/2015
f 2078/724/2015 2080/726/2017 2081/725/2018
f 2078/724/2015 2081/725/2018 2079/723/2016
f 2078/724/2015 1391/2/1352 1390/3/1351
f 2078/724/2015 1390/3/1351 2080/726/2017
f 2080/726/2017 2082/728/2019 2083/727/2020
f 2080/726/2017 2083/727/2020 2081/725/2018
f 2080/726/2017 1390/3/1351 2084/729/2021
f 2080/726/2017 2084/729/2021 2082/728/2019
f 2084/729/2021 1390/3/1351 1389/4/1350
f 2084/729/2021 1389/4/1350 2085/730/2022
f 2084/729/2021 2086/732/2023 2087/731/2024
f 2084/729/2021 2087/731/2024 2082/728/2019
f 2084/729/2021 2085/730/2022 2088/733/2025
f 2084/729/2021 2088/733/2025 2086/732/2023
f 2088/733/2025 2085/730/2022 2089/735/2026
f 2088/733/2025 2089/735/2026 2090/734/2027
f 2088/733/2025 2091/737/2028 2092/736/2029
f 2088/733/2025 2092/736/2029 2086/732/2023
f 2088/733/2025 2090/734/2027 2093/738/2030
f 2088/733/2025 2093/738/2030 2091/737/2028
f 2093/738/2030 2090/734/2027 2094/740/2031
f 2093/738/2030 2094/740/2031 2095/739/2032
f 2093/738/2030 2096/742/2033 2097/741/2034
f 2093/738/2030 2097/741/2034 2091/737/2028
f 2093/738/2030 2095/739/2032 2098/743/2035
f 2093/738/2030 2098/743/2035 2096/742/2033
f 2098/743/2035 2095/739/2032 2099/745/2036
f 2098/743/2035 2099/745/2036 2100/744/2037
f 2098/743/2035 2101/747/2038 2102/746/2039
f 2098/743/2035 2102/746/2039 2096/742/2033
f 2098/743/2035 2100/744/2037 2103/748/2040
f 2098/743/2035 2103/748/2040 2101/747/2038
f 2103/748/2040 2100/744/2037 2104/750/2041
f 2103/748/2040 2104/750/2041 2105/749/2042
f 2103/748/2040 2106/752/2043 2107/751/2044
f 2103/748/2040 2107/751/2044 2101/747/2038
f 2103/748/2040 2105/749/2042 2108/753/1557
f 2103/748/2040 2108/753/1557 2106/752/2043
f 2104/750/2041 2109/755/2045 2000/637/1942
f 2104/750/2041 2000/637/1942 2110/754/2046
f 2104/750/2041 2100/744/2037 2099/745/2036
f 2104/750/2041 2099/745/2036 2109/755/2045
f 2104/750/2041 2110/754/2046 2111/756/2047
f 2104/750/2041 2111/756/2047 2105/749/2042
f 2111/756/2047 2110/754/2046 2112/758/2048
f 2111/756/2047 2112/758/2048 2113/757/2049
f 2111/756/2047 2114/759/2050 2108/753/1557
f 2111/756/2047 2108/753/1557 2105/749/2042
f 2111/756/2047 2113/757/2049 2115/760/2051
f 2111/756/2047 2115/760/2051 2114/759/2050
f 2116/761/2052 2117/762/2053 2011/648/1953
f 2116/761/2052 2011/648/1953 2013/650/1955
f 2118/763/2052 2119/766/2054 2120/765/2055
f 2118/763/2052 2120/765/2055 2121/764/2050
f 2118/763/2052 2017/653/1958 2016/654/1957
f 2118/763/2052 2016/654/1957 2119/766/2054
f 2119/766/2054 1641/259/1599 2122/767/2056
f 2119/766/2054 2122/767/2056 2120/765/2055
f 2119/766/2054 2016/654/1957 1639/258/1597
f 2119/766/2054 1639/258/1597 1641/259/1599
f 2122/767/2056 1601/219/1559 1600/217/1558
f 2122/767/2056 1600/217/1558 2120/765/2055
f 2122/767/2056 1633/250/1591 1632/251/1590
f 2122/767/2056 1632/251/1590 1601/219/1559
f 2122/767/2056 1641/259/1599 1638/254/1596
f 2122/767/2056 1638/254/1596 1633/250/1591
f 2120/765/2055 1600/217/1558 1599/218/1557
f 2120/765/2055 1599/218/1557 2121/764/2050
f 2117/762/2053 2006/643/1948 2005/644/1947
f 2117/762/2053 2005/644/1947 2011/648/1953
f 2109/755/2045 1993/630/1935 1992/631/1934
f 2109/755/2045 1992/631/1934 2000/637/1942
f 2109/755/2045 2099/745/2036 2123/768/2057
f 2109/755/2045 2123/768/2057 1993/630/1935
f 2123/768/2057 1988/625/1930 1987/626/1929
f 2123/768/2057 1987/626/1929 1993/630/1935
f 2123/768/2057 2094/740/2031 2124/769/2058
f 2123/768/2057 2124/769/2058 1988/625/1930
f 2123/768/2057 2099/745/2036 2095/739/2032
f 2123/768/2057 2095/739/2032 2094/740/2031
f 2124/769/2058 1983/620/1925 1982/621/1924
f 2124/769/2058 1982/621/1924 1988/625/1930
f 2124/769/2058 2089/735/2026 1395/7/1356
f 2124/769/2058 1395/7/1356 1983/620/1925
f 2124/769/2058 2094/740/2031 2090/734/2027
f 2124/769/2058 2090/734/2027 2089/735/2026
f 2110/754/2046 2000/637/1942 1999/638/1941
f 2110/754/2046 1999/638/1941 2112/758/2048
f 2101/747/2038 2107/751/2044 2125/770/2059
f 2101/747/2038 2125/770/2059 2102/746/2039
f 2125/770/2059 2126/772/2060 2127/771/2061
f 2125/770/2059 2127/771/2061 2102/746/2039
f 2128/773/2062 1634/252/1592 1631/247/1589
f 2128/773/2062 1631/247/1589 2129/774/2063
f 2128/773/2062 1597/215/1555 1596/216/1554
f 2128/773/2062 1596/216/1554 1634/252/1592
f 2126/772/2060 2130/776/2064 2131/775/2065
f 2126/772/2060 2131/775/2065 2127/771/2061
f 2129/774/2063 1631/247/1589 1630/248/1588
f 2129/774/2063 1630/248/1588 2132/777/2066
f 2130/776/2064 2133/779/2067 2134/778/2068
f 2130/776/2064 2134/778/2068 2131/775/2065
f 2132/777/2066 1630/248/1588 2135/781/2069
f 2132/777/2066 2135/781/2069 2136/780/2067
f 2135/781/2069 2021/657/1962 2020/658/1961
f 2135/781/2069 2020/658/1961 2136/780/2067
f 2135/781/2069 1637/255/1595 1636/256/1594
f 2135/781/2069 1636/256/1594 2021/657/1962
f 2135/781/2069 1630/248/1588 1629/249/1587
f 2135/781/2069 1629/249/1587 1637/255/1595
f 2133/779/2067 2025/661/1965 2024/662/1964
f 2133/779/2067 2024/662/1964 2134/778/2068
f 2134/778/2068 2137/783/2070 2138/782/2071
f 2134/778/2068 2138/782/2071 2131/775/2065
f 2134/778/2068 2024/662/1964 2027/664/1967
f 2134/778/2068 2027/664/1967 2137/783/2070
f 2137/783/2070 2139/784/2072 2092/736/2029
f 2137/783/2070 2092/736/2029 2138/782/2071
f 2137/783/2070 2027/664/1967 2140/785/2073
f 2137/783/2070 2140/785/2073 2139/784/2072
f 2140/785/2073 2141/786/2074 2087/731/2024
f 2140/785/2073 2087/731/2024 2139/784/2072
f 2140/785/2073 2030/667/1970 2142/787/2075
f 2140/785/2073 2142/787/2075 2141/786/2074
f 2140/785/2073 2027/664/1967 2026/665/1966
f 2140/785/2073 2026/665/1966 2030/667/1970
f 2142/787/2075 2143/788/2076 2083/727/2020
f 2142/787/2075 2083/727/2020 2141/786/2074
f 2142/787/2075 2034/671/1974 2144/789/2077
f 2142/787/2075 2144/789/2077 2143/788/2076
f 2142/787/2075 2030/667/1970 2029/668/1969
f 2142/787/2075 2029/668/1969 2034/671/1974
f 2144/789/2077 2145/791/2078 2146/790/2079
f 2144/789/2077 2146/790/2079 2143/788/2076
f 2144/789/2077 2037/674/1977 1411/28/1372
f 2144/789/2077 1411/28/1372 2145/791/2078
f 2144/789/2077 2034/671/1974 2033/672/1973
f 2144/789/2077 2033/672/1973 2037/674/1977
f 2145/791/2078 2147/793/2080 2148/792/2081
f 2145/791/2078 2148/792/2081 2146/790/2079
f 2145/791/2078 1411/28/1372 1410/24/1371
f 2145/791/2078 1410/24/1371 2147/793/2080
f 2147/793/2080 1564/181/1525 1563/182/1524
f 2147/793/2080 1563/182/1524 2148/792/2081
f 2147/793/2080 1410/24/1371 1409/25/1370
f 2147/793/2080 1409/25/1370 1564/181/1525
f 2148/792/2081 1563/182/1524 2077/722/2014
f 2148/792/2081 2077/722/2014 2079/723/2016
f 2148/792/2081 2079/723/2016 2081/725/2018
f 2148/792/2081 2081/725/2018 2146/790/2079
f 2146/790/2079 2081/725/2018 2083/727/2020
f 2146/790/2079 2083/727/2020 2143/788/2076
f 2141/786/2074 2083/727/2020 2082/728/2019
f 2141/786/2074 2082/728/2019 2087/731/2024
f 2139/784/2072 2087/731/2024 2086/732/2023
f 2139/784/2072 2086/732/2023 2092/736/2029
f 2138/782/2071 2092/736/2029 2091/737/2028
f 2138/782/2071 2091/737/2028 2097/741/2034
f 2138/782/2071 2097/741/2034 2127/771/2061
f 2138/782/2071 2127/771/2061 2131/775/2065
f 2127/771/2061 2097/741/2034 2096/742/2033
f 2127/771/2061 2096/742/2033 2102/746/2039
f 2089/735/2026 2085/730/2022 1389/4/1350
f 2089/735/2026 1389/4/1350 1395/7/1356
f 2077/722/2014 1563/182/1524 1562/178/1523
f 2077/722/2014 1562/178/1523 2072/716/2009
f 2074/720/2011 2149/796/2082 2150/795/2083
f 2074/720/2011 2150/795/2083 2151/794/2084
f 2074/720/2011 2070/714/2007 2069/715/2006
f 2074/720/2011 2069/715/2006 2149/796/2082
f 2074/720/2011 2151/794/2084 2152/797/2085
f 2074/720/2011 2152/797/2085 2075/719/2012
f 2152/797/2085 2151/794/2084 2153/799/2086
f 2152/797/2085 2153/799/2086 2154/798/2087
f 2152/797/2085 1398/11/1359 1393/5/1354
f 2152/797/2085 1393/5/1354 2075/719/2012
f 2152/797/2085 2154/798/2087 1973/610/1915
f 2152/797/2085 1973/610/1915 1398/11/1359
f 2153/799/2086 2155/802/2088 2156/801/2089
f 2153/799/2086 2156/801/2089 2157/800/2090
f 2153/799/2086 2151/794/2084 2150/795/2083
f 2153/799/2086 2150/795/2083 2155/802/2088
f 2153/799/2086 2157/800/2090 1970/607/1912
f 2153/799/2086 1970/607/1912 2154/798/2087
f 2155/802/2088 2158/804/2091 2159/803/2092
f 2155/802/2088 2159/803/2092 2156/801/2089
f 2155/802/2088 2150/795/2083 2160/805/2093
f 2155/802/2088 2160/805/2093 2158/804/2091
f 2160/805/2093 2161/807/2094 2162/806/2095
f 2160/805/2093 2162/806/2095 2158/804/2091
f 2160/805/2093 2163/809/2096 2164/808/2097
f 2160/805/2093 2164/808/2097 2161/807/2094
f 2160/805/2093 2150/795/2083 2149/796/2082
f 2160/805/2093 2149/796/2082 2163/809/2096
f 2163/809/2096 2165/811/2098 2166/810/2099
f 2163/809/2096 2166/810/2099 2164/808/2097
f 2163/809/2096 2149/796/2082 2069/715/2006
f 2163/809/2096 2069/715/2006 2165/811/2098
f 2165/811/2098 2065/711/2002 2167/812/2100
f 2165/811/2098 2167/812/2100 2166/810/2099
f 2165/811/2098 2069/715/2006 2066/710/2003
f 2165/811/2098 2066/710/2003 2065/711/2002
f 2167/812/2100 1566/183/1527 2168/813/2101
f 2167/812/2100 2168/813/2101 2166/810/2099
f 2167/812/2100 1403/17/1364 1402/13/1363
f 2167/812/2100 1402/13/1363 1566/183/1527
f 2167/812/2100 2065/711/2002 2063/708/2000
f 2167/812/2100 2063/708/2000 1403/17/1364
f 2168/813/2101 2169/816/2102 2170/815/2103
f 2168/813/2101 2170/815/2103 2171/814/2104
f 2168/813/2101 1566/183/1527 1565/184/1526
f 2168/813/2101 1565/184/1526 2169/816/2102
f 2168/813/2101 2171/814/2104 2164/808/2097
f 2168/813/2101 2164/808/2097 2166/810/2099
f 2169/816/2102 2172/818/2105 2173/817/2106
f 2169/816/2102 2173/817/2106 2170/815/2103
f 2169/816/2102 1565/184/1526 2174/819/2107
f 2169/816/2102 2174/819/2107 2172/818/2105
f 2175/820/2108 823/823/799 822/822/798
f 2175/820/2108 822/822/798 2176/821/2109
f 2175/820/2108 2177/825/2110 2173/817/2106
f 2175/820/2108 2173/817/2106 2178/824/2111
f 2175/820/2108 2176/821/2109 2179/826/2112
f 2175/820/2108 2179/826/2112 2177/825/2110
f 2179/826/2112 2176/821/2109 2180/828/2113
f 2179/826/2112 2180/828/2113 2181/827/2114
f 2179/826/2112 2182/830/2115 2183/829/2116
f 2179/826/2112 2183/829/2116 2177/825/2110
f 2179/826/2112 2181/827/2114 2184/831/2117
f 2179/826/2112 2184/831/2117 2182/830/2115
f 2184/831/2117 2181/827/2114 2185/833/2118
f 2184/831/2117 2185/833/2118 2186/832/2119
f 2184/831/2117 2187/835/2120 2188/834/2121
f 2184/831/2117 2188/834/2121 2182/830/2115
f 2184/831/2117 2186/832/2119 2189/836/2122
f 2184/831/2117 2189/836/2122 2187/835/2120
f 2189/836/2122 2186/832/2119 2190/838/2123
f 2189/836/2122 2190/838/2123 2191/837/2124
f 2189/836/2122 2192/840/2125 2193/839/2126
f 2189/836/2122 2193/839/2126 2187/835/2120
f 2189/836/2122 2191/837/2124 2194/841/2127
f 2189/836/2122 2194/841/2127 2192/840/2125
f 2194/841/2127 2191/837/2124 2195/843/2128
f 2194/841/2127 2195/843/2128 2196/842/2129
f 2194/841/2127 2197/845/2130 2198/844/2131
f 2194/841/2127 2198/844/2131 2192/840/2125
f 2194/841/2127 2196/842/2129 2199/846/2132
f 2194/841/2127 2199/846/2132 2197/845/2130
f 2199/846/2132 2196/842/2129 1956/593/1898
f 2199/846/2132 1956/593/1898 1955/594/1897
f 2199/846/2132 1964/600/1906 1963/601/1905
f 2199/846/2132 1963/601/1905 2197/845/2130
f 1959/597/1901 1958/598/1900 1955/594/1897
f 2197/845/2130 1963/601/1905 2200/847/2133
f 2197/845/2130 2200/847/2133 2198/844/2131
f 2200/847/2133 2156/801/2089 2159/803/2092
f 2200/847/2133 2159/803/2092 2198/844/2131
f 2200/847/2133 1967/604/1909 2157/800/2090
f 2200/847/2133 2157/800/2090 2156/801/2089
f 2200/847/2133 1963/601/1905 1962/602/1904
f 2200/847/2133 1962/602/1904 1967/604/1909
f 2198/844/2131 2159/803/2092 2193/839/2126
f 2198/844/2131 2193/839/2126 2192/840/2125
f 2195/843/2128 2201/850/2134 2202/849/2135
f 2195/843/2128 2202/849/2135 2203/848/2136
f 2195/843/2128 2191/837/2124 2190/838/2123
f 2195/843/2128 2190/838/2123 2201/850/2134
f 2195/843/2128 2203/848/2136 1956/593/1898
f 2195/843/2128 1956/593/1898 2196/842/2129
f 2201/850/2134 2204/852/2137 2205/851/2138
f 2201/850/2134 2205/851/2138 2202/849/2135
f 2201/850/2134 2190/838/2123 2206/853/2139
f 2201/850/2134 2206/853/2139 2204/852/2137
f 2206/853/2139 2207/855/2140 2208/854/2141
f 2206/853/2139 2208/854/2141 2204/852/2137
f 2206/853/2139 2185/833/2118 2209/856/2142
f 2206/853/2139 2209/856/2142 2207/855/2140
f 2206/853/2139 2190/838/2123 2186/832/2119
f 2206/853/2139 2186/832/2119 2185/833/2118
f 2209/856/2142 858/858/834 857/857/833
f 2209/856/2142 857/857/833 2207/855/2140
f 2209/856/2142 2180/828/2113 859/859/835
f 2209/856/2142 859/859/835 858/858/834
f 2209/856/2142 2185/833/2118 2181/827/2114
f 2209/856/2142 2181/827/2114 2180/828/2113
f 859/859/835 2180/828/2113 2176/821/2109
f 859/859/835 2176/821/2109 822/822/798
f 860/860/836 2210/863/2143 2211/862/2144
f 860/860/836 2211/862/2144 861/861/837
f 860/860/836 865/865/841 2212/864/2145
f 860/860/836 2212/864/2145 2210/863/2143
f 2212/864/2145 865/865/841 379/379/373
f 2212/864/2145 379/379/373 1761/380/1714
f 2212/864/2145 2213/867/2146 2214/866/2147
f 2212/864/2145 2214/866/2147 2210/863/2143
f 2212/864/2145 1761/380/1714 2215/868/2148
f 2212/864/2145 2215/868/2148 2213/867/2146
f 2215/868/2148 1761/380/1714 1760/381/1713
f 2215/868/2148 1760/381/1713 1764/386/1717
f 2215/868/2148 2216/870/2149 2217/869/2150
f 2215/868/2148 2217/869/2150 2213/867/2146
f 2215/868/2148 1764/386/1717 1765/387/1718
f 2215/868/2148 1765/387/1718 2216/870/2149
f 2216/870/2149 2218/872/2151 2219/871/2152
f 2216/870/2149 2219/871/2152 2217/869/2150
f 2216/870/2149 1765/387/1718 1767/388/1720
f 2216/870/2149 1767/388/1720 2218/872/2151
f 2218/872/2151 2220/874/2153 2221/873/2154
f 2218/872/2151 2221/873/2154 2219/871/2152
f 2218/872/2151 1767/388/1720 2222/875/2155
f 2218/872/2151 2222/875/2155 2220/874/2153
f 2222/875/2155 1767/388/1720 1766/389/1719
f 2222/875/2155 1766/389/1719 1769/391/1722
f 2222/875/2155 1884/521/1832 1886/523/1834
f 2222/875/2155 1886/523/1834 2220/874/2153
f 2222/875/2155 1769/391/1722 1774/395/1727
f 2222/875/2155 1774/395/1727 1884/521/1832
f 2220/874/2153 1886/523/1834 1888/525/1836
f 2220/874/2153 1888/525/1836 2221/873/2154
f 2221/873/2154 2223/877/2156 2224/876/2157
f 2221/873/2154 2224/876/2157 2219/871/2152
f 2221/873/2154 1888/525/1836 1951/588/1893
f 2221/873/2154 1951/588/1893 2223/877/2156
f 2223/877/2156 1954/591/1896 2225/878/2158
f 2223/877/2156 2225/878/2158 2224/876/2157
f 2223/877/2156 1951/588/1893 1950/589/1892
f 2223/877/2156 1950/589/1892 1954/591/1896
f 2225/878/2158 2226/880/2159 2227/879/2160
f 2225/878/2158 2227/879/2160 2224/876/2157
f 2225/878/2158 2228/882/2161 2229/881/2162
f 2225/878/2158 2229/881/2162 2226/880/2159
f 2225/878/2158 1954/591/1896 1953/592/1895
f 2225/878/2158 1953/592/1895 2228/882/2161
f 2228/882/2161 2203/848/2136 2202/849/2135
f 2228/882/2161 2202/849/2135 2229/881/2162
f 2228/882/2161 1953/592/1895 1956/593/1898
f 2228/882/2161 1956/593/1898 2203/848/2136
f 2229/881/2162 2230/884/2163 2231/883/2164
f 2229/881/2162 2231/883/2164 2226/880/2159
f 2229/881/2162 2202/849/2135 2205/851/2138
f 2229/881/2162 2205/851/2138 2230/884/2163
f 2230/884/2163 2232/885/2165 2211/862/2144
f 2230/884/2163 2211/862/2144 2231/883/2164
f 2230/884/2163 2205/851/2138 2233/886/2166
f 2230/884/2163 2233/886/2166 2232/885/2165
f 2233/886/2166 888/888/864 887/887/863
f 2233/886/2166 887/887/863 2232/885/2165
f 2233/886/2166 2208/854/2141 889/889/865
f 2233/886/2166 889/889/865 888/888/864
f 2233/886/2166 2205/851/2138 2204/852/2137
f 2233/886/2166 2204/852/2137 2208/854/2141
f 889/889/865 2208/854/2141 2207/855/2140
f 889/889/865 2207/855/2140 857/857/833
f 2232/885/2165 887/887/863 861/861/837
f 2232/885/2165 861/861/837 2211/862/2144
f 2231/883/2164 2211/862/2144 2210/863/2143
f 2231/883/2164 2210/863/2143 2214/866/2147
f 2231/883/2164 2214/866/2147 2227/879/2160
f 2231/883/2164 2227/879/2160 2226/880/2159
f 2227/879/2160 2214/866/2147 2213/867/2146
f 2227/879/2160 2213/867/2146 2217/869/2150
f 2227/879/2160 2217/869/2150 2219/871/2152
f 2227/879/2160 2219/871/2152 2224/876/2157
f 2193/839/2126 2162/806/2095 2188/834/2121
f 2193/839/2126 2188/834/2121 2187/835/2120
f 2193/839/2126 2159/803/2092 2158/804/2091
f 2193/839/2126 2158/804/2091 2162/806/2095
f 2188/834/2121 2234/890/2167 2183/829/2116
f 2188/834/2121 2183/829/2116 2182/830/2115
f 2188/834/2121 2162/806/2095 2161/807/2094
f 2188/834/2121 2161/807/2094 2234/890/2167
f 2234/890/2167 2171/814/2104 2170/815/2103
f 2234/890/2167 2170/815/2103 2183/829/2116
f 2234/890/2167 2161/807/2094 2164/808/2097
f 2234/890/2167 2164/808/2097 2171/814/2104
f 2183/829/2116 2170/815/2103 2173/817/2106
f 2183/829/2116 2173/817/2106 2177/825/2110
f 2157/800/2090 1967/604/1909 1966/605/1908
f 2157/800/2090 1966/605/1908 1970/607/1912
f 2154/798/2087 1970/607/1912 1969/608/1911
f 2154/798/2087 1969/608/1911 1973/610/1915
f 2072/716/2009 1562/178/1523 1561/179/1522
f 2072/716/2009 1561/179/1522 2067/712/2004
f 2061/706/1998 1561/179/1522 1560/180/1521
f 2061/706/1998 1560/180/1521 2062/705/1999
f 2062/705/1999 1560/180/1521 1409/25/1370
f 2062/705/1999 1409/25/1370 1408/26/1369
f 2044/681/1984 1417/33/1378 1416/31/1377
f 2044/681/1984 1416/31/1377 2040/678/1980
f 2036/675/1976 1412/27/1373 1411/28/1372
f 2036/675/1976 1411/28/1372 2037/674/1977
f 1985/624/1927 1981/619/1923 1453/71/1414
f 1985/624/1927 1453/71/1414 1458/73/1419
f 1983/620/1925 1395/7/1356 1394/8/1355
f 1983/620/1925 1394/8/1355 1979/617/1921
f 1975/612/1917 1397/9/1358 1396/10/1357
f 1975/612/1917 1396/10/1357 1972/611/1914
f 1972/611/1914 1396/10/1357 1398/11/1359
f 1972/611/1914 1398/11/1359 1973/610/1915
f 1951/588/1893 1888/525/1836 1887/526/1835
f 1951/588/1893 1887/526/1835 1891/528/1839
f 1771/394/1724 1768/390/1721 1518/136/1479
f 1771/394/1724 1518/136/1479 1521/137/1482
f 1763/384/1716 385/385/379 892/892/868
f 1763/384/1716 892/892/868 2235/891/2168
f 1763/384/1716 2235/891/2168 1515/133/1476
f 1763/384/1716 1515/133/1476 1514/130/1475
f 2235/891/2168 892/892/868 893/893/869
f 2235/891/2168 893/893/869 1606/225/1564
f 2235/891/2168 1606/225/1564 1605/221/1563
f 2235/891/2168 1605/221/1563 1515/133/1476
f 1758/375/1711 1450/68/1411 1456/72/1417
f 1758/375/1711 1456/72/1417 1756/373/1709
f 1665/284/1620 1661/279/1616 1463/77/1424
f 1665/284/1620 1463/77/1424 1462/78/1423
f 1654/272/1609 1442/59/1403 1445/60/1406
f 1654/272/1609 1445/60/1406 1468/84/1429
f 1651/268/1607 1429/46/1390 1422/39/1383
f 1651/268/1607 1422/39/1383 1647/265/1604
f 1637/255/1595 1629/249/1587 1633/250/1591
f 1637/255/1595 1633/250/1591 1638/254/1596
f 1634/252/1592 1596/216/1554 1601/219/1559
f 1634/252/1592 1601/219/1559 1632/251/1590
f 1606/225/1564 893/893/869 500/500/491
f 1606/225/1564 500/500/491 1607/224/1565
f 1604/222/1562 1516/132/1477 1515/133/1476
f 1604/222/1562 1515/133/1476 1605/221/1563
f 1571/191/1532 1554/172/1515 1530/147/1491
f 1571/191/1532 1530/147/1491 1532/148/1493
f 1570/188/1531 1569/185/1530 1542/158/1503
f 1570/188/1531 1542/158/1503 1541/159/1502
f 1570/188/1531 2236/894/2169 1425/40/1386
f 1570/188/1531 1425/40/1386 1424/41/1385
f 1564/181/1525 1409/25/1370 1560/180/1521
f 1564/181/1525 1560/180/1521 1559/177/1520
f 2237/895/2170 1501/118/1462 1504/119/1465
f 2237/895/2170 1504/119/1465 2238/896/2171
f 1499/116/1460 1493/108/1454 1492/109/1453
f 1499/116/1460 1492/109/1453 1500/115/1461
f 1482/100/1443 1471/89/1432 1475/90/1436
f 1482/100/1443 1475/90/1436 1483/99/1444
f 1510/125/1471 1506/124/1467 1477/93/1438
f 1507/123/1468 1505/121/1466 1494/110/1455
f 2237/895/2170 1839/461/1787 1502/117/1463
f 2237/895/2170 1502/117/1463 1501/118/1462
f 2237/895/2170 1510/125/1471 1839/461/1787
f 1839/461/1787 1510/125/1471 1509/126/1470
f 1839/461/1787 1509/126/1470 1513/127/1474
f 1539/155/1500 1866/488/1814 1538/153/1499
f 1539/155/1500 1538/153/1499 1537/154/1498
f 1538/153/1499 1866/488/1814 1869/491/1817
f 1869/491/1817 1866/488/1814 1487/103/1448
f 1869/491/1817 1487/103/1448 1485/101/1446
f 1776/399/1729 1778/401/1731 1567/187/1528
f 1776/399/1729 1567/187/1528 1777/398/1730
f 1777/398/1730 1567/187/1528 1428/44/1389
f 1960/596/1902 1959/597/1901 1740/357/1693
f 1737/356/1690 1955/594/1897 1952/590/1894
f 1737/356/1690 1952/590/1894 1738/355/1691
f 1741/359/1694 1960/596/1902 1740/357/1693
f 1741/359/1694 1740/357/1693 1739/358/1692
f 1743/360/1696 1957/595/1899 1960/596/1902
f 1743/360/1696 1960/596/1902 1741/359/1694
f 897/897/873 2239/899/2172 898/898/874
f 823/823/799 2175/820/2108 2178/824/2111
f 823/823/799 2178/824/2111 900/900/876
f 900/900/876 2178/824/2111 2239/899/2172
f 900/900/876 2239/899/2172 897/897/873
f 2173/817/2106 2172/818/2105 2239/899/2172
f 2173/817/2106 2239/899/2172 2178/824/2111
f 2172/818/2105 2174/819/2107 898/898/874
f 2172/818/2105 898/898/874 2239/899/2172
f 901/901/877 2240/904/2173 2241/903/2174
f 901/901/877 2241/903/2174 902/902/878
f 694/694/672 1459/75/1420 1452/66/1413
f 694/694/672 1452/66/1413 905/905/881
f 905/905/881 1452/66/1413 1451/67/1412
f 905/905/881 1451/67/1412 906/906/882
f 906/906/882 1451/67/1412 2242/908/2175
f 906/906/882 2242/908/2175 907/907/883
f 907/907/883 2242/908/2175 2240/904/2173
f 907/907/883 2240/904/2173 901/901/877
f 909/909/885 2243/911/2176 1440/57/1401
f 909/909/885 1440/57/1401 910/910/886
f 902/902/878 2241/903/2174 2243/911/2176
f 902/902/878 2243/911/2176 909/909/885
f 1450/68/1411 1758/375/1711 2242/908/2175
f 1450/68/1411 2242/908/2175 1451/67/1412
f 1758/375/1711 1757/376/1710 2240/904/2173
f 1758/375/1711 2240/904/2173 2242/908/2175
f 1757/376/1710 1759/377/1712 2241/903/2174
f 1757/376/1710 2241/903/2174 2240/904/2173
f 2243/911/2176 2241/903/2174 1759/377/1712
f 2243/911/2176 1759/377/1712 1441/56/1402
f 1441/56/1402 1440/57/1401 2243/911/2176
f 1737/356/1690 1740/357/1693 1959/597/1901
f 1737/356/1690 1959/597/1901 1955/594/1897
f 1957/595/1899 1961/599/1903 1964/600/1906
f 1957/595/1899 1964/600/1906 1958/598/1900
f 1955/594/1897 1958/598/1900 1964/600/1906
f 1955/594/1897 1964/600/1906 2199/846/2132
f 1440/57/1401 1434/50/1395 912/912/888
f 1440/57/1401 912/912/888 910/910/886
f 1420/36/1381 1419/37/1380 914/914/890
f 1420/36/1381 914/914/890 913/913/889
f 915/915/891 914/914/890 1419/37/1380
f 915/915/891 1419/37/1380 1425/40/1386
f 1434/50/1395 1439/54/1400 916/916/892
f 1434/50/1395 916/916/892 912/912/888
f 1643/261/1601 1420/36/1381 913/913/889
f 1643/261/1601 913/913/889 917/917/893
f 1645/264/1400 1643/261/1601 917/917/893
f 1645/264/1400 917/917/893 918/918/894
f 1425/40/1386 2236/894/2169 919/919/895
f 1425/40/1386 919/919/895 915/915/891
f 919/919/895 2236/894/2169 2244/921/2177
f 919/919/895 2244/921/2177 920/920/896
f 922/922/898 2245/924/2178 1788/410/1741
f 922/922/898 1788/410/1741 923/923/899
f 923/923/899 1788/410/1741 1792/414/1745
f 923/923/899 1792/414/1745 925/925/901
f 1807/428/1758 1806/429/1757 927/927/903
f 1807/428/1758 927/927/903 926/926/902
f 1546/162/1507 1545/163/1506 929/929/904
f 1546/162/1507 929/929/904 928/928/903
f 1545/163/1506 1550/166/1511 930/930/905
f 1545/163/1506 930/930/905 929/929/904
f 1812/433/1762 1557/176/1518 173/173/173
f 1812/433/1762 173/173/173 931/931/906
f 1809/430/1760 1812/433/1762 931/931/906
f 1809/430/1760 931/931/906 932/932/907
f 1550/166/1511 1793/415/1746 933/933/908
f 1550/166/1511 933/933/908 930/930/905
f 1793/415/1746 1796/416/1749 934/934/909
f 1793/415/1746 934/934/909 933/933/908
f 1796/416/1749 1809/430/1760 932/932/907
f 1796/416/1749 932/932/907 934/934/909
f 935/935/910 2246/936/2179 1807/428/1758
f 935/935/910 1807/428/1758 926/926/902
f 925/925/901 1792/414/1745 2246/936/2179
f 925/925/901 2246/936/2179 935/935/910
f 2247/937/2180 1791/411/1744 1790/412/1743
f 2247/937/2180 1790/412/1743 1805/427/1756
f 2246/936/2179 1792/414/1745 1791/411/1744
f 2246/936/2179 1791/411/1744 2247/937/2180
f 920/920/896 2244/921/2177 2245/924/2178
f 920/920/896 2245/924/2178 922/922/898
f 1570/188/1531 1541/159/1502 2244/921/2177
f 1570/188/1531 2244/921/2177 2236/894/2169
f 1541/159/1502 1540/156/1501 2245/924/2178
f 1541/159/1502 2245/924/2178 2244/921/2177
f 1543/157/1504 1788/410/1741 2245/924/2178
f 1543/157/1504 2245/924/2178 1540/156/1501
f 1787/408/1740 1792/414/1745 1788/410/1741
f 2247/937/2180 1807/428/1758 2246/936/2179
f 1805/427/1756 1807/428/1758 2247/937/2180
f 1804/425/1755 1807/428/1758 1805/427/1756
f 1484/98/1445 1830/452/1779 1829/451/1778
f 1484/98/1445 1829/451/1778 1486/102/1447
f 1830/452/1779 1828/449/1777 1827/450/1776
f 1830/452/1779 1827/450/1776 1829/451/1778
f 1401/14/1362 1400/15/1361 22/22/22
f 1401/14/1362 22/22/22 938/938/913
f 1565/184/1526 1401/14/1362 2248/939/2181
f 1565/184/1526 2248/939/2181 2174/819/2107
f 1401/14/1362 938/938/913 940/940/915
f 1401/14/1362 940/940/915 2248/939/2181
f 2249/941/2182 2250/944/2183 2251/943/2184
f 2249/941/2182 2251/943/2184 2252/942/2185
f 945/945/920 948/948/923 2253/947/2186
f 945/945/920 2253/947/2186 2254/946/2187
f 945/945/920 2254/946/2187 2255/950/2188
f 945/945/920 2255/950/2188 949/949/924
f 2255/950/2188 2254/946/2187 2256/952/2189
f 2255/950/2188 2256/952/2189 2257/951/2190
f 2256/952/2189 2258/955/2191 2259/954/2192
f 2256/952/2189 2259/954/2192 2260/953/2193
f 2256/952/2189 2254/946/2187 2253/947/2186
f 2256/952/2189 2253/947/2186 2258/955/2191
f 2256/952/2189 2260/953/2193 2261/956/2194
f 2256/952/2189 2261/956/2194 2257/951/2190
f 2261/956/2194 2260/953/2193 2262/958/2195
f 2261/956/2194 2262/958/2195 2263/957/2196
f 2262/958/2195 2264/961/2197 2265/960/2198
f 2262/958/2195 2265/960/2198 2266/959/2199
f 2262/958/2195 2260/953/2193 2259/954/2192
f 2262/958/2195 2259/954/2192 2264/961/2197
f 2262/958/2195 2266/959/2199 2267/962/2200
f 2262/958/2195 2267/962/2200 2263/957/2196
f 2267/962/2200 2266/959/2199 2268/964/2201
f 2267/962/2200 2268/964/2201 2269/963/2202
f 2268/964/2201 2270/966/2203 2271/965/2204
f 2268/964/2201 2271/965/2204 2251/943/2184
f 2268/964/2201 2266/959/2199 2265/960/2198
f 2268/964/2201 2265/960/2198 2270/966/2203
f 2268/964/2201 2251/943/2184 2250/944/2183
f 2268/964/2201 2250/944/2183 2269/963/2202
f 2270/966/2203 2272/968/2205 2273/967/2206
f 2270/966/2203 2273/967/2206 2271/965/2204
f 2270/966/2203 2265/960/2198 2274/969/2207
f 2270/966/2203 2274/969/2207 2272/968/2205
f 2274/969/2207 2275/971/2208 2276/970/2209
f 2274/969/2207 2276/970/2209 2272/968/2205
f 2274/969/2207 2277/973/2210 2278/972/2211
f 2274/969/2207 2278/972/2211 2275/971/2208
f 2274/969/2207 2265/960/2198 2264/961/2197
f 2274/969/2207 2264/961/2197 2277/973/2210
f 2277/973/2210 2279/975/2212 2280/974/2213
f 2277/973/2210 2280/974/2213 2278/972/2211
f 2277/973/2210 2264/961/2197 2259/954/2192
f 2277/973/2210 2259/954/2192 2279/975/2212
f 2279/975/2212 2281/977/2214 2282/976/2215
f 2279/975/2212 2282/976/2215 2280/974/2213
f 2279/975/2212 2259/954/2192 2258/955/2191
f 2279/975/2212 2258/955/2191 2281/977/2214
f 2281/977/2214 2283/979/2216 2284/978/2217
f 2281/977/2214 2284/978/2217 2282/976/2215
f 2281/977/2214 2258/955/2191 2253/947/2186
f 2281/977/2214 2253/947/2186 2283/979/2216
f 2283/979/2216 981/981/956 980/980/955
f 2283/979/2216 980/980/955 2284/978/2217
f 2283/979/2216 2253/947/2186 948/948/923
f 2283/979/2216 948/948/923 981/981/956
f 2285/982/2218 2273/967/2206 2286/984/2219
f 2285/982/2218 2286/984/2219 2287/983/2220
f 2285/982/2218 2288/985/2221 2271/965/2204
f 2285/982/2218 2271/965/2204 2273/967/2206
f 2286/984/2219 2289/987/2222 2290/986/2223
f 2286/984/2219 2290/986/2223 2287/983/2220
f 2286/984/2219 2276/970/2209 2291/988/2224
f 2286/984/2219 2291/988/2224 2289/987/2222
f 2286/984/2219 2273/967/2206 2272/968/2205
f 2286/984/2219 2272/968/2205 2276/970/2209
f 2291/988/2224 2292/990/2225 2293/989/2226
f 2291/988/2224 2293/989/2226 2289/987/2222
f 2291/988/2224 2294/992/2227 2295/991/2228
f 2291/988/2224 2295/991/2228 2292/990/2225
f 2291/988/2224 2276/970/2209 2275/971/2208
f 2291/988/2224 2275/971/2208 2294/992/2227
f 2294/992/2227 2296/994/2229 2297/993/2230
f 2294/992/2227 2297/993/2230 2295/991/2228
f 2294/992/2227 2275/971/2208 2278/972/2211
f 2294/992/2227 2278/972/2211 2296/994/2229
f 2296/994/2229 2298/996/2231 2299/995/2232
f 2296/994/2229 2299/995/2232 2297/993/2230
f 2296/994/2229 2278/972/2211 2280/974/2213
f 2296/994/2229 2280/974/2213 2298/996/2231
f 2298/996/2231 2300/998/2233 2301/997/2234
f 2298/996/2231 2301/997/2234 2299/995/2232
f 2298/996/2231 2280/974/2213 2282/976/2215
f 2298/996/2231 2282/976/2215 2300/998/2233
f 2300/998/2233 2302/1000/2235 2303/999/2236
f 2300/998/2233 2303/999/2236 2301/997/2234
f 2300/998/2233 2282/976/2215 2284/978/2217
f 2300/998/2233 2284/978/2217 2302/1000/2235
f 2302/1000/2235 1002/1002/977 1001/1001/976
f 2302/1000/2235 1001/1001/976 2303/999/2236
f 2302/1000/2235 2284/978/2217 980/980/955
f 2302/1000/2235 980/980/955 1002/1002/977
f 2304/1003/2237 2293/989/2226 2305/1005/2238
f 2304/1003/2237 2305/1005/2238 2306/1004/2239
f 2304/1003/2237 2290/986/2223 2289/987/2222
f 2304/1003/2237 2289/987/2222 2293/989/2226
f 2305/1005/2238 2293/989/2226 2292/990/2225
f 2305/1005/2238 2292/990/2225 2307/1006/2240
f 2307/1006/2240 2292/990/2225 2295/991/2228
f 2307/1006/2240 2295/991/2228 2308/1007/2241
f 2308/1007/2241 2295/991/2228 2297/993/2230
f 2308/1007/2241 2297/993/2230 2309/1008/2242
f 2309/1008/2242 2297/993/2230 2299/995/2232
f 2309/1008/2242 2299/995/2232 2310/1009/2243
f 2310/1009/2243 2299/995/2232 2301/997/2234
f 2310/1009/2243 2301/997/2234 2311/1010/2244
f 2311/1010/2244 2301/997/2234 2303/999/2236
f 2311/1010/2244 2303/999/2236 2312/1011/2245
f 2312/1011/2245 2303/999/2236 1001/1001/976
f 2312/1011/2245 1001/1001/976 1012/1012/987
f 2271/965/2204 2288/985/2221 2252/942/2185
f 2271/965/2204 2252/942/2185 2251/943/2184
f 949/949/924 2255/950/2188 1879/509/1827
f 949/949/924 1879/509/1827 510/510/501
f 2255/950/2188 2257/951/2190 1881/512/1829
f 2255/950/2188 1881/512/1829 1879/509/1827
f 2257/951/2190 2261/956/2194 1851/472/1799
f 2257/951/2190 1851/472/1799 1881/512/1829
f 2261/956/2194 2263/957/2196 1849/470/1797
f 2261/956/2194 1849/470/1797 1851/472/1799
f 2263/957/2196 2267/962/2200 1847/469/1795
f 2263/957/2196 1847/469/1795 1849/470/1797
f 2267/962/2200 2269/963/2202 1846/468/1794
f 2267/962/2200 1846/468/1794 1847/469/1795
f 2269/963/2202 2250/944/2183 1844/467/1792
f 2269/963/2202 1844/467/1792 1846/468/1794
f 2250/944/2183 2249/941/2182 1845/466/1793
f 2250/944/2183 1845/466/1793 1844/467/1792
f 2249/941/2182 2252/942/2185 1014/1014/989
f 2249/941/2182 1014/1014/989 1013/1013/988
f 2252/942/2185 2288/985/2221 1015/1015/990
f 2252/942/2185 1015/1015/990 1014/1014/989
f 2285/982/2218 2287/983/2220 1017/1017/992
f 2285/982/2218 1017/1017/992 1016/1016/991
f 2288/985/2221 2285/982/2218 1016/1016/991
f 2288/985/2221 1016/1016/991 1015/1015/990
f 2287/983/2220 2290/986/2223 1018/1018/993
f 2287/983/2220 1018/1018/993 1017/1017/992
f 2290/986/2223 2304/1003/2237 1019/1019/994
f 2290/986/2223 1019/1019/994 1018/1018/993
f 2304/1003/2237 2306/1004/2239 1020/1020/995
f 2304/1003/2237 1020/1020/995 1019/1019/994
f 514/514/505 1845/466/1793 2249/941/2182
f 514/514/505 2249/941/2182 1013/1013/988
f 2306/1004/2239 2305/1005/2238 2313/1022/2246
f 2306/1004/2239 2313/1022/2246 2314/1021/2247
f 2305/1005/2238 2307/1006/2240 2315/1023/2248
f 2305/1005/2238 2315/1023/2248 2313/1022/2246
f 2307/1006/2240 2308/1007/2241 2316/1024/2249
f 2307/1006/2240 2316/1024/2249 2315/1023/2248
f 2308/1007/2241 2309/1008/2242 2317/1025/2250
f 2308/1007/2241 2317/1025/2250 2316/1024/2249
f 2309/1008/2242 2310/1009/2243 2318/1026/2251
f 2309/1008/2242 2318/1026/2251 2317/1025/2250
f 2310/1009/2243 2311/1010/2244 2319/1027/2252
f 2310/1009/2243 2319/1027/2252 2318/1026/2251
f 2311/1010/2244 2312/1011/2245 2320/1028/2253
f 2311/1010/2244 2320/1028/2253 2319/1027/2252
f 2312/1011/2245 1012/1012/987 1029/1029/1004
f 2312/1011/2245 1029/1029/1004 2320/1028/2253
f 1020/1020/995 2306/1004/2239 2314/1021/2247
f 1020/1020/995 2314/1021/2247 1030/1030/1005
f 2314/1021/2247 2313/1022/2246 2321/1032/2254
f 2314/1021/2247 2321/1032/2254 2322/1031/2255
f 2313/1022/2246 2315/1023/2248 2323/1033/2256
f 2313/1022/2246 2323/1033/2256 2321/1032/2254
f 2315/1023/2248 2316/1024/2249 2324/1034/2257
f 2315/1023/2248 2324/1034/2257 2323/1033/2256
f 2316/1024/2249 2317/1025/2250 2325/1035/2258
f 2316/1024/2249 2325/1035/2258 2324/1034/2257
f 2317/1025/2250 2318/1026/2251 2326/1036/2259
f 2317/1025/2250 2326/1036/2259 2325/1035/2258
f 2318/1026/2251 2319/1027/2252 2327/1037/2260
f 2318/1026/2251 2327/1037/2260 2326/1036/2259
f 2319/1027/2252 2320/1028/2253 2328/1038/2261
f 2319/1027/2252 2328/1038/2261 2327/1037/2260
f 2320/1028/2253 1029/1029/1004 1039/1039/672
f 2320/1028/2253 1039/1039/672 2328/1038/2261
f 1030/1030/1005 2314/1021/2247 2322/1031/2255
f 1030/1030/1005 2322/1031/2255 1040/1040/1014
f 2322/1031/2255 2321/1032/2254 2329/1042/2262
f 2322/1031/2255 2329/1042/2262 2330/1041/2263
f 2321/1032/2254 2323/1033/2256 2331/1043/2264
f 2321/1032/2254 2331/1043/2264 2329/1042/2262
f 2323/1033/2256 2324/1034/2257 2332/1044/2265
f 2323/1033/2256 2332/1044/2265 2331/1043/2264
f 2324/1034/2257 2325/1035/2258 2333/1045/2266
f 2324/1034/2257 2333/1045/2266 2332/1044/2265
f 2325/1035/2258 2326/1036/2259 2334/1046/2267
f 2325/1035/2258 2334/1046/2267 2333/1045/2266
f 2326/1036/2259 2327/1037/2260 2335/1047/2268
f 2326/1036/2259 2335/1047/2268 2334/1046/2267
f 2327/1037/2260 2328/1038/2261 2336/1048/2269
f 2327/1037/2260 2336/1048/2269 2335/1047/2268
f 2328/1038/2261 1039/1039/672 1049/1049/1023
f 2328/1038/2261 1049/1049/1023 2336/1048/2269
f 1040/1040/1014 2322/1031/2255 2330/1041/2263
f 1040/1040/1014 2330/1041/2263 1050/1050/1024
f 2330/1041/2263 2329/1042/2262 2337/1052/2270
f 2330/1041/2263 2337/1052/2270 2338/1051/2271
f 2329/1042/2262 2331/1043/2264 2339/1053/2272
f 2329/1042/2262 2339/1053/2272 2337/1052/2270
f 2331/1043/2264 2332/1044/2265 2340/1054/2273
f 2331/1043/2264 2340/1054/2273 2339/1053/2272
f 2332/1044/2265 2333/1045/2266 2341/1055/2274
f 2332/1044/2265 2341/1055/2274 2340/1054/2273
f 2333/1045/2266 2334/1046/2267 2342/1056/2275
f 2333/1045/2266 2342/1056/2275 2341/1055/2274
f 2334/1046/2267 2335/1047/2268 2343/1057/2276
f 2334/1046/2267 2343/1057/2276 2342/1056/2275
f 2335/1047/2268 2336/1048/2269 2344/1058/2277
f 2335/1047/2268 2344/1058/2277 2343/1057/2276
f 2336/1048/2269 1049/1049/1023 1059/1059/1033
f 2336/1048/2269 1059/1059/1033 2344/1058/2277
f 1050/1050/1024 2330/1041/2263 2338/1051/2271
f 1050/1050/1024 2338/1051/2271 1060/1060/1034
f 2338/1051/2271 2337/1052/2270 2345/1062/2278
f 2338/1051/2271 2345/1062/2278 2346/1061/2279
f 2337/1052/2270 2339/1053/2272 2347/1063/2280
f 2337/1052/2270 2347/1063/2280 2345/1062/2278
f 2339/1053/2272 2340/1054/2273 2348/1064/2281
f 2339/1053/2272 2348/1064/2281 2347/1063/2280
f 2340/1054/2273 2341/1055/2274 2349/1065/2282
f 2340/1054/2273 2349/1065/2282 2348/1064/2281
f 2341/1055/2274 2342/1056/2275 2350/1066/2283
f 2341/1055/2274 2350/1066/2283 2349/1065/2282
f 2342/1056/2275 2343/1057/2276 2351/1067/2284
f 2342/1056/2275 2351/1067/2284 2350/1066/2283
f 2343/1057/2276 2344/1058/2277 2352/1068/2285
f 2343/1057/2276 2352/1068/2285 2351/1067/2284
f 2344/1058/2277 1059/1059/1033 1069/1069/1043
f 2344/1058/2277 1069/1069/1043 2352/1068/2285
f 1060/1060/1034 2338/1051/2271 2346/1061/2279
f 1060/1060/1034 2346/1061/2279 1070/1070/1044
f 2350/1066/2283 2351/1067/2284 2353/1072/2286
f 2350/1066/2283 2353/1072/2286 2354/1071/2287
f 2351/1067/2284 2352/1068/2285 2355/1073/2288
f 2351/1067/2284 2355/1073/2288 2353/1072/2286
f 2352/1068/2285 1069/1069/1043 1074/1074/1048
f 2352/1068/2285 1074/1074/1048 2355/1073/2288
f 2354/1071/2287 2353/1072/2286 2356/1076/2289
f 2354/1071/2287 2356/1076/2289 2357/1075/2290
f 2353/1072/2286 2355/1073/2288 2358/1077/2291
f 2353/1072/2286 2358/1077/2291 2356/1076/2289
f 2355/1073/2288 1074/1074/1048 1078/1078/1052
f 2355/1073/2288 1078/1078/1052 2358/1077/2291
f 2349/1065/2282 2350/1066/2283 2354/1071/2287
f 2349/1065/2282 2354/1071/2287 2357/1075/2290
f 898/898/874 2174/819/2107 2359/1080/2292
f 898/898/874 2359/1080/2292 1079/1079/1053
f 2174/819/2107 2248/939/2181 2360/1081/2293
f 2174/819/2107 2360/1081/2293 2359/1080/2292
f 2248/939/2181 940/940/915 1082/1082/1056
f 2248/939/2181 1082/1082/1056 2360/1081/2293
f 1079/1079/1053 2359/1080/2292 2361/1084/2294
f 1079/1079/1053 2361/1084/2294 1083/1083/1057
f 2359/1080/2292 2360/1081/2293 2362/1085/2295
f 2359/1080/2292 2362/1085/2295 2361/1084/2294
f 2360/1081/2293 1082/1082/1056 1086/1086/1060
f 2360/1081/2293 1086/1086/1060 2362/1085/2295
f 1083/1083/1057 2361/1084/2294 2363/1088/2296
f 1083/1083/1057 2363/1088/2296 1087/1087/1061
f 2361/1084/2294 2362/1085/2295 2364/1089/2297
f 2361/1084/2294 2364/1089/2297 2363/1088/2296
f 2362/1085/2295 1086/1086/1060 1090/1090/1064
f 2362/1085/2295 1090/1090/1064 2364/1089/2297
f 2365/1091/2298 1094/1094/1068 1093/1093/1067
f 2365/1091/2298 1093/1093/1067 2366/1092/2299
f 2367/1095/2300 2365/1091/2298 2366/1092/2299
f 2367/1095/2300 2366/1092/2299 2368/1096/2301
f 1097/1097/1071 2367/1095/2300 2368/1096/2301
f 1097/1097/1071 2368/1096/2301 1098/1098/1072
f 2369/1099/2302 1100/1100/1074 1094/1094/1068
f 2369/1099/2302 1094/1094/1068 2365/1091/2298
f 2370/1101/2303 2369/1099/2302 2365/1091/2298
f 2370/1101/2303 2365/1091/2298 2367/1095/2300
f 1102/1102/1076 2370/1101/2303 2367/1095/2300
f 1102/1102/1076 2367/1095/2300 1097/1097/1071
f 2371/1103/2304 1104/1104/1078 1100/1100/1074
f 2371/1103/2304 1100/1100/1074 2369/1099/2302
f 2372/1105/2305 2371/1103/2304 2369/1099/2302
f 2372/1105/2305 2369/1099/2302 2370/1101/2303
f 1106/1106/1080 2372/1105/2305 2370/1101/2303
f 1106/1106/1080 2370/1101/2303 1102/1102/1076
f 2364/1089/2297 1090/1090/1064 1104/1104/1078
f 2364/1089/2297 1104/1104/1078 2371/1103/2304
f 2363/1088/2296 2364/1089/2297 2371/1103/2304
f 2363/1088/2296 2371/1103/2304 2372/1105/2305
f 1087/1087/1061 2363/1088/2296 2372/1105/2305
f 1087/1087/1061 2372/1105/2305 1106/1106/1080
f 1867/490/1815 1866/488/1814 1539/155/1500
f 2373/1107/2306 2374/1110/1477 2375/1109/2307
f 2373/1107/2306 2375/1109/2307 2376/1108/2308
f 2377/1111/1482 2373/1107/2306 2376/1108/2308
f 2377/1111/1482 2376/1108/2308 2378/1112/2309
f 2379/1113/2310 2380/1116/1561 2381/1115/2311
f 2379/1113/2310 2381/1115/2311 2382/1114/2312
f 2380/1116/1561 2383/1118/1570 2384/1117/2313
f 2380/1116/1561 2384/1117/2313 2381/1115/2311
f 2385/1119/2314 2386/1122/1815 2387/1121/2315
f 2385/1119/2314 2387/1121/2315 2388/1120/2316
f 2383/1118/1570 2385/1119/2314 2388/1120/2316
f 2383/1118/1570 2388/1120/2316 2384/1117/2313
f 2374/1110/1477 2389/1124/2317 2390/1123/2312
f 2374/1110/1477 2390/1123/2312 2375/1109/2307
f 2386/1122/1815 2391/1125/2318 2387/1121/2315
f 2392/1126/2319 2393/1129/2320 2394/1128/2321
f 2392/1126/2319 2394/1128/2321 2395/1127/2322
f 2396/1130/1487 2392/1126/2319 2395/1127/2322
f 2396/1130/1487 2395/1127/2322 2397/1131/2323
f 2398/1132/1725 2399/1135/2324 2400/1134/2325
f 2398/1132/1725 2400/1134/2325 2401/1133/2326
f 2402/1136/2327 2398/1132/1725 2401/1133/2326
f 2402/1136/2327 2401/1133/2326 2403/1137/2328
f 2404/1138/2329 2402/1136/2327 2403/1137/2328
f 2404/1138/2329 2403/1137/2328 2405/1139/2330
f 2406/1140/2331 2407/1142/2332 2408/1141/2333
f 2406/1140/2331 2408/1141/2333 2394/1128/2321
f 2393/1129/2320 2406/1140/2331 2394/1128/2321
f 2409/1143/2334 2410/1146/1820 2411/1145/2335
f 2409/1143/2334 2411/1145/2335 2412/1144/2336
f 2410/1146/1820 2396/1130/1487 2397/1131/2323
f 2410/1146/1820 2397/1131/2323 2411/1145/2335
f 2407/1142/2332 2413/1148/1729 2414/1147/2330
f 2407/1142/2332 2414/1147/2330 2408/1141/2333
f 2395/1127/2322 2394/1128/2321 2415/1150/2337
f 2395/1127/2322 2415/1150/2337 2416/1149/2338
f 2397/1131/2323 2395/1127/2322 2416/1149/2338
f 2397/1131/2323 2416/1149/2338 2417/1151/2339
f 2401/1133/2326 2400/1134/2325 2418/1153/2340
f 2401/1133/2326 2418/1153/2340 2419/1152/2341
f 2403/1137/2328 2401/1133/2326 2419/1152/2341
f 2403/1137/2328 2419/1152/2341 2420/1154/2342
f 2405/1139/2330 2403/1137/2328 2420/1154/2342
f 2405/1139/2330 2420/1154/2342 2421/1155/2343
f 2394/1128/2321 2408/1141/2333 2422/1156/2344
f 2394/1128/2321 2422/1156/2344 2415/1150/2337
f 2412/1144/2336 2411/1145/2335 2423/1158/2345
f 2412/1144/2336 2423/1158/2345 2424/1157/2346
f 2411/1145/2335 2397/1131/2323 2417/1151/2339
f 2411/1145/2335 2417/1151/2339 2423/1158/2345
f 2408/1141/2333 2414/1147/2330 2425/1159/2343
f 2408/1141/2333 2425/1159/2343 2422/1156/2344
f 2416/1149/2338 2415/1150/2337 2426/1161/2347
f 2416/1149/2338 2426/1161/2347 2427/1160/2348
f 2417/1151/2339 2416/1149/2338 2427/1160/2348
f 2417/1151/2339 2427/1160/2348 2428/1162/2349
f 2419/1152/2341 2418/1153/2340 2429/1164/2350
f 2419/1152/2341 2429/1164/2350 2430/1163/2351
f 2420/1154/2342 2419/1152/2341 2430/1163/2351
f 2420/1154/2342 2430/1163/2351 2431/1165/2352
f 2421/1155/2343 2420/1154/2342 2431/1165/2352
f 2421/1155/2343 2431/1165/2352 2432/1166/2353
f 2415/1150/2337 2422/1156/2344 2433/1167/2354
f 2415/1150/2337 2433/1167/2354 2426/1161/2347
f 2424/1157/2346 2423/1158/2345 2434/1169/2355
f 2424/1157/2346 2434/1169/2355 2435/1168/2356
f 2423/1158/2345 2417/1151/2339 2428/1162/2349
f 2423/1158/2345 2428/1162/2349 2434/1169/2355
f 2425/1159/2343 2436/1170/2353 2433/1167/2354
f 2425/1159/2343 2433/1167/2354 2422/1156/2344
f 2432/1166/2353 2431/1165/2352 2437/1172/2357
f 2432/1166/2353 2437/1172/2357 2438/1171/2358
f 2426/1161/2347 2433/1167/2354 2439/1174/2359
f 2426/1161/2347 2439/1174/2359 2440/1173/2360
f 2437/1172/2357 2431/1165/2352 2441/1176/2361
f 2437/1172/2357 2441/1176/2361 2442/1175/2362
f 2426/1161/2347 2440/1173/2360 2443/1178/2363
f 2426/1161/2347 2443/1178/2363 2444/1177/2364
f 2442/1175/2362 2441/1176/2361 2445/1180/2365
f 2442/1175/2362 2445/1180/2365 2446/1179/2366
f 2444/1177/2364 2443/1178/2363 2447/1182/2367
f 2444/1177/2364 2447/1182/2367 2448/1181/2368
f 2446/1179/2366 2445/1180/2365 2449/1184/2369
f 2446/1179/2366 2449/1184/2369 2450/1183/2370
f 2448/1181/2368 2447/1182/2367 2451/1186/2371
f 2448/1181/2368 2451/1186/2371 2452/1185/2372
f 2450/1183/2370 2449/1184/2369 2453/1188/2373
f 2450/1183/2370 2453/1188/2373 2454/1187/2374
f 2452/1185/2372 2451/1186/2371 2455/1190/2375
f 2452/1185/2372 2455/1190/2375 2456/1189/2376
f 2454/1187/2374 2453/1188/2373 2457/1192/2377
f 2454/1187/2374 2457/1192/2377 2458/1191/2378
f 2456/1189/2376 2455/1190/2375 2459/1194/2379
f 2456/1189/2376 2459/1194/2379 2460/1193/2380
f 2458/1191/2378 2457/1192/2377 2461/1196/2381
f 2458/1191/2378 2461/1196/2381 2462/1195/2382
f 2460/1193/2380 2459/1194/2379 2463/1198/2383
f 2460/1193/2380 2463/1198/2383 2464/1197/2384
f 2462/1195/2382 2461/1196/2381 2465/1200/2385
f 2462/1195/2382 2465/1200/2385 2466/1199/2386
f 2464/1197/2384 2463/1198/2383 2467/1202/2387
f 2464/1197/2384 2467/1202/2387 2468/1201/2388
f 2466/1199/2386 2465/1200/2385 2469/1204/2389
f 2466/1199/2386 2469/1204/2389 2470/1203/2390
f 2468/1201/2388 2467/1202/2387 2471/1206/2391
f 2468/1201/2388 2471/1206/2391 2472/1205/2392
f 2388/1120/2316 2387/1121/2315 2473/1208/2393
f 2388/1120/2316 2473/1208/2393 2474/1207/2394
f 2387/1121/2315 2391/1125/2318 2475/1209/2395
f 2387/1121/2315 2475/1209/2395 2473/1208/2393
f 2473/1208/2393 2475/1209/2395 2476/1210/2396
f 2474/1207/2394 2473/1208/2393 2476/1210/2396
f 2474/1207/2394 2476/1210/2396 2477/1211/2397
f 2478/1212/2398 2409/1143/2334 2412/1144/2336
f 2478/1212/2398 2412/1144/2336 2479/1213/2399
f 2391/1125/2318 2478/1212/2398 2479/1213/2399
f 2391/1125/2318 2479/1213/2399 2475/1209/2395
f 2477/1211/2397 2476/1210/2396 2472/1205/2392
f 2477/1211/2397 2472/1205/2392 2471/1206/2391
f 2480/1214/2400 2481/1215/2401 2378/1112/2309
f 2480/1214/2400 2378/1112/2309 2376/1108/2308
f 2470/1203/2390 2469/1204/2389 2481/1215/2401
f 2470/1203/2390 2481/1215/2401 2480/1214/2400
f 2477/1211/2397 2471/1206/2391 2482/1217/2402
f 2477/1211/2397 2482/1217/2402 2483/1216/2403
f 2484/1218/2386 2482/1217/2402 2471/1206/2391
f 2484/1218/2386 2471/1206/2391 2467/1202/2387
f 2467/1202/2387 2463/1198/2383 2485/1219/2404
f 2467/1202/2387 2485/1219/2404 2484/1218/2386
f 2486/1220/2405 2485/1219/2404 2463/1198/2383
f 2486/1220/2405 2463/1198/2383 2459/1194/2379
f 2454/1187/2374 2486/1220/2405 2459/1194/2379
f 2454/1187/2374 2459/1194/2379 2455/1190/2375
f 2450/1183/2370 2454/1187/2374 2455/1190/2375
f 2450/1183/2370 2455/1190/2375 2451/1186/2371
f 2446/1179/2366 2450/1183/2370 2451/1186/2371
f 2446/1179/2366 2451/1186/2371 2447/1182/2367
f 2442/1175/2362 2446/1179/2366 2447/1182/2367
f 2442/1175/2362 2447/1182/2367 2443/1178/2363
f 2437/1172/2357 2442/1175/2362 2443/1178/2363
f 2437/1172/2357 2443/1178/2363 2440/1173/2360
f 2436/1170/2353 2438/1171/2358 2439/1174/2359
f 2436/1170/2353 2439/1174/2359 2433/1167/2354
f 2438/1171/2358 2437/1172/2357 2440/1173/2360
f 2438/1171/2358 2440/1173/2360 2439/1174/2359
f 2476/1210/2396 2475/1209/2395 2479/1213/2399
f 2476/1210/2396 2479/1213/2399 2487/1221/2406
f 2487/1221/2406 2479/1213/2399 2412/1144/2336
f 2487/1221/2406 2412/1144/2336 2424/1157/2346
f 2488/1222/2407 2487/1221/2406 2424/1157/2346
f 2488/1222/2407 2424/1157/2346 2435/1168/2356
f 2472/1205/2392 2476/1210/2396 2487/1221/2406
f 2472/1205/2392 2487/1221/2406 2488/1222/2407
f 2427/1160/2348 2426/1161/2347 2444/1177/2364
f 2489/1223/2408 2490/1224/2409 2464/1197/2384
f 2489/1223/2408 2464/1197/2384 2468/1201/2388
f 2491/1225/2410 2492/1226/2411 2490/1224/2409
f 2491/1225/2410 2490/1224/2409 2489/1223/2408
f 2492/1226/2411 2491/1225/2410 2493/1228/2412
f 2492/1226/2411 2493/1228/2412 2494/1227/2413
f 2472/1205/2392 2488/1222/2407 2489/1223/2408
f 2472/1205/2392 2489/1223/2408 2468/1201/2388
f 2488/1222/2407 2435/1168/2356 2491/1225/2410
f 2488/1222/2407 2491/1225/2410 2489/1223/2408
f 2435/1168/2356 2434/1169/2355 2493/1228/2412
f 2435/1168/2356 2493/1228/2412 2491/1225/2410
f 2464/1197/2384 2490/1224/2409 2456/1189/2376
f 2464/1197/2384 2456/1189/2376 2460/1193/2380
f 2490/1224/2409 2492/1226/2411 2452/1185/2372
f 2490/1224/2409 2452/1185/2372 2456/1189/2376
f 2494/1227/2413 2493/1228/2412 2495/1229/2414
f 2494/1227/2413 2495/1229/2414 2448/1181/2368
f 2452/1185/2372 2492/1226/2411 2494/1227/2413
f 2452/1185/2372 2494/1227/2413 2448/1181/2368
f 2428/1162/2349 2495/1229/2414 2493/1228/2412
f 2428/1162/2349 2493/1228/2412 2434/1169/2355
f 2427/1160/2348 2444/1177/2364 2495/1229/2414
f 2427/1160/2348 2495/1229/2414 2428/1162/2349
f 2448/1181/2368 2495/1229/2414 2444/1177/2364
f 2377/1111/1482 2378/1112/2309 2400/1134/2325
f 2377/1111/1482 2400/1134/2325 2399/1135/2324
f 2431/1165/2352 2430/1163/2351 2441/1176/2361
f 2445/1180/2365 2441/1176/2361 2430/1163/2351
f 2449/1184/2369 2445/1180/2365 2496/1230/2415
f 2429/1164/2350 2418/1153/2340 2481/1215/2401
f 2429/1164/2350 2481/1215/2401 2469/1204/2389
f 2418/1153/2340 2400/1134/2325 2378/1112/2309
f 2418/1153/2340 2378/1112/2309 2481/1215/2401
f 2449/1184/2369 2496/1230/2415 2465/1200/2385
f 2449/1184/2369 2465/1200/2385 2461/1196/2381
f 2449/1184/2369 2461/1196/2381 2457/1192/2377
f 2449/1184/2369 2457/1192/2377 2453/1188/2373
f 2496/1230/2415 2445/1180/2365 2430/1163/2351
f 2496/1230/2415 2430/1163/2351 2429/1164/2350
f 2465/1200/2385 2496/1230/2415 2429/1164/2350
f 2465/1200/2385 2429/1164/2350 2469/1204/2389
f 2381/1115/2311 2384/1117/2313 2474/1207/2394
f 2381/1115/2311 2474/1207/2394 2477/1211/2397
f 2388/1120/2316 2474/1207/2394 2384/1117/2313
f 2480/1214/2400 2376/1108/2308 2375/1109/2307
f 2480/1214/2400 2375/1109/2307 2390/1123/2312
f 2381/1115/2311 2477/1211/2397 2483/1216/2403
f 2381/1115/2311 2483/1216/2403 2382/1114/2312
f 1506/124/1467 1510/125/1471 2237/895/2170
f 1506/124/1467 2237/895/2170 2238/896/2171
f 1506/124/1467 2238/896/2171 1504/119/1465
f 1506/124/1467 1504/119/1465 1503/120/1464
f 1507/123/1468 1506/124/1467 1503/120/1464
f 1507/123/1468 1503/120/1464 1505/121/1466
f 2497/1231/2416 2498/1233/2417 2499/1232/2418
f 2497/1231/2416 2499/1232/2418 2500/1234/2419
f 2500/1234/2419 2499/1232/2418 2501/1235/2420
f 2501/1235/2420 2499/1232/2418 2502/1236/2421
f 2502/1236/2421 2499/1232/2418 2503/1237/2422
f 2504/1238/2423 2499/1232/2418 2505/1239/2424
f 2505/1239/2424 2499/1232/2418 2506/1240/2425
f 2506/1240/2425 2499/1232/2418 2507/1241/2426
f 2507/1241/2426 2499/1232/2418 2508/1242/2427
f 2508/1242/2427 2499/1232/2418 2509/1243/2428
f 2509/1243/2428 2499/1232/2418 2510/1244/2429
f 2499/1232/2418 2498/1233/2417 2510/1244/2429
f 2511/1245/2430 2512/1246/2431 2510/1244/2429
f 2511/1245/2430 2510/1244/2429 2498/1233/2417
f 2511/1245/2430 2498/1233/2417 2497/1231/2416
f 2511/1245/2430 2497/1231/2416 2513/1247/2432
f 2513/1247/2432 2497/1231/2416 2500/1234/2419
f 2513/1247/2432 2500/1234/2419 2514/1248/2433
f 2514/1248/2433 2500/1234/2419 2501/1235/2420
f 2514/1248/2433 2501/1235/2420 2515/1249/2434
f 2515/1249/2434 2501/1235/2420 2502/1236/2421
f 2515/1249/2434 2502/1236/2421 2516/1250/2435
f 2516/1250/2435 2502/1236/2421 2503/1237/2422
f 2516/1250/2435 2503/1237/2422 2517/1251/2436
f 2518/1252/2437 2504/1238/2423 2505/1239/2424
f 2518/1252/2437 2505/1239/2424 2519/1253/2438
f 2519/1253/2438 2505/1239/2424 2506/1240/2425
f 2519/1253/2438 2506/1240/2425 2520/1254/2439
f 2520/1254/2439 2506/1240/2425 2507/1241/2426
f 2520/1254/2439 2507/1241/2426 2521/1255/2440
f 2521/1255/2440 2507/1241/2426 2508/1242/2427
f 2521/1255/2440 2508/1242/2427 2522/1256/2441
f 2522/1256/2441 2508/1242/2427 2509/1243/2428
f 2522/1256/2441 2509/1243/2428 2523/1257/2442
f 2510/1244/2429 2512/1246/2431 2523/1257/2442
f 2510/1244/2429 2523/1257/2442 2509/1243/2428
f 2524/1258/2443 2525/1259/2444 2523/1257/2442
f 2524/1258/2443 2523/1257/2442 2512/1246/2431
f 2524/1258/2443 2512/1246/2431 2511/1245/2430
f 2524/1258/2443 2511/1245/2430 2526/1260/2445
f 2526/1260/2445 2511/1245/2430 2513/1247/2432
f 2526/1260/2445 2513/1247/2432 2527/1261/2446
f 2527/1261/2446 2513/1247/2432 2514/1248/2433
f 2527/1261/2446 2514/1248/2433 2528/1262/2447
f 2528/1262/2447 2514/1248/2433 2515/1249/2434
f 2528/1262/2447 2515/1249/2434 2529/1263/2448
f 2529/1263/2448 2515/1249/2434 2516/1250/2435
f 2529/1263/2448 2516/1250/2435 2530/1264/2449
f 2530/1264/2449 2516/1250/2435 2517/1251/2436
f 2530/1264/2449 2517/1251/2436 2531/1265/2450
f 2532/1266/2451 2518/1252/2437 2519/1253/2438
f 2532/1266/2451 2519/1253/2438 2533/1267/2452
f 2533/1267/2452 2519/1253/2438 2520/1254/2439
f 2533/1267/2452 2520/1254/2439 2534/1268/2453
f 2534/1268/2453 2520/1254/2439 2521/1255/2440
f 2534/1268/2453 2521/1255/2440 2535/1269/2454
f 2535/1269/2454 2521/1255/2440 2522/1256/2441
f 2535/1269/2454 2522/1256/2441 2536/1270/2455
f 2523/1257/2442 2525/1259/2444 2536/1270/2455
f 2523/1257/2442 2536/1270/2455 2522/1256/2441
f 2537/1271/2456 2538/1272/2457 2536/1270/2455
f 2537/1271/2456 2536/1270/2455 2525/1259/2444
f 2537/1271/2456 2525/1259/2444 2524/1258/2443
f 2537/1271/2456 2524/1258/2443 2539/1273/2458
f 2539/1273/2458 2524/1258/2443 2526/1260/2445
f 2539/1273/2458 2526/1260/2445 2540/1274/2459
f 2540/1274/2459 2526/1260/2445 2527/1261/2446
f 2540/1274/2459 2527/1261/2446 2541/1275/2460
f 2541/1275/2460 2527/1261/2446 2528/1262/2447
f 2541/1275/2460 2528/1262/2447 2542/1276/2461
f 2542/1276/2461 2528/1262/2447 2529/1263/2448
f 2542/1276/2461 2529/1263/2448 2543/1277/2462
f 2543/1277/2462 2529/1263/2448 2530/1264/2449
f 2543/1277/2462 2530/1264/2449 2544/1278/2463
f 2544/1278/2463 2530/1264/2449 2531/1265/2450
f 2544/1278/2463 2531/1265/2450 2545/1279/2464
f 2546/1280/2464 2532/1266/2451 2533/1267/2452
f 2546/1280/2464 2533/1267/2452 2547/1281/2465
f 2547/1281/2465 2533/1267/2452 2534/1268/2453
f 2547/1281/2465 2534/1268/2453 2548/1282/2466
f 2548/1282/2466 2534/1268/2453 2535/1269/2454
f 2548/1282/2466 2535/1269/2454 2549/1283/2467
f 2536/1270/2455 2538/1272/2457 2549/1283/2467
f 2536/1270/2455 2549/1283/2467 2535/1269/2454
f 2550/1284/2468 2551/1285/2469 2549/1283/2467
f 2550/1284/2468 2549/1283/2467 2538/1272/2457
f 2550/1284/2468 2538/1272/2457 2537/1271/2456
f 2550/1284/2468 2537/1271/2456 2552/1286/2470
f 2552/1286/2470 2537/1271/2456 2539/1273/2458
f 2552/1286/2470 2539/1273/2458 2553/1287/2471
f 2553/1287/2471 2539/1273/2458 2540/1274/2459
f 2553/1287/2471 2540/1274/2459 2554/1288/2472
f 2554/1288/2472 2540/1274/2459 2541/1275/2460
f 2554/1288/2472 2541/1275/2460 2555/1289/2473
f 2555/1289/2473 2541/1275/2460 2542/1276/2461
f 2555/1289/2473 2542/1276/2461 2556/1290/2474
f 2556/1290/2474 2542/1276/2461 2543/1277/2462
f 2556/1290/2474 2543/1277/2462 2557/1291/2475
f 2557/1291/2475 2543/1277/2462 2544/1278/2463
f 2557/1291/2475 2544/1278/2463 2558/1292/2476
f 2558/1292/2476 2544/1278/2463 2545/1279/2464
f 2558/1292/2476 2545/1279/2464 2559/1293/2477
f 2560/1294/2478 2546/1280/2464 2547/1281/2465
f 2560/1294/2478 2547/1281/2465 2561/1295/2479
f 2561/1295/2479 2547/1281/2465 2548/1282/2466
f 2561/1295/2479 2548/1282/2466 2562/1296/2480
f 2549/1283/2467 2551/1285/2469 2562/1296/2480
f 2549/1283/2467 2562/1296/2480 2548/1282/2466
f 2563/1297/2481 2564/1298/2482 2562/1296/2480
f 2563/1297/2481 2562/1296/2480 2551/1285/2469
f 2563/1297/2481 2551/1285/2469 2550/1284/2468
f 2563/1297/2481 2550/1284/2468 2565/1299/2483
f 2565/1299/2483 2550/1284/2468 2552/1286/2470
f 2565/1299/2483 2552/1286/2470 2566/1300/2484
f 2566/1300/2484 2552/1286/2470 2553/1287/2471
f 2566/1300/2484 2553/1287/2471 2567/1301/2485
f 2567/1301/2485 2553/1287/2471 2554/1288/2472
f 2567/1301/2485 2554/1288/2472 2568/1302/2486
f 2568/1302/2486 2554/1288/2472 2555/1289/2473
f 2568/1302/2486 2555/1289/2473 2569/1303/2487
f 2569/1303/2487 2555/1289/2473 2556/1290/2474
f 2569/1303/2487 2556/1290/2474 2570/1304/2488
f 2570/1304/2488 2556/1290/2474 2557/1291/2475
f 2570/1304/2488 2557/1291/2475 2571/1305/2489
f 2571/1305/2489 2557/1291/2475 2558/1292/2476
f 2571/1305/2489 2558/1292/2476 2572/1306/2490
f 2572/1306/2490 2558/1292/2476 2559/1293/2477
f 2572/1306/2490 2559/1293/2477 2573/1307/2491
f 2574/1308/2492 2560/1294/2478 2561/1295/2479
f 2574/1308/2492 2561/1295/2479 2575/1309/2493
f 2562/1296/2480 2564/1298/2482 2575/1309/2493
f 2562/1296/2480 2575/1309/2493 2561/1295/2479
f 2576/1310/2494 2577/1311/2495 2575/1309/2493
f 2576/1310/2494 2575/1309/2493 2564/1298/2482
f 2576/1310/2494 2564/1298/2482 2563/1297/2481
f 2576/1310/2494 2563/1297/2481 2578/1312/2496
f 2578/1312/2496 2563/1297/2481 2565/1299/2483
f 2578/1312/2496 2565/1299/2483 2579/1313/2497
f 2579/1313/2497 2565/1299/2483 2566/1300/2484
f 2579/1313/2497 2566/1300/2484 2580/1314/2498
f 2580/1314/2498 2566/1300/2484 2567/1301/2485
f 2580/1314/2498 2567/1301/2485 2581/1315/2499
f 2581/1315/2499 2567/1301/2485 2568/1302/2486
f 2581/1315/2499 2568/1302/2486 2582/1316/2500
f 2582/1316/2500 2568/1302/2486 2569/1303/2487
f 2582/1316/2500 2569/1303/2487 2583/1317/2501
f 2583/1317/2501 2569/1303/2487 2570/1304/2488
f 2583/1317/2501 2570/1304/2488 2584/1318/2502
f 2584/1318/2502 2570/1304/2488 2571/1305/2489
f 2584/1318/2502 2571/1305/2489 2585/1319/2503
f 2585/1319/2503 2571/1305/2489 2572/1306/2490
f 2585/1319/2503 2572/1306/2490 2586/1320/2504
f 2586/1320/2504 2572/1306/2490 2573/1307/2491
f 2586/1320/2504 2573/1307/2491 2587/1321/2505
f 2575/1309/2493 2577/1311/2495 2588/1322/2506
f 2575/1309/2493 2588/1322/2506 2574/1308/2492
f 2589/1323/2507 2590/1324/2508 2588/1322/2506
f 2589/1323/2507 2588/1322/2506 2577/1311/2495
f 2589/1323/2507 2577/1311/2495 2576/1310/2494
f 2589/1323/2507 2576/1310/2494 2591/1325/2509
f 2591/1325/2509 2576/1310/2494 2578/1312/2496
f 2591/1325/2509 2578/1312/2496 2592/1326/2510
f 2592/1326/2510 2578/1312/2496 2579/1313/2497
f 2592/1326/2510 2579/1313/2497 2593/1327/2511
f 2593/1327/2511 2579/1313/2497 2580/1314/2498
f 2593/1327/2511 2580/1314/2498 2594/1328/2512
f 2594/1328/2512 2580/1314/2498 2581/1315/2499
f 2594/1328/2512 2581/1315/2499 2595/1329/2513
f 2595/1329/2513 2581/1315/2499 2582/1316/2500
f 2595/1329/2513 2582/1316/2500 2596/1330/2514
f 2596/1330/2514 2582/1316/2500 2583/1317/2501
f 2596/1330/2514 2583/1317/2501 2597/1331/2515
f 2597/1331/2515 2583/1317/2501 2584/1318/2502
f 2597/1331/2515 2584/1318/2502 2598/1332/2516
f 2598/1332/2516 2584/1318/2502 2585/1319/2503
f 2598/1332/2516 2585/1319/2503 2599/1333/2517
f 2599/1333/2517 2585/1319/2503 2586/1320/2504
f 2599/1333/2517 2586/1320/2504 2600/1334/2518
f 2587/1321/2505 2601/1335/2519 2600/1334/2518
f 2587/1321/2505 2600/1334/2518 2586/1320/2504
f 2602/1336/2520 2603/1337/2521 2600/1334/2518
f 2602/1336/2520 2600/1334/2518 2601/1335/2519
f 2604/1338/2522 2590/1324/2508 2589/1323/2507
f 2604/1338/2522 2589/1323/2507 2605/1339/2523
f 2605/1339/2523 2589/1323/2507 2591/1325/2509
f 2605/1339/2523 2591/1325/2509 2606/1340/2524
f 2606/1340/2524 2591/1325/2509 2592/1326/2510
f 2606/1340/2524 2592/1326/2510 2607/1341/2525
f 2607/1341/2525 2592/1326/2510 2593/1327/2511
f 2607/1341/2525 2593/1327/2511 2608/1342/2526
f 2608/1342/2526 2593/1327/2511 2594/1328/2512
f 2608/1342/2526 2594/1328/2512 2609/1343/2527
f 2609/1343/2527 2594/1328/2512 2595/1329/2513
f 2609/1343/2527 2595/1329/2513 2610/1344/2528
f 2610/1344/2528 2595/1329/2513 2596/1330/2514
f 2610/1344/2528 2596/1330/2514 2611/1345/2529
f 2611/1345/2529 2596/1330/2514 2597/1331/2515
f 2611/1345/2529 2597/1331/2515 2612/1346/2530
f 2612/1346/2530 2597/1331/2515 2598/1332/2516
f 2612/1346/2530 2598/1332/2516 2613/1347/2531
f 2613/1347/2531 2598/1332/2516 2599/1333/2517
f 2613/1347/2531 2599/1333/2517 2614/1348/2532
f 2600/1334/2518 2603/1337/2521 2614/1348/2532
f 2600/1334/2518 2614/1348/2532 2599/1333/2517
f 2615/1349/2533 2616/1350/2534 2614/1348/2532
f 2615/1349/2533 2614/1348/2532 2603/1337/2521
f 2615/1349/2533 2603/1337/2521 2602/1336/2520
f 2615/1349/2533 2602/1336/2520 2617/1351/2535
f 2618/1352/2536 2604/1338/2522 2605/1339/2523
f 2618/1352/2536 2605/1339/2523 2619/1353/2537
f 2619/1353/2537 2605/1339/2523 2606/1340/2524
f 2619/1353/2537 2606/1340/2524 2620/1354/2538
f 2620/1354/2538 2606/1340/2524 2607/1341/2525
f 2620/1354/2538 2607/1341/2525 2621/1355/2539
f 2621/1355/2539 2607/1341/2525 2608/1342/2526
f 2621/1355/2539 2608/1342/2526 2622/1356/2540
f 2622/1356/2540 2608/1342/2526 2609/1343/2527
f 2622/1356/2540 2609/1343/2527 2623/1357/2541
f 2623/1357/2541 2609/1343/2527 2610/1344/2528
f 2623/1357/2541 2610/1344/2528 2624/1358/2542
f 2624/1358/2542 2610/1344/2528 2611/1345/2529
f 2624/1358/2542 2611/1345/2529 2625/1359/2543
f 2625/1359/2543 2611/1345/2529 2612/1346/2530
f 2625/1359/2543 2612/1346/2530 2626/1360/2544
f 2626/1360/2544 2612/1346/2530 2613/1347/2531
f 2626/1360/2544 2613/1347/2531 2627/1361/2545
f 2614/1348/2532 2616/1350/2534 2627/1361/2545
f 2614/1348/2532 2627/1361/2545 2613/1347/2531
f 2628/1362/2546 2629/1363/2547 2627/1361/2545
f 2628/1362/2546 2627/1361/2545 2616/1350/2534
f 2628/1362/2546 2616/1350/2534 2615/1349/2533
f 2628/1362/2546 2615/1349/2533 2630/1364/2548
f 2630/1364/2548 2615/1349/2533 2617/1351/2535
f 2630/1364/2548 2617/1351/2535 2631/1365/2549
f 2632/1366/2550 2618/1352/2536 2619/1353/2537
f 2632/1366/2550 2619/1353/2537 2633/1367/2551
f 2633/1367/2551 2619/1353/2537 2620/1354/2538
f 2633/1367/2551 2620/1354/2538 2634/1368/2552
f 2634/1368/2552 2620/1354/2538 2621/1355/2539
f 2634/1368/2552 2621/1355/2539 2635/1369/2553
f 2635/1369/2553 2621/1355/2539 2622/1356/2540
f 2635/1369/2553 2622/1356/2540 2636/1370/2554
f 2636/1370/2554 2622/1356/2540 2623/1357/2541
f 2636/1370/2554 2623/1357/2541 2637/1371/2555
f 2637/1371/2555 2623/1357/2541 2624/1358/2542
f 2637/1371/2555 2624/1358/2542 2638/1372/2556
f 2638/1372/2556 2624/1358/2542 2625/1359/2543
f 2638/1372/2556 2625/1359/2543 2639/1373/2557
f 2639/1373/2557 2625/1359/2543 2626/1360/2544
f 2639/1373/2557 2626/1360/2544 2640/1374/2558
f 2627/1361/2545 2629/1363/2547 2640/1374/2558
f 2627/1361/2545 2640/1374/2558 2626/1360/2544
f 2641/1375/2559 2642/1376/2560 2640/1374/2558
f 2641/1375/2559 2640/1374/2558 2629/1363/2547
f 2641/1375/2559 2629/1363/2547 2628/1362/2546
f 2641/1375/2559 2628/1362/2546 2643/1377/2561
f 2643/1377/2561 2628/1362/2546 2630/1364/2548
f 2643/1377/2561 2630/1364/2548 2644/1378/2562
f 2644/1378/2562 2630/1364/2548 2631/1365/2549
f 2644/1378/2562 2631/1365/2549 2645/1379/2563
f 2646/1380/2564 2632/1366/2550 2633/1367/2551
f 2646/1380/2564 2633/1367/2551 2647/1381/2565
f 2647/1381/2565 2633/1367/2551 2634/1368/2552
f 2647/1381/2565 2634/1368/2552 2648/1382/2566
f 2648/1382/2566 2634/1368/2552 2635/1369/2553
f 2648/1382/2566 2635/1369/2553 2649/1383/2567
f 2649/1383/2567 2635/1369/2553 2636/1370/2554
f 2649/1383/2567 2636/1370/2554 2650/1384/2568
f 2650/1384/2568 2636/1370/2554 2637/1371/2555
f 2650/1384/2568 2637/1371/2555 2651/1385/2569
f 2651/1385/2569 2637/1371/2555 2638/1372/2556
f 2651/1385/2569 2638/1372/2556 2652/1386/2570
f 2652/1386/2570 2638/1372/2556 2639/1373/2557
f 2652/1386/2570 2639/1373/2557 2653/1387/2571
f 2640/1374/2558 2642/1376/2560 2653/1387/2571
f 2640/1374/2558 2653/1387/2571 2639/1373/2557
